Year,Month,Day,Region,Industrial_Index,CO2,Deforestation,AQI
2014,1,1,Punjab,84.5,322.0,1.28,214.0
2014,1,1,Sindh,122.5,420.9,2.07,110.0
2014,1,2,Punjab,99.8,363.5,1.36,228.0
2014,1,2,Sindh,119.3,416.3,2.07,111.0
2014,1,3,Punjab,96.2,339.0,1.32,203.0
2014,1,3,Sindh,123.3,464.0,2.1,115.0
2014,1,4,Punjab,101.3,402.4,1.29,230.0
2014,1,4,Sindh,127.7,425.5,2.15,121.0
2014,1,5,Punjab,100.4,393.7,1.31,232.0
2014,1,5,Sindh,118.9,388.3,2.1,103.0
2014,1,6,Punjab,91.8,369.9,1.3,221.0
2014,1,6,Sindh,118.9,427.9,2.1,114.0
2014,1,7,Punjab,94.6,340.1,1.38,232.0
2014,1,7,Sindh,128.0,437.8,2.07,112.0
2014,1,8,Punjab,91.1,382.9,1.31,234.0
2014,1,8,Sindh,123.9,429.0,2.12,107.0
2014,1,9,Punjab,93.5,320.5,1.3,204.0
2014,1,9,Sindh,117.8,400.5,2.12,104.0
2014,1,10,Punjab,87.5,346.7,1.29,216.0
2014,1,10,Sindh,122.9,426.1,2.12,114.0
2014,1,11,Punjab,98.4,335.7,1.35,213.0
2014,1,11,Sindh,117.8,436.4,2.09,119.0
2014,1,12,Punjab,103.9,379.0,1.34,230.0
2014,1,12,Sindh,117.9,424.5,2.09,113.0
2014,1,13,Punjab,88.8,368.6,1.29,218.0
2014,1,13,Sindh,121.4,437.9,2.08,117.0
2014,1,14,Punjab,105.6,417.9,1.25,237.0
2014,1,14,Sindh,110.7,366.0,2.1,96.0
2014,1,15,Punjab,96.3,355.0,1.26,231.0
2014,1,15,Sindh,111.6,373.4,2.08,102.0
2014,1,16,Punjab,97.3,359.5,1.3,227.0
2014,1,16,Sindh,117.4,368.5,2.08,106.0
2014,1,17,Punjab,81.9,313.0,1.37,208.0
2014,1,17,Sindh,115.2,391.1,2.09,108.0
2014,1,18,Punjab,81.0,318.2,1.29,210.0
2014,1,18,Sindh,121.9,440.9,2.09,121.0
2014,1,19,Punjab,96.7,392.3,1.28,235.0
2014,1,19,Sindh,115.8,413.0,2.09,112.0
2014,1,20,Punjab,101.9,377.9,1.22,227.0
2014,1,20,Sindh,113.3,393.1,2.11,98.0
2014,1,21,Punjab,90.2,310.5,1.38,213.0
2014,1,21,Sindh,127.7,446.5,2.1,114.0
2014,1,22,Punjab,109.0,417.2,1.34,249.0
2014,1,22,Sindh,119.2,407.0,2.1,111.0
2014,1,23,Punjab,101.5,376.6,1.35,215.0
2014,1,23,Sindh,120.7,425.6,2.11,114.0
2014,1,24,Punjab,88.4,309.9,1.36,205.0
2014,1,24,Sindh,113.3,408.0,2.08,111.0
2014,1,25,Punjab,95.9,370.5,1.3,212.0
2014,1,25,Sindh,117.7,387.7,2.11,113.0
2014,1,26,Punjab,115.5,434.8,1.31,256.0
2014,1,26,Sindh,121.0,428.0,2.11,118.0
2014,1,27,Punjab,85.8,332.3,1.38,222.0
2014,1,27,Sindh,114.7,415.5,2.07,118.0
2014,1,28,Punjab,100.0,362.2,1.32,217.0
2014,1,28,Sindh,122.4,422.1,2.12,114.0
2014,1,29,Punjab,93.2,364.1,1.34,223.0
2014,1,29,Sindh,117.5,421.8,2.09,109.0
2014,1,30,Punjab,101.5,359.4,1.35,201.0
2014,1,30,Sindh,119.1,459.0,2.11,123.0
2014,1,31,Punjab,106.0,386.4,1.34,240.0
2014,1,31,Sindh,117.5,409.8,2.13,107.0
2014,2,1,Punjab,92.8,347.9,1.3,223.0
2014,2,1,Sindh,129.8,460.3,2.12,132.0
2014,2,2,Punjab,104.9,433.5,1.31,257.0
2014,2,2,Sindh,120.5,410.8,2.11,115.0
2014,2,3,Punjab,113.8,448.0,1.35,266.0
2014,2,3,Sindh,115.3,406.3,2.1,113.0
2014,2,4,Punjab,96.6,388.5,1.35,217.0
2014,2,4,Sindh,124.7,443.5,2.12,126.0
2014,2,5,Punjab,102.3,417.2,1.37,248.0
2014,2,5,Sindh,114.5,403.8,2.12,100.0
2014,2,6,Punjab,91.4,419.3,1.34,254.0
2014,2,6,Sindh,121.7,410.7,2.09,115.0
2014,2,7,Punjab,96.3,366.7,1.34,205.0
2014,2,7,Sindh,110.9,391.2,2.09,100.0
2014,2,8,Punjab,94.7,388.4,1.29,224.0
2014,2,8,Sindh,114.1,421.2,2.06,114.0
2014,2,9,Punjab,102.6,410.0,1.28,229.0
2014,2,9,Sindh,121.7,432.7,2.11,116.0
2014,2,10,Punjab,105.9,422.2,1.35,246.0
2014,2,10,Sindh,124.4,450.0,2.1,126.0
2014,2,11,Punjab,95.4,397.9,1.29,204.0
2014,2,11,Sindh,121.6,422.2,2.13,117.0
2014,2,12,Punjab,108.6,404.1,1.31,247.0
2014,2,12,Sindh,120.2,432.0,2.11,125.0
2014,2,13,Punjab,108.6,402.6,1.38,228.0
2014,2,13,Sindh,119.3,421.8,2.13,113.0
2014,2,14,Punjab,103.1,398.3,1.38,236.0
2014,2,14,Sindh,113.4,382.8,2.09,110.0
2014,2,15,Punjab,92.3,347.0,1.33,207.0
2014,2,15,Sindh,117.3,415.2,2.13,116.0
2014,2,16,Punjab,91.5,354.2,1.3,214.0
2014,2,16,Sindh,118.6,400.1,2.1,103.0
2014,2,17,Punjab,90.0,373.1,1.31,191.0
2014,2,17,Sindh,126.2,432.2,2.12,115.0
2014,2,18,Punjab,104.1,386.0,1.36,215.0
2014,2,18,Sindh,122.6,432.1,2.08,118.0
2014,2,19,Punjab,86.8,323.9,1.32,204.0
2014,2,19,Sindh,112.1,396.9,2.11,116.0
2014,2,20,Punjab,102.0,391.0,1.29,221.0
2014,2,20,Sindh,122.6,411.2,2.07,117.0
2014,2,21,Punjab,88.0,329.6,1.38,181.0
2014,2,21,Sindh,119.1,432.5,2.1,114.0
2014,2,22,Punjab,103.2,354.0,1.33,204.0
2014,2,22,Sindh,117.6,420.3,2.12,117.0
2014,2,23,Punjab,96.8,356.3,1.29,195.0
2014,2,23,Sindh,124.1,423.7,2.1,128.0
2014,2,24,Punjab,107.4,421.8,1.34,217.0
2014,2,24,Sindh,126.2,418.6,2.09,118.0
2014,2,25,Punjab,105.9,431.1,1.37,213.0
2014,2,25,Sindh,125.7,437.9,2.12,121.0
2014,2,26,Punjab,108.3,388.3,1.27,217.0
2014,2,26,Sindh,116.9,402.4,2.11,116.0
2014,2,27,Punjab,108.5,389.1,1.31,222.0
2014,2,27,Sindh,119.6,420.2,2.1,122.0
2014,2,28,Punjab,98.0,373.0,1.31,226.0
2014,2,28,Sindh,122.8,424.3,2.11,117.0
2014,3,1,Punjab,87.6,291.4,1.34,161.0
2014,3,1,Sindh,126.0,411.0,2.16,120.0
2014,3,2,Punjab,88.5,327.4,1.35,195.0
2014,3,2,Sindh,118.8,409.9,2.13,115.0
2014,3,3,Punjab,80.3,270.2,1.29,173.0
2014,3,3,Sindh,120.3,416.4,2.13,122.0
2014,3,4,Punjab,88.3,363.0,1.25,190.0
2014,3,4,Sindh,115.7,414.4,2.12,119.0
2014,3,5,Punjab,97.6,355.4,1.37,185.0
2014,3,5,Sindh,115.3,392.9,2.11,115.0
2014,3,6,Punjab,92.6,384.8,1.27,191.0
2014,3,6,Sindh,125.3,463.8,2.06,127.0
2014,3,7,Punjab,95.6,385.7,1.34,197.0
2014,3,7,Sindh,128.1,419.6,2.1,116.0
2014,3,8,Punjab,101.1,371.1,1.32,197.0
2014,3,8,Sindh,120.9,443.0,2.1,131.0
2014,3,9,Punjab,94.7,338.5,1.33,197.0
2014,3,9,Sindh,126.3,438.8,2.07,125.0
2014,3,10,Punjab,88.2,331.4,1.41,192.0
2014,3,10,Sindh,123.2,444.0,2.09,128.0
2014,3,11,Punjab,96.8,365.8,1.48,176.0
2014,3,11,Sindh,118.1,414.7,2.07,118.0
2014,3,12,Punjab,90.1,349.2,1.24,174.0
2014,3,12,Sindh,123.2,448.3,2.11,133.0
2014,3,13,Punjab,95.1,346.0,1.38,195.0
2014,3,13,Sindh,129.1,446.1,2.13,125.0
2014,3,14,Punjab,108.1,425.6,1.32,200.0
2014,3,14,Sindh,121.3,407.9,2.13,118.0
2014,3,15,Punjab,95.2,367.1,1.38,186.0
2014,3,15,Sindh,129.3,473.8,2.12,140.0
2014,3,16,Punjab,111.6,417.2,1.38,186.0
2014,3,16,Sindh,108.4,377.6,2.09,117.0
2014,3,17,Punjab,108.9,399.6,1.4,207.0
2014,3,17,Sindh,125.6,443.0,2.07,125.0
2014,3,18,Punjab,92.8,349.1,1.34,157.0
2014,3,18,Sindh,122.0,445.4,2.08,139.0
2014,3,19,Punjab,88.6,320.4,1.28,147.0
2014,3,19,Sindh,120.1,404.7,2.09,121.0
2014,3,20,Punjab,97.1,370.3,1.38,192.0
2014,3,20,Sindh,122.0,436.0,2.09,122.0
2014,3,21,Punjab,106.8,407.6,1.34,212.0
2014,3,21,Sindh,111.7,381.9,2.11,116.0
2014,3,22,Punjab,93.7,361.3,1.32,172.0
2014,3,22,Sindh,120.5,419.8,2.09,122.0
2014,3,23,Punjab,104.9,434.0,1.31,198.0
2014,3,23,Sindh,123.4,433.1,2.12,130.0
2014,3,24,Punjab,107.4,405.3,1.38,198.0
2014,3,24,Sindh,129.0,429.2,2.11,126.0
2014,3,25,Punjab,91.5,367.9,1.41,178.0
2014,3,25,Sindh,119.1,405.1,2.11,121.0
2014,3,26,Punjab,92.4,355.6,1.27,163.0
2014,3,26,Sindh,117.7,432.1,2.14,124.0
2014,3,27,Punjab,103.5,388.6,1.36,174.0
2014,3,27,Sindh,119.2,430.6,2.09,133.0
2014,3,28,Punjab,99.1,374.0,1.31,156.0
2014,3,28,Sindh,126.3,441.2,2.12,125.0
2014,3,29,Punjab,92.4,349.9,1.26,163.0
2014,3,29,Sindh,123.4,435.6,2.11,124.0
2014,3,30,Punjab,95.1,367.0,1.34,166.0
2014,3,30,Sindh,119.1,412.6,2.11,126.0
2014,3,31,Punjab,97.4,350.9,1.29,155.0
2014,3,31,Sindh,124.4,455.7,2.13,143.0
2014,4,1,Punjab,85.5,295.5,1.25,128.0
2014,4,1,Sindh,122.3,425.1,2.13,126.0
2014,4,2,Punjab,104.1,408.9,1.3,168.0
2014,4,2,Sindh,126.7,446.9,2.1,137.0
2014,4,3,Punjab,94.2,376.0,1.28,170.0
2014,4,3,Sindh,118.4,431.5,2.11,135.0
2014,4,4,Punjab,75.8,303.1,1.3,146.0
2014,4,4,Sindh,120.3,409.3,2.12,129.0
2014,4,5,Punjab,97.9,375.3,1.27,157.0
2014,4,5,Sindh,120.0,443.3,2.11,132.0
2014,4,6,Punjab,92.2,365.9,1.32,152.0
2014,4,6,Sindh,114.6,378.3,2.13,112.0
2014,4,7,Punjab,111.7,438.8,1.3,172.0
2014,4,7,Sindh,123.5,456.5,2.12,126.0
2014,4,8,Punjab,93.6,371.3,1.36,166.0
2014,4,8,Sindh,123.3,426.0,2.15,129.0
2014,4,9,Punjab,89.5,322.9,1.37,138.0
2014,4,9,Sindh,122.0,423.5,2.08,135.0
2014,4,10,Punjab,102.4,367.1,1.35,156.0
2014,4,10,Sindh,120.9,394.7,2.11,117.0
2014,4,11,Punjab,93.1,345.9,1.33,146.0
2014,4,11,Sindh,115.0,395.6,2.1,126.0
2014,4,12,Punjab,92.2,349.8,1.33,140.0
2014,4,12,Sindh,120.0,404.3,2.13,121.0
2014,4,13,Punjab,102.5,384.7,1.3,141.0
2014,4,13,Sindh,120.4,412.3,2.08,128.0
2014,4,14,Punjab,90.1,305.0,1.3,114.0
2014,4,14,Sindh,118.1,411.4,2.12,131.0
2014,4,15,Punjab,86.8,364.4,1.37,156.0
2014,4,15,Sindh,121.3,439.1,2.1,131.0
2014,4,16,Punjab,112.3,421.4,1.25,154.0
2014,4,16,Sindh,124.2,437.8,2.1,135.0
2014,4,17,Punjab,103.2,395.7,1.34,148.0
2014,4,17,Sindh,131.6,465.3,2.09,140.0
2014,4,18,Punjab,96.5,391.6,1.32,138.0
2014,4,18,Sindh,123.1,414.4,2.11,133.0
2014,4,19,Punjab,98.6,327.9,1.37,114.0
2014,4,19,Sindh,123.5,419.2,2.14,132.0
2014,4,20,Punjab,102.7,380.2,1.27,134.0
2014,4,20,Sindh,121.9,453.6,2.12,140.0
2014,4,21,Punjab,106.5,397.0,1.34,164.0
2014,4,21,Sindh,112.7,383.4,2.13,130.0
2014,4,22,Punjab,92.7,345.6,1.36,135.0
2014,4,22,Sindh,122.2,452.5,2.15,144.0
2014,4,23,Punjab,101.7,383.1,1.25,133.0
2014,4,23,Sindh,122.6,425.6,2.12,130.0
2014,4,24,Punjab,94.8,389.1,1.29,150.0
2014,4,24,Sindh,134.7,471.4,2.11,145.0
2014,4,25,Punjab,97.4,383.5,1.34,135.0
2014,4,25,Sindh,121.4,441.0,2.13,137.0
2014,4,26,Punjab,100.2,399.9,1.37,155.0
2014,4,26,Sindh,123.9,452.8,2.11,141.0
2014,4,27,Punjab,98.9,376.8,1.35,154.0
2014,4,27,Sindh,122.3,426.2,2.11,147.0
2014,4,28,Punjab,104.9,370.5,1.37,139.0
2014,4,28,Sindh,116.6,402.3,2.09,130.0
2014,4,29,Punjab,102.9,349.5,1.29,120.0
2014,4,29,Sindh,128.2,447.8,2.14,130.0
2014,4,30,Punjab,87.0,300.0,1.27,107.0
2014,4,30,Sindh,126.3,447.0,2.11,138.0
2014,5,1,Punjab,88.2,342.5,1.35,115.0
2014,5,1,Sindh,126.5,456.0,2.12,133.0
2014,5,2,Punjab,96.2,366.1,1.29,102.0
2014,5,2,Sindh,118.0,413.1,2.1,131.0
2014,5,3,Punjab,113.8,428.3,1.3,135.0
2014,5,3,Sindh,129.6,462.8,2.13,135.0
2014,5,4,Punjab,92.4,343.8,1.39,103.0
2014,5,4,Sindh,115.6,429.1,2.1,132.0
2014,5,5,Punjab,97.6,411.1,1.36,127.0
2014,5,5,Sindh,125.6,445.1,2.12,133.0
2014,5,6,Punjab,95.0,344.5,1.32,127.0
2014,5,6,Sindh,133.6,472.2,2.14,150.0
2014,5,7,Punjab,94.9,379.2,1.31,131.0
2014,5,7,Sindh,117.7,389.2,2.14,128.0
2014,5,8,Punjab,100.8,383.0,1.38,125.0
2014,5,8,Sindh,119.9,380.0,2.12,127.0
2014,5,9,Punjab,110.6,419.1,1.36,140.0
2014,5,9,Sindh,123.2,437.1,2.08,139.0
2014,5,10,Punjab,103.1,415.3,1.29,109.0
2014,5,10,Sindh,120.2,419.3,2.18,129.0
2014,5,11,Punjab,93.0,382.8,1.25,122.0
2014,5,11,Sindh,115.0,394.8,2.16,133.0
2014,5,12,Punjab,121.5,457.1,1.45,152.0
2014,5,12,Sindh,123.1,434.6,2.14,150.0
2014,5,13,Punjab,100.2,396.7,1.29,95.0
2014,5,13,Sindh,117.5,410.3,2.11,136.0
2014,5,14,Punjab,95.0,368.2,1.38,116.0
2014,5,14,Sindh,125.2,455.1,2.12,143.0
2014,5,15,Punjab,110.9,421.7,1.43,112.0
2014,5,15,Sindh,118.3,415.2,2.11,128.0
2014,5,16,Punjab,95.9,368.6,1.36,86.0
2014,5,16,Sindh,130.6,446.0,2.15,139.0
2014,5,17,Punjab,113.0,415.7,1.32,134.0
2014,5,17,Sindh,119.0,431.3,2.13,142.0
2014,5,18,Punjab,92.8,346.4,1.28,84.0
2014,5,18,Sindh,121.3,421.3,2.11,143.0
2014,5,19,Punjab,111.2,411.0,1.28,109.0
2014,5,19,Sindh,127.0,452.4,2.11,147.0
2014,5,20,Punjab,101.4,403.5,1.37,123.0
2014,5,20,Sindh,116.8,401.7,2.14,137.0
2014,5,21,Punjab,110.2,416.8,1.43,115.0
2014,5,21,Sindh,124.1,424.7,2.15,143.0
2014,5,22,Punjab,115.1,411.5,1.34,112.0
2014,5,22,Sindh,129.5,454.7,2.15,149.0
2014,5,23,Punjab,90.9,330.9,1.33,82.0
2014,5,23,Sindh,115.0,402.7,2.14,131.0
2014,5,24,Punjab,110.2,354.7,1.39,96.0
2014,5,24,Sindh,124.0,441.1,2.12,144.0
2014,5,25,Punjab,88.7,327.3,1.32,80.0
2014,5,25,Sindh,124.4,431.3,2.06,136.0
2014,5,26,Punjab,91.7,349.1,1.37,89.0
2014,5,26,Sindh,127.0,417.0,2.13,138.0
2014,5,27,Punjab,93.7,353.2,1.36,83.0
2014,5,27,Sindh,116.9,402.8,2.12,136.0
2014,5,28,Punjab,104.2,435.4,1.34,119.0
2014,5,28,Sindh,116.6,419.8,2.13,147.0
2014,5,29,Punjab,100.4,393.1,1.36,104.0
2014,5,29,Sindh,125.8,435.8,2.12,136.0
2014,5,30,Punjab,98.9,386.3,1.45,117.0
2014,5,30,Sindh,124.7,432.7,2.1,144.0
2014,5,31,Punjab,101.4,352.5,1.39,81.0
2014,5,31,Sindh,124.5,450.5,2.14,154.0
2014,6,1,Punjab,105.0,391.7,1.41,96.0
2014,6,1,Sindh,125.0,426.8,2.14,145.0
2014,6,2,Punjab,105.7,391.8,1.31,98.0
2014,6,2,Sindh,119.9,396.4,2.14,138.0
2014,6,3,Punjab,109.1,398.9,1.42,108.0
2014,6,3,Sindh,124.5,433.2,2.14,146.0
2014,6,4,Punjab,115.0,420.8,1.39,94.0
2014,6,4,Sindh,124.8,429.5,2.14,149.0
2014,6,5,Punjab,100.3,344.8,1.29,80.0
2014,6,5,Sindh,119.8,404.7,2.12,131.0
2014,6,6,Punjab,96.3,340.4,1.39,80.0
2014,6,6,Sindh,132.7,461.8,2.12,144.0
2014,6,7,Punjab,105.4,418.1,1.34,98.0
2014,6,7,Sindh,125.8,447.5,2.13,147.0
2014,6,8,Punjab,91.4,344.4,1.29,84.0
2014,6,8,Sindh,117.5,411.0,2.13,127.0
2014,6,9,Punjab,95.2,351.5,1.37,80.0
2014,6,9,Sindh,126.7,448.1,2.15,154.0
2014,6,10,Punjab,108.6,412.7,1.39,99.0
2014,6,10,Sindh,118.6,442.3,2.14,152.0
2014,6,11,Punjab,99.7,402.1,1.37,88.0
2014,6,11,Sindh,127.4,440.8,2.17,144.0
2014,6,12,Punjab,91.0,346.0,1.36,80.0
2014,6,12,Sindh,129.3,456.7,2.17,148.0
2014,6,13,Punjab,88.8,348.3,1.35,82.0
2014,6,13,Sindh,119.4,410.4,2.13,138.0
2014,6,14,Punjab,101.2,367.5,1.49,80.0
2014,6,14,Sindh,128.4,436.6,2.05,144.0
2014,6,15,Punjab,110.0,405.5,1.31,93.0
2014,6,15,Sindh,125.6,431.0,2.15,144.0
2014,6,16,Punjab,109.9,424.7,1.41,101.0
2014,6,16,Sindh,127.7,439.8,2.12,148.0
2014,6,17,Punjab,101.8,424.6,1.37,88.0
2014,6,17,Sindh,133.1,471.3,2.11,153.0
2014,6,18,Punjab,117.0,473.2,1.32,114.0
2014,6,18,Sindh,122.4,463.7,2.12,157.0
2014,6,19,Punjab,100.1,392.2,1.37,80.0
2014,6,19,Sindh,119.9,408.9,2.12,140.0
2014,6,20,Punjab,99.9,382.7,1.3,85.0
2014,6,20,Sindh,119.3,411.1,2.14,136.0
2014,6,21,Punjab,80.5,334.0,1.34,80.0
2014,6,21,Sindh,119.6,417.8,2.1,147.0
2014,6,22,Punjab,97.5,386.4,1.37,80.0
2014,6,22,Sindh,123.4,437.7,2.11,139.0
2014,6,23,Punjab,107.9,364.3,1.29,80.0
2014,6,23,Sindh,125.5,443.1,2.14,147.0
2014,6,24,Punjab,113.7,410.9,1.39,100.0
2014,6,24,Sindh,125.2,457.4,2.14,156.0
2014,6,25,Punjab,94.6,366.1,1.32,80.0
2014,6,25,Sindh,128.0,411.5,2.14,136.0
2014,6,26,Punjab,104.9,363.1,1.3,80.0
2014,6,26,Sindh,123.9,397.9,2.11,137.0
2014,6,27,Punjab,109.7,398.8,1.32,88.0
2014,6,27,Sindh,131.1,451.5,2.11,152.0
2014,6,28,Punjab,101.4,371.4,1.48,80.0
2014,6,28,Sindh,122.6,445.5,2.12,143.0
2014,6,29,Punjab,83.1,310.7,1.27,80.0
2014,6,29,Sindh,137.5,457.8,2.13,150.0
2014,6,30,Punjab,103.4,387.1,1.39,88.0
2014,6,30,Sindh,127.1,399.6,2.16,136.0
2014,7,1,Punjab,107.5,402.9,1.34,80.0
2014,7,1,Sindh,119.7,427.4,2.09,140.0
2014,7,2,Punjab,93.9,373.3,1.36,80.0
2014,7,2,Sindh,118.6,418.9,2.13,152.0
2014,7,3,Punjab,99.5,372.8,1.4,80.0
2014,7,3,Sindh,126.4,426.1,2.1,139.0
2014,7,4,Punjab,92.3,343.1,1.4,80.0
2014,7,4,Sindh,122.9,415.4,2.1,145.0
2014,7,5,Punjab,81.0,281.0,1.34,80.0
2014,7,5,Sindh,127.6,432.2,2.15,143.0
2014,7,6,Punjab,109.9,437.9,1.31,85.0
2014,7,6,Sindh,126.5,444.2,2.14,142.0
2014,7,7,Punjab,101.6,372.8,1.41,80.0
2014,7,7,Sindh,123.7,423.7,2.14,143.0
2014,7,8,Punjab,114.5,413.4,1.4,94.0
2014,7,8,Sindh,119.9,427.1,2.15,146.0
2014,7,9,Punjab,108.6,417.0,1.36,103.0
2014,7,9,Sindh,116.6,365.2,2.12,132.0
2014,7,10,Punjab,99.0,360.7,1.4,80.0
2014,7,10,Sindh,122.0,414.0,2.12,147.0
2014,7,11,Punjab,101.2,373.9,1.35,80.0
2014,7,11,Sindh,128.5,432.8,2.18,159.0
2014,7,12,Punjab,106.4,409.5,1.34,88.0
2014,7,12,Sindh,125.3,434.7,2.13,146.0
2014,7,13,Punjab,109.7,410.1,1.38,100.0
2014,7,13,Sindh,118.0,405.0,2.15,134.0
2014,7,14,Punjab,104.5,443.5,1.4,90.0
2014,7,14,Sindh,125.1,450.0,2.13,151.0
2014,7,15,Punjab,110.8,419.7,1.39,86.0
2014,7,15,Sindh,126.2,413.9,2.1,138.0
2014,7,16,Punjab,99.7,391.1,1.4,80.0
2014,7,16,Sindh,119.9,420.4,2.09,145.0
2014,7,17,Punjab,94.1,318.7,1.34,80.0
2014,7,17,Sindh,125.1,446.3,2.12,141.0
2014,7,18,Punjab,101.6,368.8,1.46,96.0
2014,7,18,Sindh,124.7,464.2,2.15,164.0
2014,7,19,Punjab,103.8,372.7,1.36,80.0
2014,7,19,Sindh,118.7,408.2,2.15,142.0
2014,7,20,Punjab,92.6,332.7,1.38,80.0
2014,7,20,Sindh,126.2,446.6,2.15,139.0
2014,7,21,Punjab,91.5,356.2,1.32,80.0
2014,7,21,Sindh,127.3,418.3,2.11,136.0
2014,7,22,Punjab,105.9,422.9,1.37,102.0
2014,7,22,Sindh,129.9,418.7,2.17,144.0
2014,7,23,Punjab,99.1,383.3,1.41,80.0
2014,7,23,Sindh,129.8,466.9,2.11,158.0
2014,7,24,Punjab,101.0,379.4,1.42,82.0
2014,7,24,Sindh,117.6,411.6,2.14,132.0
2014,7,25,Punjab,99.5,365.5,1.46,80.0
2014,7,25,Sindh,119.9,437.2,2.13,148.0
2014,7,26,Punjab,114.6,457.7,1.41,91.0
2014,7,26,Sindh,127.1,424.4,2.13,131.0
2014,7,27,Punjab,112.6,469.2,1.4,114.0
2014,7,27,Sindh,127.2,452.9,2.16,148.0
2014,7,28,Punjab,92.6,354.6,1.36,80.0
2014,7,28,Sindh,127.2,473.2,2.12,158.0
2014,7,29,Punjab,98.3,392.3,1.35,85.0
2014,7,29,Sindh,143.9,510.0,2.11,159.0
2014,7,30,Punjab,109.4,422.5,1.43,98.0
2014,7,30,Sindh,127.5,450.5,2.14,139.0
2014,7,31,Punjab,107.4,423.4,1.43,99.0
2014,7,31,Sindh,130.4,456.4,2.13,149.0
2014,8,1,Punjab,102.3,365.6,1.33,80.0
2014,8,1,Sindh,129.5,429.6,2.2,139.0
2014,8,2,Punjab,93.6,345.9,1.42,80.0
2014,8,2,Sindh,128.0,468.3,2.15,154.0
2014,8,3,Punjab,97.3,377.6,1.42,80.0
2014,8,3,Sindh,123.2,422.0,2.13,135.0
2014,8,4,Punjab,98.7,399.1,1.33,80.0
2014,8,4,Sindh,128.6,457.6,2.11,144.0
2014,8,5,Punjab,105.0,382.8,1.42,89.0
2014,8,5,Sindh,121.0,399.9,2.1,123.0
2014,8,6,Punjab,116.5,402.0,1.34,89.0
2014,8,6,Sindh,123.7,415.1,2.12,138.0
2014,8,7,Punjab,97.4,360.2,1.27,80.0
2014,8,7,Sindh,122.4,450.1,2.14,145.0
2014,8,8,Punjab,94.7,380.2,1.38,80.0
2014,8,8,Sindh,125.3,433.3,2.17,136.0
2014,8,9,Punjab,102.1,356.4,1.4,80.0
2014,8,9,Sindh,136.5,499.5,2.16,159.0
2014,8,10,Punjab,111.3,399.3,1.38,90.0
2014,8,10,Sindh,115.6,403.4,2.14,139.0
2014,8,11,Punjab,91.5,350.8,1.53,92.0
2014,8,11,Sindh,128.4,421.8,2.13,137.0
2014,8,12,Punjab,114.7,433.7,1.41,102.0
2014,8,12,Sindh,116.9,422.6,2.14,140.0
2014,8,13,Punjab,101.8,398.6,1.4,88.0
2014,8,13,Sindh,122.7,420.4,2.13,139.0
2014,8,14,Punjab,97.3,345.2,1.41,80.0
2014,8,14,Sindh,130.5,467.2,2.17,143.0
2014,8,15,Punjab,90.4,337.1,1.37,93.0
2014,8,15,Sindh,125.4,439.2,2.13,152.0
2014,8,16,Punjab,108.9,437.8,1.44,116.0
2014,8,16,Sindh,119.7,395.8,2.14,128.0
2014,8,17,Punjab,101.9,363.5,1.41,80.0
2014,8,17,Sindh,121.5,427.8,2.09,141.0
2014,8,18,Punjab,104.7,427.4,1.41,106.0
2014,8,18,Sindh,128.5,482.8,2.13,156.0
2014,8,19,Punjab,96.2,344.1,1.36,80.0
2014,8,19,Sindh,121.5,432.7,2.16,139.0
2014,8,20,Punjab,100.9,400.3,1.32,86.0
2014,8,20,Sindh,126.3,441.1,2.12,144.0
2014,8,21,Punjab,99.6,370.9,1.37,96.0
2014,8,21,Sindh,125.4,455.2,2.12,146.0
2014,8,22,Punjab,102.7,367.4,1.41,80.0
2014,8,22,Sindh,122.0,430.1,2.16,131.0
2014,8,23,Punjab,98.2,363.2,1.37,80.0
2014,8,23,Sindh,136.0,479.1,2.11,148.0
2014,8,24,Punjab,91.3,357.9,1.41,88.0
2014,8,24,Sindh,128.5,433.2,2.16,136.0
2014,8,25,Punjab,125.5,476.6,1.39,128.0
2014,8,25,Sindh,115.2,406.7,2.13,129.0
2014,8,26,Punjab,92.8,374.9,1.42,95.0
2014,8,26,Sindh,126.3,457.5,2.13,138.0
2014,8,27,Punjab,105.2,428.3,1.35,106.0
2014,8,27,Sindh,122.1,414.6,2.12,139.0
2014,8,28,Punjab,89.6,316.7,1.41,80.0
2014,8,28,Sindh,129.6,475.1,2.15,156.0
2014,8,29,Punjab,87.8,308.6,1.37,85.0
2014,8,29,Sindh,121.4,423.7,2.19,140.0
2014,8,30,Punjab,104.6,371.4,1.32,100.0
2014,8,30,Sindh,124.9,423.7,2.16,141.0
2014,8,31,Punjab,105.3,382.0,1.39,92.0
2014,8,31,Sindh,128.0,462.9,2.12,142.0
2014,9,1,Punjab,114.0,455.3,1.48,110.0
2014,9,1,Sindh,129.8,450.0,2.16,138.0
2014,9,2,Punjab,107.1,418.4,1.33,106.0
2014,9,2,Sindh,119.5,429.7,2.13,132.0
2014,9,3,Punjab,102.8,379.7,1.41,106.0
2014,9,3,Sindh,123.9,429.1,2.17,139.0
2014,9,4,Punjab,96.4,366.2,1.44,95.0
2014,9,4,Sindh,123.2,430.2,2.16,137.0
2014,9,5,Punjab,116.1,469.1,1.52,132.0
2014,9,5,Sindh,122.3,435.5,2.08,135.0
2014,9,6,Punjab,111.5,462.0,1.38,130.0
2014,9,6,Sindh,134.4,474.9,2.12,152.0
2014,9,7,Punjab,94.2,363.1,1.37,102.0
2014,9,7,Sindh,127.7,416.9,2.16,133.0
2014,9,8,Punjab,104.5,343.9,1.35,104.0
2014,9,8,Sindh,119.4,400.9,2.15,123.0
2014,9,9,Punjab,105.4,406.4,1.46,121.0
2014,9,9,Sindh,130.3,469.9,2.12,140.0
2014,9,10,Punjab,101.5,404.4,1.36,121.0
2014,9,10,Sindh,136.3,475.1,2.13,148.0
2014,9,11,Punjab,110.5,424.4,1.39,126.0
2014,9,11,Sindh,130.9,450.3,2.1,143.0
2014,9,12,Punjab,111.0,436.4,1.31,128.0
2014,9,12,Sindh,118.2,393.2,2.14,127.0
2014,9,13,Punjab,102.9,398.1,1.45,132.0
2014,9,13,Sindh,123.4,415.6,2.19,139.0
2014,9,14,Punjab,102.2,363.6,1.46,120.0
2014,9,14,Sindh,132.1,432.2,2.16,142.0
2014,9,15,Punjab,116.5,424.9,1.45,155.0
2014,9,15,Sindh,122.3,426.5,2.19,134.0
2014,9,16,Punjab,112.0,419.1,1.33,138.0
2014,9,16,Sindh,128.1,439.3,2.16,131.0
2014,9,17,Punjab,105.1,420.8,1.44,131.0
2014,9,17,Sindh,129.8,439.6,2.16,128.0
2014,9,18,Punjab,91.6,332.6,1.32,95.0
2014,9,18,Sindh,121.3,423.4,2.18,129.0
2014,9,19,Punjab,107.4,417.2,1.41,146.0
2014,9,19,Sindh,125.6,445.2,2.15,139.0
2014,9,20,Punjab,110.3,425.1,1.42,132.0
2014,9,20,Sindh,109.8,415.5,2.14,137.0
2014,9,21,Punjab,82.7,345.9,1.43,122.0
2014,9,21,Sindh,120.9,400.3,2.17,126.0
2014,9,22,Punjab,106.8,404.9,1.44,129.0
2014,9,22,Sindh,124.7,454.0,2.17,143.0
2014,9,23,Punjab,101.5,350.5,1.41,122.0
2014,9,23,Sindh,119.8,433.9,2.14,130.0
2014,9,24,Punjab,103.1,404.6,1.31,126.0
2014,9,24,Sindh,134.2,458.1,2.13,140.0
2014,9,25,Punjab,97.6,413.7,1.44,151.0
2014,9,25,Sindh,118.9,419.3,2.15,132.0
2014,9,26,Punjab,103.7,408.5,1.42,130.0
2014,9,26,Sindh,123.9,426.8,2.16,119.0
2014,9,27,Punjab,116.1,425.4,1.37,152.0
2014,9,27,Sindh,126.8,446.5,2.16,132.0
2014,9,28,Punjab,101.4,363.8,1.33,126.0
2014,9,28,Sindh,133.4,489.4,2.12,149.0
2014,9,29,Punjab,112.8,409.5,1.49,149.0
2014,9,29,Sindh,119.0,425.6,2.18,130.0
2014,9,30,Punjab,98.6,414.9,1.48,147.0
2014,9,30,Sindh,132.0,469.7,2.13,133.0
2014,10,1,Punjab,111.2,416.0,1.45,148.0
2014,10,1,Sindh,126.3,435.5,2.14,118.0
2014,10,2,Punjab,105.2,386.4,1.38,144.0
2014,10,2,Sindh,121.4,402.5,2.13,119.0
2014,10,3,Punjab,108.0,407.3,1.29,140.0
2014,10,3,Sindh,128.6,446.9,2.2,132.0
2014,10,4,Punjab,105.3,393.8,1.45,139.0
2014,10,4,Sindh,127.3,463.7,2.15,132.0
2014,10,5,Punjab,110.4,451.0,1.43,166.0
2014,10,5,Sindh,123.3,408.8,2.13,123.0
2014,10,6,Punjab,84.8,301.9,1.4,115.0
2014,10,6,Sindh,126.7,427.6,2.16,129.0
2014,10,7,Punjab,94.0,380.9,1.47,139.0
2014,10,7,Sindh,124.5,437.5,2.16,132.0
2014,10,8,Punjab,108.8,415.7,1.46,171.0
2014,10,8,Sindh,127.0,429.6,2.14,115.0
2014,10,9,Punjab,89.1,362.7,1.43,141.0
2014,10,9,Sindh,129.7,442.2,2.17,123.0
2014,10,10,Punjab,101.3,416.4,1.42,162.0
2014,10,10,Sindh,134.4,464.0,2.13,133.0
2014,10,11,Punjab,105.1,401.1,1.42,147.0
2014,10,11,Sindh,120.3,400.5,2.14,121.0
2014,10,12,Punjab,99.0,369.7,1.45,172.0
2014,10,12,Sindh,137.2,465.5,2.11,137.0
2014,10,13,Punjab,100.1,381.7,1.38,180.0
2014,10,13,Sindh,116.8,419.3,2.12,125.0
2014,10,14,Punjab,107.8,407.9,1.44,159.0
2014,10,14,Sindh,125.8,420.7,2.19,121.0
2014,10,15,Punjab,113.8,399.2,1.37,177.0
2014,10,15,Sindh,129.5,429.4,2.18,124.0
2014,10,16,Punjab,98.1,403.7,1.49,168.0
2014,10,16,Sindh,128.0,438.6,2.15,123.0
2014,10,17,Punjab,101.2,389.4,1.45,181.0
2014,10,17,Sindh,123.5,443.3,2.18,132.0
2014,10,18,Punjab,100.0,356.6,1.39,157.0
2014,10,18,Sindh,125.6,436.7,2.15,121.0
2014,10,19,Punjab,86.5,287.3,1.43,133.0
2014,10,19,Sindh,124.2,427.8,2.15,128.0
2014,10,20,Punjab,107.0,360.2,1.38,133.0
2014,10,20,Sindh,123.8,433.8,2.15,126.0
2014,10,21,Punjab,113.4,446.4,1.5,182.0
2014,10,21,Sindh,131.0,432.3,2.15,124.0
2014,10,22,Punjab,114.1,421.3,1.51,184.0
2014,10,22,Sindh,128.5,457.3,2.15,127.0
2014,10,23,Punjab,99.1,367.3,1.46,168.0
2014,10,23,Sindh,123.3,437.4,2.17,118.0
2014,10,24,Punjab,96.1,374.8,1.5,158.0
2014,10,24,Sindh,131.3,453.4,2.15,125.0
2014,10,25,Punjab,106.3,393.6,1.43,170.0
2014,10,25,Sindh,128.4,464.4,2.17,130.0
2014,10,26,Punjab,112.8,439.5,1.46,200.0
2014,10,26,Sindh,130.9,441.3,2.17,114.0
2014,10,27,Punjab,107.4,410.1,1.49,173.0
2014,10,27,Sindh,130.0,472.0,2.16,132.0
2014,10,28,Punjab,108.5,410.8,1.43,188.0
2014,10,28,Sindh,122.8,432.0,2.13,127.0
2014,10,29,Punjab,115.4,407.1,1.43,199.0
2014,10,29,Sindh,124.1,429.4,2.12,124.0
2014,10,30,Punjab,100.4,365.1,1.47,178.0
2014,10,30,Sindh,130.7,457.2,2.16,126.0
2014,10,31,Punjab,104.6,409.5,1.46,194.0
2014,10,31,Sindh,130.0,453.5,2.15,127.0
2014,11,1,Punjab,119.5,440.4,1.39,182.0
2014,11,1,Sindh,126.9,462.5,2.15,126.0
2014,11,2,Punjab,104.9,422.6,1.32,188.0
2014,11,2,Sindh,127.6,430.5,2.15,122.0
2014,11,3,Punjab,96.3,413.0,1.42,216.0
2014,11,3,Sindh,133.5,455.7,2.2,135.0
2014,11,4,Punjab,101.2,397.6,1.33,184.0
2014,11,4,Sindh,124.1,450.0,2.13,130.0
2014,11,5,Punjab,99.1,406.3,1.38,208.0
2014,11,5,Sindh,129.9,445.6,2.11,126.0
2014,11,6,Punjab,109.5,430.4,1.39,199.0
2014,11,6,Sindh,126.1,455.0,2.16,124.0
2014,11,7,Punjab,99.5,367.3,1.4,182.0
2014,11,7,Sindh,126.1,466.8,2.15,133.0
2014,11,8,Punjab,108.9,417.7,1.47,209.0
2014,11,8,Sindh,132.7,458.4,2.16,118.0
2014,11,9,Punjab,100.8,423.5,1.48,209.0
2014,11,9,Sindh,131.3,469.9,2.17,128.0
2014,11,10,Punjab,89.8,330.7,1.46,180.0
2014,11,10,Sindh,131.3,442.3,2.18,125.0
2014,11,11,Punjab,109.3,394.4,1.46,191.0
2014,11,11,Sindh,133.8,479.6,2.12,135.0
2014,11,12,Punjab,108.0,387.9,1.47,187.0
2014,11,12,Sindh,127.4,448.9,2.14,127.0
2014,11,13,Punjab,111.0,417.6,1.31,199.0
2014,11,13,Sindh,130.7,464.7,2.16,129.0
2014,11,14,Punjab,101.6,365.8,1.44,187.0
2014,11,14,Sindh,125.8,430.6,2.17,118.0
2014,11,15,Punjab,100.7,416.3,1.35,208.0
2014,11,15,Sindh,129.0,426.6,2.2,121.0
2014,11,16,Punjab,110.2,423.2,1.46,226.0
2014,11,16,Sindh,126.7,451.2,2.17,119.0
2014,11,17,Punjab,119.2,472.4,1.33,233.0
2014,11,17,Sindh,127.9,416.7,2.15,110.0
2014,11,18,Punjab,107.2,401.4,1.43,214.0
2014,11,18,Sindh,130.4,451.7,2.14,123.0
2014,11,19,Punjab,110.5,397.3,1.46,211.0
2014,11,19,Sindh,123.4,446.0,2.14,122.0
2014,11,20,Punjab,104.6,371.3,1.38,189.0
2014,11,20,Sindh,138.0,485.7,2.14,122.0
2014,11,21,Punjab,94.9,342.4,1.49,193.0
2014,11,21,Sindh,122.5,458.0,2.17,127.0
2014,11,22,Punjab,115.0,444.0,1.46,231.0
2014,11,22,Sindh,121.5,440.6,2.16,124.0
2014,11,23,Punjab,114.6,445.8,1.46,238.0
2014,11,23,Sindh,133.4,457.0,2.13,123.0
2014,11,24,Punjab,113.0,441.6,1.47,220.0
2014,11,24,Sindh,131.6,460.9,2.15,136.0
2014,11,25,Punjab,105.9,372.8,1.42,186.0
2014,11,25,Sindh,130.7,456.9,2.17,120.0
2014,11,26,Punjab,112.2,426.4,1.45,229.0
2014,11,26,Sindh,130.8,434.0,2.16,116.0
2014,11,27,Punjab,114.6,415.1,1.44,227.0
2014,11,27,Sindh,127.6,432.6,2.17,115.0
2014,11,28,Punjab,120.5,465.9,1.44,241.0
2014,11,28,Sindh,123.2,422.8,2.17,114.0
2014,11,29,Punjab,115.5,448.4,1.41,237.0
2014,11,29,Sindh,128.1,417.8,2.19,112.0
2014,11,30,Punjab,108.1,387.4,1.38,225.0
2014,11,30,Sindh,124.4,436.0,2.16,111.0
2014,12,1,Punjab,97.2,388.6,1.43,214.0
2014,12,1,Sindh,132.7,460.6,2.15,121.0
2014,12,2,Punjab,108.9,460.7,1.42,241.0
2014,12,2,Sindh,127.1,419.7,2.14,112.0
2014,12,3,Punjab,109.8,433.9,1.41,236.0
2014,12,3,Sindh,123.7,439.0,2.16,124.0
2014,12,4,Punjab,113.4,427.8,1.49,223.0
2014,12,4,Sindh,126.3,452.6,2.11,132.0
2014,12,5,Punjab,118.6,444.5,1.39,239.0
2014,12,5,Sindh,129.9,458.2,2.16,129.0
2014,12,6,Punjab,107.1,402.8,1.44,227.0
2014,12,6,Sindh,125.1,433.0,2.16,112.0
2014,12,7,Punjab,124.7,458.7,1.5,265.0
2014,12,7,Sindh,123.8,442.3,2.13,115.0
2014,12,8,Punjab,93.9,361.7,1.49,213.0
2014,12,8,Sindh,129.2,462.3,2.14,122.0
2014,12,9,Punjab,111.3,400.3,1.51,232.0
2014,12,9,Sindh,129.2,456.8,2.18,131.0
2014,12,10,Punjab,101.6,348.4,1.42,220.0
2014,12,10,Sindh,125.5,426.8,2.16,113.0
2014,12,11,Punjab,92.8,357.0,1.49,208.0
2014,12,11,Sindh,125.7,444.0,2.16,112.0
2014,12,12,Punjab,106.5,405.1,1.39,246.0
2014,12,12,Sindh,129.2,470.2,2.17,122.0
2014,12,13,Punjab,96.5,355.2,1.43,234.0
2014,12,13,Sindh,120.8,414.0,2.16,115.0
2014,12,14,Punjab,106.9,380.5,1.44,225.0
2014,12,14,Sindh,121.1,455.2,2.19,125.0
2014,12,15,Punjab,108.5,418.1,1.42,234.0
2014,12,15,Sindh,124.5,428.0,2.16,113.0
2014,12,16,Punjab,117.2,425.6,1.43,259.0
2014,12,16,Sindh,127.1,445.3,2.13,121.0
2014,12,17,Punjab,96.3,363.0,1.43,229.0
2014,12,17,Sindh,129.7,444.0,2.19,107.0
2014,12,18,Punjab,115.6,474.7,1.4,261.0
2014,12,18,Sindh,135.6,477.9,2.17,127.0
2014,12,19,Punjab,109.2,427.9,1.49,260.0
2014,12,19,Sindh,132.5,437.7,2.15,120.0
2014,12,20,Punjab,116.7,416.0,1.44,255.0
2014,12,20,Sindh,127.5,438.0,2.14,112.0
2014,12,21,Punjab,105.0,373.6,1.46,224.0
2014,12,21,Sindh,128.2,432.3,2.17,111.0
2014,12,22,Punjab,97.9,374.9,1.46,231.0
2014,12,22,Sindh,123.3,433.6,2.16,106.0
2014,12,23,Punjab,98.8,348.0,1.46,225.0
2014,12,23,Sindh,128.3,463.8,2.19,131.0
2014,12,24,Punjab,98.3,333.4,1.46,215.0
2014,12,24,Sindh,126.9,453.9,2.16,117.0
2014,12,25,Punjab,112.5,438.0,1.44,237.0
2014,12,25,Sindh,130.0,419.5,2.15,113.0
2014,12,26,Punjab,120.5,464.3,1.53,253.0
2014,12,26,Sindh,124.3,465.6,2.18,126.0
2014,12,27,Punjab,104.2,405.0,1.49,228.0
2014,12,27,Sindh,131.0,463.1,2.18,130.0
2014,12,28,Punjab,113.8,437.7,1.46,258.0
2014,12,28,Sindh,136.1,464.8,2.17,122.0
2014,12,29,Punjab,96.6,365.9,1.43,216.0
2014,12,29,Sindh,128.0,450.2,2.18,117.0
2014,12,30,Punjab,110.3,405.9,1.45,244.0
2014,12,30,Sindh,130.5,459.5,2.16,122.0
2014,12,31,Punjab,114.2,444.5,1.48,275.0
2014,12,31,Sindh,132.0,452.0,2.17,126.0
2015,1,1,Punjab,97.4,400.5,1.53,256.0
2015,1,1,Sindh,126.6,446.0,2.19,118.0
2015,1,2,Punjab,107.4,397.9,1.39,221.0
2015,1,2,Sindh,129.7,444.9,2.18,113.0
2015,1,3,Punjab,114.8,415.6,1.49,234.0
2015,1,3,Sindh,128.7,444.4,2.16,110.0
2015,1,4,Punjab,85.6,302.6,1.52,200.0
2015,1,4,Sindh,129.1,441.7,2.19,111.0
2015,1,5,Punjab,119.8,437.9,1.38,242.0
2015,1,5,Sindh,124.8,415.4,2.12,114.0
2015,1,6,Punjab,112.0,429.6,1.45,235.0
2015,1,6,Sindh,128.8,453.1,2.21,119.0
2015,1,7,Punjab,114.9,393.9,1.41,239.0
2015,1,7,Sindh,131.2,468.1,2.13,120.0
2015,1,8,Punjab,105.9,411.3,1.48,253.0
2015,1,8,Sindh,136.0,483.8,2.15,124.0
2015,1,9,Punjab,95.5,375.8,1.44,243.0
2015,1,9,Sindh,133.6,479.8,2.17,127.0
2015,1,10,Punjab,113.6,395.7,1.46,236.0
2015,1,10,Sindh,139.6,493.4,2.16,129.0
2015,1,11,Punjab,108.7,393.5,1.44,237.0
2015,1,11,Sindh,125.0,429.5,2.19,113.0
2015,1,12,Punjab,109.7,418.3,1.5,252.0
2015,1,12,Sindh,133.2,478.9,2.15,133.0
2015,1,13,Punjab,118.1,446.1,1.47,257.0
2015,1,13,Sindh,129.8,434.0,2.17,123.0
2015,1,14,Punjab,115.6,449.6,1.47,268.0
2015,1,14,Sindh,139.9,476.0,2.16,118.0
2015,1,15,Punjab,124.9,471.8,1.47,271.0
2015,1,15,Sindh,124.9,422.7,2.17,115.0
2015,1,16,Punjab,110.8,446.3,1.49,255.0
2015,1,16,Sindh,124.8,452.9,2.17,117.0
2015,1,17,Punjab,104.1,389.1,1.45,219.0
2015,1,17,Sindh,126.0,455.1,2.17,120.0
2015,1,18,Punjab,108.1,391.3,1.55,255.0
2015,1,18,Sindh,118.4,421.7,2.16,114.0
2015,1,19,Punjab,113.0,408.2,1.4,236.0
2015,1,19,Sindh,126.4,458.5,2.16,121.0
2015,1,20,Punjab,117.9,462.6,1.38,265.0
2015,1,20,Sindh,125.3,425.3,2.17,115.0
2015,1,21,Punjab,98.0,373.2,1.38,211.0
2015,1,21,Sindh,129.8,459.7,2.19,126.0
2015,1,22,Punjab,109.9,430.3,1.36,250.0
2015,1,22,Sindh,130.8,456.0,2.16,123.0
2015,1,23,Punjab,122.7,478.7,1.5,269.0
2015,1,23,Sindh,138.5,497.6,2.15,129.0
2015,1,24,Punjab,108.0,370.0,1.5,231.0
2015,1,24,Sindh,133.9,467.0,2.18,122.0
2015,1,25,Punjab,117.4,423.3,1.53,279.0
2015,1,25,Sindh,126.3,436.3,2.17,110.0
2015,1,26,Punjab,113.9,412.6,1.42,237.0
2015,1,26,Sindh,124.7,444.7,2.19,115.0
2015,1,27,Punjab,117.7,430.9,1.51,259.0
2015,1,27,Sindh,131.7,474.1,2.15,137.0
2015,1,28,Punjab,103.6,385.3,1.47,239.0
2015,1,28,Sindh,122.7,419.3,2.13,109.0
2015,1,29,Punjab,103.7,414.0,1.48,237.0
2015,1,29,Sindh,138.5,483.7,2.16,124.0
2015,1,30,Punjab,110.3,443.2,1.5,262.0
2015,1,30,Sindh,135.2,457.4,2.15,125.0
2015,1,31,Punjab,97.9,366.3,1.43,224.0
2015,1,31,Sindh,127.0,407.1,2.17,110.0
2015,2,1,Punjab,108.1,405.7,1.6,250.0
2015,2,1,Sindh,120.8,425.9,2.16,114.0
2015,2,2,Punjab,112.3,412.7,1.54,262.0
2015,2,2,Sindh,136.2,485.8,2.19,138.0
2015,2,3,Punjab,124.6,475.3,1.45,264.0
2015,2,3,Sindh,128.9,455.0,2.17,126.0
2015,2,4,Punjab,113.6,435.7,1.42,244.0
2015,2,4,Sindh,135.7,445.5,2.17,118.0
2015,2,5,Punjab,115.4,454.7,1.47,265.0
2015,2,5,Sindh,121.5,420.0,2.17,113.0
2015,2,6,Punjab,119.8,471.1,1.48,273.0
2015,2,6,Sindh,126.5,409.5,2.18,110.0
2015,2,7,Punjab,102.8,344.5,1.53,206.0
2015,2,7,Sindh,129.6,474.0,2.17,133.0
2015,2,8,Punjab,109.2,412.0,1.42,232.0
2015,2,8,Sindh,129.8,438.0,2.18,118.0
2015,2,9,Punjab,130.0,521.6,1.49,282.0
2015,2,9,Sindh,127.3,464.5,2.16,117.0
2015,2,10,Punjab,110.0,409.2,1.4,233.0
2015,2,10,Sindh,132.7,478.8,2.2,130.0
2015,2,11,Punjab,119.6,477.3,1.5,249.0
2015,2,11,Sindh,124.3,421.6,2.17,108.0
2015,2,12,Punjab,118.4,443.9,1.47,251.0
2015,2,12,Sindh,129.0,434.4,2.15,130.0
2015,2,13,Punjab,98.9,379.4,1.57,231.0
2015,2,13,Sindh,130.3,461.3,2.18,122.0
2015,2,14,Punjab,113.3,407.7,1.4,227.0
2015,2,14,Sindh,132.3,450.4,2.16,123.0
2015,2,15,Punjab,112.0,403.7,1.55,231.0
2015,2,15,Sindh,133.3,468.1,2.19,130.0
2015,2,16,Punjab,113.5,445.9,1.39,237.0
2015,2,16,Sindh,124.2,427.3,2.22,117.0
2015,2,17,Punjab,104.9,416.2,1.41,220.0
2015,2,17,Sindh,122.1,400.7,2.16,110.0
2015,2,18,Punjab,102.0,388.3,1.4,216.0
2015,2,18,Sindh,136.2,443.3,2.18,125.0
2015,2,19,Punjab,107.2,382.8,1.49,220.0
2015,2,19,Sindh,131.5,463.7,2.14,135.0
2015,2,20,Punjab,110.3,419.9,1.42,216.0
2015,2,20,Sindh,126.1,433.1,2.18,125.0
2015,2,21,Punjab,120.6,483.3,1.41,247.0
2015,2,21,Sindh,137.7,473.5,2.16,138.0
2015,2,22,Punjab,125.7,512.4,1.49,263.0
2015,2,22,Sindh,130.5,467.2,2.16,124.0
2015,2,23,Punjab,122.4,458.6,1.51,254.0
2015,2,23,Sindh,135.9,493.1,2.15,138.0
2015,2,24,Punjab,118.1,415.6,1.49,223.0
2015,2,24,Sindh,130.3,452.0,2.19,127.0
2015,2,25,Punjab,103.2,409.1,1.48,210.0
2015,2,25,Sindh,140.3,486.0,2.2,137.0
2015,2,26,Punjab,108.0,405.0,1.58,220.0
2015,2,26,Sindh,138.8,493.3,2.18,144.0
2015,2,27,Punjab,113.0,448.4,1.49,229.0
2015,2,27,Sindh,128.8,430.5,2.16,120.0
2015,2,28,Punjab,106.3,409.7,1.53,226.0
2015,2,28,Sindh,134.9,475.7,2.21,131.0
2015,3,1,Punjab,116.1,423.3,1.49,221.0
2015,3,1,Sindh,133.3,475.0,2.16,136.0
2015,3,2,Punjab,117.2,446.7,1.43,203.0
2015,3,2,Sindh,137.0,489.7,2.13,128.0
2015,3,3,Punjab,115.8,466.3,1.51,274.0
2015,3,3,Sindh,125.3,409.7,2.19,116.0
2015,3,4,Punjab,119.8,452.1,1.45,232.0
2015,3,4,Sindh,133.6,456.3,2.15,128.0
2015,3,5,Punjab,104.4,375.9,1.48,204.0
2015,3,5,Sindh,135.5,461.1,2.2,126.0
2015,3,6,Punjab,119.1,420.9,1.5,203.0
2015,3,6,Sindh,121.5,426.6,2.17,127.0
2015,3,7,Punjab,106.1,387.8,1.39,189.0
2015,3,7,Sindh,124.4,442.5,2.19,121.0
2015,3,8,Punjab,104.2,387.8,1.41,202.0
2015,3,8,Sindh,120.1,442.8,2.21,126.0
2015,3,9,Punjab,116.0,457.3,1.53,231.0
2015,3,9,Sindh,129.0,444.0,2.15,128.0
2015,3,10,Punjab,121.5,439.5,1.46,226.0
2015,3,10,Sindh,133.9,461.3,2.17,138.0
2015,3,11,Punjab,115.8,471.0,1.46,232.0
2015,3,11,Sindh,137.9,499.9,2.18,142.0
2015,3,12,Punjab,112.1,399.1,1.5,192.0
2015,3,12,Sindh,130.8,462.2,2.21,138.0
2015,3,13,Punjab,114.4,481.5,1.47,206.0
2015,3,13,Sindh,138.6,504.0,2.17,147.0
2015,3,14,Punjab,113.1,464.2,1.51,223.0
2015,3,14,Sindh,123.6,436.8,2.17,127.0
2015,3,15,Punjab,103.0,394.3,1.49,193.0
2015,3,15,Sindh,122.0,409.5,2.19,115.0
2015,3,16,Punjab,102.1,355.2,1.5,171.0
2015,3,16,Sindh,130.2,435.8,2.17,120.0
2015,3,17,Punjab,111.5,422.6,1.46,213.0
2015,3,17,Sindh,132.5,440.3,2.18,129.0
2015,3,18,Punjab,112.8,420.9,1.5,188.0
2015,3,18,Sindh,130.4,466.3,2.15,132.0
2015,3,19,Punjab,112.3,401.2,1.55,203.0
2015,3,19,Sindh,120.3,438.7,2.22,133.0
2015,3,20,Punjab,117.7,452.9,1.47,198.0
2015,3,20,Sindh,130.2,483.3,2.15,143.0
2015,3,21,Punjab,110.6,403.7,1.54,196.0
2015,3,21,Sindh,124.1,447.1,2.17,130.0
2015,3,22,Punjab,116.8,429.7,1.49,211.0
2015,3,22,Sindh,134.0,486.5,2.18,135.0
2015,3,23,Punjab,111.2,418.6,1.53,194.0
2015,3,23,Sindh,132.5,455.1,2.22,136.0
2015,3,24,Punjab,127.0,471.1,1.5,231.0
2015,3,24,Sindh,126.0,423.7,2.15,121.0
2015,3,25,Punjab,113.1,471.4,1.5,232.0
2015,3,25,Sindh,128.2,461.4,2.22,132.0
2015,3,26,Punjab,131.2,488.0,1.52,220.0
2015,3,26,Sindh,125.5,445.4,2.2,127.0
2015,3,27,Punjab,115.4,447.2,1.56,208.0
2015,3,27,Sindh,130.5,458.3,2.19,135.0
2015,3,28,Punjab,110.9,424.3,1.51,203.0
2015,3,28,Sindh,135.6,480.4,2.16,147.0
2015,3,29,Punjab,105.4,407.7,1.52,191.0
2015,3,29,Sindh,125.9,445.6,2.19,133.0
2015,3,30,Punjab,101.1,392.9,1.48,183.0
2015,3,30,Sindh,133.4,486.2,2.17,141.0
2015,3,31,Punjab,104.8,415.8,1.58,181.0
2015,3,31,Sindh,128.3,468.3,2.21,132.0
2015,4,1,Punjab,105.7,407.1,1.53,164.0
2015,4,1,Sindh,127.0,452.6,2.16,138.0
2015,4,2,Punjab,116.0,445.2,1.5,179.0
2015,4,2,Sindh,130.4,469.2,2.18,136.0
2015,4,3,Punjab,108.6,414.0,1.5,204.0
2015,4,3,Sindh,125.8,448.0,2.17,135.0
2015,4,4,Punjab,114.4,431.9,1.55,189.0
2015,4,4,Sindh,128.2,441.9,2.16,131.0
2015,4,5,Punjab,123.2,449.9,1.47,187.0
2015,4,5,Sindh,125.0,449.0,2.2,140.0
2015,4,6,Punjab,112.3,425.4,1.41,192.0
2015,4,6,Sindh,140.9,472.2,2.19,141.0
2015,4,7,Punjab,129.7,497.5,1.51,197.0
2015,4,7,Sindh,131.3,475.2,2.21,142.0
2015,4,8,Punjab,103.7,401.9,1.56,176.0
2015,4,8,Sindh,127.6,428.7,2.15,133.0
2015,4,9,Punjab,111.9,428.8,1.58,180.0
2015,4,9,Sindh,132.2,467.0,2.2,152.0
2015,4,10,Punjab,108.8,408.9,1.5,174.0
2015,4,10,Sindh,130.6,444.5,2.23,140.0
2015,4,11,Punjab,120.7,457.5,1.51,182.0
2015,4,11,Sindh,130.1,463.6,2.17,140.0
2015,4,12,Punjab,95.3,351.1,1.53,137.0
2015,4,12,Sindh,134.3,469.5,2.22,143.0
2015,4,13,Punjab,101.7,392.9,1.49,151.0
2015,4,13,Sindh,135.0,448.7,2.18,135.0
2015,4,14,Punjab,112.5,422.9,1.53,161.0
2015,4,14,Sindh,128.6,456.5,2.16,135.0
2015,4,15,Punjab,125.8,481.6,1.5,188.0
2015,4,15,Sindh,128.4,440.8,2.18,133.0
2015,4,16,Punjab,115.2,457.8,1.56,163.0
2015,4,16,Sindh,130.0,468.1,2.21,139.0
2015,4,17,Punjab,102.6,375.8,1.54,136.0
2015,4,17,Sindh,119.8,419.5,2.17,134.0
2015,4,18,Punjab,103.9,406.8,1.55,160.0
2015,4,18,Sindh,123.8,439.3,2.17,131.0
2015,4,19,Punjab,126.9,483.0,1.5,181.0
2015,4,19,Sindh,138.2,469.5,2.2,151.0
2015,4,20,Punjab,108.6,453.2,1.61,174.0
2015,4,20,Sindh,139.7,480.0,2.19,151.0
2015,4,21,Punjab,106.1,398.8,1.53,151.0
2015,4,21,Sindh,130.2,448.9,2.2,140.0
2015,4,22,Punjab,125.5,490.8,1.52,207.0
2015,4,22,Sindh,134.4,483.1,2.19,148.0
2015,4,23,Punjab,121.8,463.1,1.47,171.0
2015,4,23,Sindh,133.1,490.9,2.2,148.0
2015,4,24,Punjab,123.9,443.2,1.51,158.0
2015,4,24,Sindh,146.9,502.2,2.18,155.0
2015,4,25,Punjab,106.2,393.1,1.52,144.0
2015,4,25,Sindh,137.2,496.2,2.19,158.0
2015,4,26,Punjab,101.6,403.8,1.47,155.0
2015,4,26,Sindh,131.0,425.8,2.17,131.0
2015,4,27,Punjab,114.9,428.2,1.5,152.0
2015,4,27,Sindh,126.8,426.0,2.21,128.0
2015,4,28,Punjab,116.6,398.7,1.51,148.0
2015,4,28,Sindh,123.6,418.3,2.17,137.0
2015,4,29,Punjab,116.9,443.5,1.52,160.0
2015,4,29,Sindh,132.7,444.1,2.21,142.0
2015,4,30,Punjab,125.8,456.3,1.43,155.0
2015,4,30,Sindh,127.9,424.0,2.18,130.0
2015,5,1,Punjab,100.2,383.3,1.51,133.0
2015,5,1,Sindh,124.6,442.4,2.19,136.0
2015,5,2,Punjab,121.0,490.7,1.5,184.0
2015,5,2,Sindh,128.5,446.6,2.18,137.0
2015,5,3,Punjab,105.4,415.8,1.51,143.0
2015,5,3,Sindh,126.4,448.0,2.17,138.0
2015,5,4,Punjab,121.0,490.7,1.57,157.0
2015,5,4,Sindh,140.2,501.2,2.15,154.0
2015,5,5,Punjab,110.4,408.4,1.62,134.0
2015,5,5,Sindh,136.2,480.8,2.17,149.0
2015,5,6,Punjab,107.8,406.6,1.55,113.0
2015,5,6,Sindh,131.8,471.2,2.18,145.0
2015,5,7,Punjab,109.4,395.0,1.46,129.0
2015,5,7,Sindh,139.3,486.5,2.19,149.0
2015,5,8,Punjab,102.8,376.9,1.5,134.0
2015,5,8,Sindh,132.3,445.2,2.21,141.0
2015,5,9,Punjab,114.7,417.4,1.55,121.0
2015,5,9,Sindh,127.6,462.6,2.18,148.0
2015,5,10,Punjab,108.3,385.3,1.54,123.0
2015,5,10,Sindh,139.6,479.7,2.17,150.0
2015,5,11,Punjab,120.8,486.3,1.57,166.0
2015,5,11,Sindh,134.7,457.4,2.16,151.0
2015,5,12,Punjab,119.7,412.8,1.52,139.0
2015,5,12,Sindh,126.8,441.3,2.2,145.0
2015,5,13,Punjab,128.1,514.1,1.5,175.0
2015,5,13,Sindh,131.1,445.1,2.22,136.0
2015,5,14,Punjab,117.6,471.6,1.61,129.0
2015,5,14,Sindh,127.7,440.7,2.22,145.0
2015,5,15,Punjab,118.8,461.5,1.52,147.0
2015,5,15,Sindh,125.2,443.3,2.2,146.0
2015,5,16,Punjab,125.9,456.2,1.47,123.0
2015,5,16,Sindh,136.8,483.9,2.2,152.0
2015,5,17,Punjab,109.7,385.3,1.6,104.0
2015,5,17,Sindh,141.7,482.5,2.23,146.0
2015,5,18,Punjab,102.9,380.0,1.45,117.0
2015,5,18,Sindh,125.2,430.8,2.2,141.0
2015,5,19,Punjab,116.4,455.0,1.35,134.0
2015,5,19,Sindh,135.0,488.7,2.2,155.0
2015,5,20,Punjab,103.5,393.4,1.56,120.0
2015,5,20,Sindh,129.0,458.9,2.19,142.0
2015,5,21,Punjab,134.6,490.4,1.57,137.0
2015,5,21,Sindh,129.8,485.5,2.16,147.0
2015,5,22,Punjab,126.6,504.1,1.55,164.0
2015,5,22,Sindh,129.3,470.3,2.18,151.0
2015,5,23,Punjab,132.3,536.5,1.46,165.0
2015,5,23,Sindh,128.0,465.1,2.19,149.0
2015,5,24,Punjab,115.6,434.6,1.52,132.0
2015,5,24,Sindh,132.6,443.2,2.19,143.0
2015,5,25,Punjab,119.5,456.3,1.51,118.0
2015,5,25,Sindh,128.2,460.2,2.23,149.0
2015,5,26,Punjab,111.5,393.4,1.5,118.0
2015,5,26,Sindh,133.7,467.3,2.19,146.0
2015,5,27,Punjab,122.2,456.3,1.6,125.0
2015,5,27,Sindh,132.2,454.3,2.22,146.0
2015,5,28,Punjab,105.5,411.1,1.48,104.0
2015,5,28,Sindh,131.3,461.9,2.18,153.0
2015,5,29,Punjab,94.9,367.8,1.54,101.0
2015,5,29,Sindh,127.9,462.0,2.19,148.0
2015,5,30,Punjab,109.0,404.0,1.59,113.0
2015,5,30,Sindh,129.6,461.2,2.17,141.0
2015,5,31,Punjab,103.7,388.6,1.55,92.0
2015,5,31,Sindh,136.3,463.9,2.18,148.0
2015,6,1,Punjab,127.2,474.5,1.59,150.0
2015,6,1,Sindh,135.1,483.8,2.2,151.0
2015,6,2,Punjab,130.0,488.3,1.56,151.0
2015,6,2,Sindh,127.7,437.4,2.19,146.0
2015,6,3,Punjab,104.3,404.7,1.55,109.0
2015,6,3,Sindh,133.1,469.1,2.21,154.0
2015,6,4,Punjab,125.9,438.9,1.55,118.0
2015,6,4,Sindh,136.4,472.8,2.2,145.0
2015,6,5,Punjab,123.2,466.6,1.56,126.0
2015,6,5,Sindh,124.3,431.8,2.19,147.0
2015,6,6,Punjab,103.1,398.6,1.51,82.0
2015,6,6,Sindh,135.4,485.4,2.24,152.0
2015,6,7,Punjab,112.5,416.2,1.47,104.0
2015,6,7,Sindh,129.4,437.3,2.19,153.0
2015,6,8,Punjab,111.1,412.5,1.58,103.0
2015,6,8,Sindh,135.6,503.8,2.22,162.0
2015,6,9,Punjab,121.7,453.6,1.59,110.0
2015,6,9,Sindh,129.0,424.0,2.19,136.0
2015,6,10,Punjab,106.0,393.1,1.55,90.0
2015,6,10,Sindh,123.8,424.2,2.21,137.0
2015,6,11,Punjab,115.0,437.3,1.51,84.0
2015,6,11,Sindh,124.7,442.0,2.21,149.0
2015,6,12,Punjab,110.4,422.1,1.46,90.0
2015,6,12,Sindh,133.1,474.6,2.2,153.0
2015,6,13,Punjab,119.7,412.9,1.54,107.0
2015,6,13,Sindh,134.2,468.1,2.15,152.0
2015,6,14,Punjab,114.2,447.1,1.47,126.0
2015,6,14,Sindh,128.4,448.5,2.2,157.0
2015,6,15,Punjab,111.7,418.8,1.46,88.0
2015,6,15,Sindh,136.1,482.6,2.22,154.0
2015,6,16,Punjab,114.3,473.2,1.54,119.0
2015,6,16,Sindh,124.6,432.8,2.21,145.0
2015,6,17,Punjab,132.4,479.2,1.5,129.0
2015,6,17,Sindh,132.7,485.2,2.21,165.0
2015,6,18,Punjab,112.8,411.3,1.56,89.0
2015,6,18,Sindh,127.0,456.9,2.16,152.0
2015,6,19,Punjab,107.9,405.8,1.53,98.0
2015,6,19,Sindh,129.8,467.3,2.18,145.0
2015,6,20,Punjab,120.9,467.7,1.51,112.0
2015,6,20,Sindh,133.3,452.1,2.21,152.0
2015,6,21,Punjab,115.1,398.5,1.45,99.0
2015,6,21,Sindh,128.8,449.6,2.21,143.0
2015,6,22,Punjab,105.0,382.4,1.5,80.0
2015,6,22,Sindh,131.2,454.7,2.22,158.0
2015,6,23,Punjab,134.2,521.8,1.5,119.0
2015,6,23,Sindh,138.2,468.5,2.2,150.0
2015,6,24,Punjab,113.6,412.7,1.48,94.0
2015,6,24,Sindh,130.3,461.4,2.21,167.0
2015,6,25,Punjab,113.4,458.4,1.53,108.0
2015,6,25,Sindh,137.4,472.8,2.2,162.0
2015,6,26,Punjab,117.8,438.4,1.49,99.0
2015,6,26,Sindh,127.6,456.3,2.18,147.0
2015,6,27,Punjab,130.4,477.4,1.53,119.0
2015,6,27,Sindh,135.9,459.6,2.15,152.0
2015,6,28,Punjab,103.1,404.1,1.56,80.0
2015,6,28,Sindh,140.5,517.5,2.21,170.0
2015,6,29,Punjab,118.8,483.7,1.5,100.0
2015,6,29,Sindh,120.9,409.9,2.2,143.0
2015,6,30,Punjab,133.4,515.1,1.57,121.0
2015,6,30,Sindh,129.3,456.0,2.19,153.0
2015,7,1,Punjab,117.7,472.6,1.48,105.0
2015,7,1,Sindh,136.2,488.7,2.17,165.0
2015,7,2,Punjab,106.9,439.6,1.49,95.0
2015,7,2,Sindh,132.4,454.7,2.21,150.0
2015,7,3,Punjab,111.9,406.6,1.54,99.0
2015,7,3,Sindh,135.3,486.2,2.2,157.0
2015,7,4,Punjab,118.5,469.1,1.58,117.0
2015,7,4,Sindh,130.4,438.0,2.21,145.0
2015,7,5,Punjab,127.5,454.1,1.59,109.0
2015,7,5,Sindh,133.9,490.4,2.24,164.0
2015,7,6,Punjab,114.2,442.5,1.63,102.0
2015,7,6,Sindh,132.7,464.7,2.16,155.0
2015,7,7,Punjab,123.6,468.2,1.53,103.0
2015,7,7,Sindh,139.4,478.8,2.19,158.0
2015,7,8,Punjab,105.5,425.9,1.54,84.0
2015,7,8,Sindh,134.8,467.4,2.2,158.0
2015,7,9,Punjab,105.5,424.4,1.5,80.0
2015,7,9,Sindh,135.3,485.6,2.23,148.0
2015,7,10,Punjab,113.2,441.7,1.49,90.0
2015,7,10,Sindh,131.5,451.6,2.17,151.0
2015,7,11,Punjab,128.7,494.8,1.56,116.0
2015,7,11,Sindh,131.2,447.9,2.24,150.0
2015,7,12,Punjab,117.7,457.6,1.51,91.0
2015,7,12,Sindh,131.5,456.9,2.21,159.0
2015,7,13,Punjab,119.6,455.5,1.61,105.0
2015,7,13,Sindh,135.7,457.1,2.2,143.0
2015,7,14,Punjab,119.5,452.9,1.48,99.0
2015,7,14,Sindh,131.6,487.9,2.2,166.0
2015,7,15,Punjab,126.2,508.4,1.58,118.0
2015,7,15,Sindh,135.2,464.7,2.19,153.0
2015,7,16,Punjab,112.5,458.7,1.5,115.0
2015,7,16,Sindh,144.1,517.0,2.22,168.0
2015,7,17,Punjab,122.9,464.3,1.51,81.0
2015,7,17,Sindh,138.1,486.7,2.18,166.0
2015,7,18,Punjab,110.8,425.8,1.58,89.0
2015,7,18,Sindh,132.2,447.9,2.21,151.0
2015,7,19,Punjab,133.4,508.4,1.52,98.0
2015,7,19,Sindh,139.9,489.4,2.2,161.0
2015,7,20,Punjab,111.1,390.1,1.53,82.0
2015,7,20,Sindh,131.8,473.2,2.19,156.0
2015,7,21,Punjab,110.5,413.3,1.51,96.0
2015,7,21,Sindh,123.7,430.2,2.26,142.0
2015,7,22,Punjab,122.0,495.7,1.64,106.0
2015,7,22,Sindh,128.9,469.0,2.21,153.0
2015,7,23,Punjab,118.3,434.6,1.52,84.0
2015,7,23,Sindh,124.6,451.4,2.22,145.0
2015,7,24,Punjab,120.3,499.6,1.56,103.0
2015,7,24,Sindh,132.2,476.6,2.23,155.0
2015,7,25,Punjab,119.6,477.8,1.55,113.0
2015,7,25,Sindh,134.1,462.5,2.18,139.0
2015,7,26,Punjab,109.1,422.5,1.57,90.0
2015,7,26,Sindh,142.4,482.3,2.24,159.0
2015,7,27,Punjab,130.8,508.1,1.53,120.0
2015,7,27,Sindh,135.7,465.7,2.16,151.0
2015,7,28,Punjab,125.0,456.8,1.55,102.0
2015,7,28,Sindh,133.0,468.4,2.19,151.0
2015,7,29,Punjab,128.8,484.2,1.58,106.0
2015,7,29,Sindh,138.3,492.1,2.2,159.0
2015,7,30,Punjab,113.8,461.1,1.52,119.0
2015,7,30,Sindh,123.1,398.2,2.22,128.0
2015,7,31,Punjab,121.4,448.9,1.61,108.0
2015,7,31,Sindh,135.3,473.6,2.21,163.0
2015,8,1,Punjab,119.6,475.9,1.62,103.0
2015,8,1,Sindh,138.1,485.5,2.2,156.0
2015,8,2,Punjab,127.1,455.6,1.59,101.0
2015,8,2,Sindh,126.8,439.7,2.21,144.0
2015,8,3,Punjab,127.4,460.3,1.56,101.0
2015,8,3,Sindh,140.0,509.3,2.19,157.0
2015,8,4,Punjab,119.7,493.1,1.41,134.0
2015,8,4,Sindh,136.0,482.2,2.18,155.0
2015,8,5,Punjab,106.1,402.9,1.58,98.0
2015,8,5,Sindh,132.2,482.5,2.22,162.0
2015,8,6,Punjab,132.5,492.8,1.54,121.0
2015,8,6,Sindh,137.5,478.0,2.22,159.0
2015,8,7,Punjab,122.8,493.8,1.55,141.0
2015,8,7,Sindh,145.7,524.1,2.24,170.0
2015,8,8,Punjab,113.5,456.3,1.47,124.0
2015,8,8,Sindh,135.3,498.1,2.19,161.0
2015,8,9,Punjab,121.7,480.8,1.59,118.0
2015,8,9,Sindh,135.7,494.5,2.22,156.0
2015,8,10,Punjab,106.4,392.8,1.49,85.0
2015,8,10,Sindh,132.1,446.1,2.2,138.0
2015,8,11,Punjab,127.0,476.7,1.57,117.0
2015,8,11,Sindh,130.2,452.0,2.23,146.0
2015,8,12,Punjab,106.8,412.0,1.61,89.0
2015,8,12,Sindh,138.6,480.1,2.23,152.0
2015,8,13,Punjab,116.8,457.8,1.54,132.0
2015,8,13,Sindh,130.2,463.2,2.21,154.0
2015,8,14,Punjab,120.6,448.1,1.63,103.0
2015,8,14,Sindh,134.9,482.5,2.2,155.0
2015,8,15,Punjab,127.0,486.0,1.53,134.0
2015,8,15,Sindh,132.2,450.1,2.23,153.0
2015,8,16,Punjab,119.6,459.8,1.6,125.0
2015,8,16,Sindh,137.0,480.5,2.22,159.0
2015,8,17,Punjab,123.9,496.4,1.5,127.0
2015,8,17,Sindh,136.3,446.7,2.2,142.0
2015,8,18,Punjab,118.6,465.7,1.62,140.0
2015,8,18,Sindh,139.8,511.1,2.18,151.0
2015,8,19,Punjab,118.6,420.6,1.61,92.0
2015,8,19,Sindh,132.1,454.8,2.2,153.0
2015,8,20,Punjab,119.6,450.2,1.59,117.0
2015,8,20,Sindh,133.4,467.6,2.24,156.0
2015,8,21,Punjab,117.4,427.7,1.55,106.0
2015,8,21,Sindh,129.8,449.8,2.23,137.0
2015,8,22,Punjab,105.5,412.3,1.5,115.0
2015,8,22,Sindh,132.5,481.1,2.19,159.0
2015,8,23,Punjab,112.9,447.5,1.55,123.0
2015,8,23,Sindh,136.7,435.8,2.19,142.0
2015,8,24,Punjab,121.0,462.0,1.63,109.0
2015,8,24,Sindh,138.6,484.9,2.24,153.0
2015,8,25,Punjab,117.1,439.7,1.58,131.0
2015,8,25,Sindh,130.2,454.2,2.19,152.0
2015,8,26,Punjab,117.9,449.5,1.5,127.0
2015,8,26,Sindh,139.2,480.5,2.22,157.0
2015,8,27,Punjab,116.6,447.4,1.52,112.0
2015,8,27,Sindh,141.7,521.8,2.2,164.0
2015,8,28,Punjab,112.4,414.1,1.64,110.0
2015,8,28,Sindh,137.0,466.2,2.24,149.0
2015,8,29,Punjab,115.4,414.0,1.6,101.0
2015,8,29,Sindh,144.3,516.8,2.2,162.0
2015,8,30,Punjab,116.9,403.2,1.51,108.0
2015,8,30,Sindh,131.1,464.2,2.24,144.0
2015,8,31,Punjab,119.4,479.2,1.49,138.0
2015,8,31,Sindh,128.8,469.7,2.22,147.0
2015,9,1,Punjab,122.6,475.7,1.54,134.0
2015,9,1,Sindh,126.1,431.5,2.22,133.0
2015,9,2,Punjab,118.0,455.8,1.48,126.0
2015,9,2,Sindh,142.5,487.9,2.17,149.0
2015,9,3,Punjab,111.3,448.2,1.57,114.0
2015,9,3,Sindh,138.4,500.7,2.17,152.0
2015,9,4,Punjab,108.4,386.8,1.7,115.0
2015,9,4,Sindh,134.8,478.3,2.21,145.0
2015,9,5,Punjab,140.4,498.8,1.5,130.0
2015,9,5,Sindh,136.5,454.7,2.22,143.0
2015,9,6,Punjab,110.6,428.0,1.57,127.0
2015,9,6,Sindh,129.5,445.3,2.19,138.0
2015,9,7,Punjab,115.6,445.0,1.64,117.0
2015,9,7,Sindh,147.4,521.8,2.19,161.0
2015,9,8,Punjab,123.9,436.1,1.62,133.0
2015,9,8,Sindh,135.9,488.1,2.23,142.0
2015,9,9,Punjab,122.7,473.4,1.57,146.0
2015,9,9,Sindh,135.8,465.1,2.23,143.0
2015,9,10,Punjab,124.0,463.2,1.57,148.0
2015,9,10,Sindh,138.9,442.5,2.21,138.0
2015,9,11,Punjab,116.3,425.9,1.52,140.0
2015,9,11,Sindh,137.7,489.9,2.23,148.0
2015,9,12,Punjab,121.8,456.3,1.57,154.0
2015,9,12,Sindh,136.5,459.3,2.19,140.0
2015,9,13,Punjab,120.5,408.9,1.59,112.0
2015,9,13,Sindh,131.4,429.7,2.21,126.0
2015,9,14,Punjab,117.5,434.7,1.64,139.0
2015,9,14,Sindh,137.7,439.6,2.25,138.0
2015,9,15,Punjab,122.0,449.6,1.55,165.0
2015,9,15,Sindh,144.8,519.1,2.22,159.0
2015,9,16,Punjab,128.5,499.6,1.57,165.0
2015,9,16,Sindh,142.2,499.5,2.22,153.0
2015,9,17,Punjab,120.0,452.7,1.54,140.0
2015,9,17,Sindh,143.4,498.7,2.26,156.0
2015,9,18,Punjab,120.1,469.0,1.6,155.0
2015,9,18,Sindh,132.9,486.1,2.19,147.0
2015,9,19,Punjab,128.8,438.4,1.62,143.0
2015,9,19,Sindh,130.6,466.6,2.23,144.0
2015,9,20,Punjab,128.0,469.5,1.62,147.0
2015,9,20,Sindh,134.9,496.5,2.25,150.0
2015,9,21,Punjab,133.0,516.5,1.53,184.0
2015,9,21,Sindh,135.9,454.6,2.21,141.0
2015,9,22,Punjab,106.3,397.8,1.59,142.0
2015,9,22,Sindh,141.1,493.3,2.23,140.0
2015,9,23,Punjab,127.7,502.0,1.55,160.0
2015,9,23,Sindh,127.2,420.9,2.2,124.0
2015,9,24,Punjab,125.3,439.9,1.64,153.0
2015,9,24,Sindh,143.3,498.2,2.2,156.0
2015,9,25,Punjab,113.4,445.6,1.58,151.0
2015,9,25,Sindh,134.9,468.4,2.23,128.0
2015,9,26,Punjab,122.6,452.9,1.51,143.0
2015,9,26,Sindh,133.6,476.9,2.23,142.0
2015,9,27,Punjab,129.0,475.5,1.58,155.0
2015,9,27,Sindh,130.7,458.1,2.24,143.0
2015,9,28,Punjab,114.0,453.0,1.61,151.0
2015,9,28,Sindh,127.5,455.6,2.25,136.0
2015,9,29,Punjab,124.2,495.3,1.6,179.0
2015,9,29,Sindh,139.9,500.3,2.22,145.0
2015,9,30,Punjab,127.7,505.9,1.56,179.0
2015,9,30,Sindh,136.2,509.0,2.24,150.0
2015,10,1,Punjab,112.2,467.1,1.56,162.0
2015,10,1,Sindh,129.4,448.2,2.21,132.0
2015,10,2,Punjab,119.7,480.1,1.54,173.0
2015,10,2,Sindh,129.4,438.8,2.24,132.0
2015,10,3,Punjab,123.3,452.5,1.57,177.0
2015,10,3,Sindh,134.2,473.5,2.22,136.0
2015,10,4,Punjab,114.5,438.0,1.55,169.0
2015,10,4,Sindh,144.3,493.0,2.23,150.0
2015,10,5,Punjab,113.9,425.7,1.64,174.0
2015,10,5,Sindh,134.7,493.6,2.23,151.0
2015,10,6,Punjab,119.9,496.2,1.55,186.0
2015,10,6,Sindh,128.5,445.4,2.19,131.0
2015,10,7,Punjab,127.4,506.4,1.6,210.0
2015,10,7,Sindh,134.8,463.3,2.2,129.0
2015,10,8,Punjab,126.2,475.9,1.6,188.0
2015,10,8,Sindh,134.7,464.3,2.22,134.0
2015,10,9,Punjab,114.2,451.6,1.64,173.0
2015,10,9,Sindh,122.6,439.8,2.19,128.0
2015,10,10,Punjab,126.4,455.6,1.65,182.0
2015,10,10,Sindh,135.8,473.0,2.24,140.0
2015,10,11,Punjab,114.5,440.2,1.63,164.0
2015,10,11,Sindh,135.0,462.8,2.24,130.0
2015,10,12,Punjab,108.4,393.1,1.61,158.0
2015,10,12,Sindh,139.6,513.7,2.23,144.0
2015,10,13,Punjab,118.4,416.0,1.54,174.0
2015,10,13,Sindh,145.4,496.2,2.2,145.0
2015,10,14,Punjab,130.3,510.9,1.54,211.0
2015,10,14,Sindh,141.8,497.0,2.25,148.0
2015,10,15,Punjab,126.6,499.4,1.56,198.0
2015,10,15,Sindh,134.9,481.9,2.26,136.0
2015,10,16,Punjab,121.4,470.5,1.64,222.0
2015,10,16,Sindh,130.7,433.1,2.22,120.0
2015,10,17,Punjab,118.1,445.3,1.6,185.0
2015,10,17,Sindh,149.2,529.3,2.23,167.0
2015,10,18,Punjab,118.4,424.6,1.64,164.0
2015,10,18,Sindh,136.6,462.3,2.23,137.0
2015,10,19,Punjab,122.4,442.0,1.65,201.0
2015,10,19,Sindh,136.4,489.8,2.23,139.0
2015,10,20,Punjab,113.1,410.3,1.56,184.0
2015,10,20,Sindh,136.3,462.5,2.22,137.0
2015,10,21,Punjab,118.9,447.0,1.6,195.0
2015,10,21,Sindh,137.4,491.3,2.22,139.0
2015,10,22,Punjab,120.0,477.4,1.6,200.0
2015,10,22,Sindh,135.7,491.6,2.24,144.0
2015,10,23,Punjab,110.9,442.8,1.59,197.0
2015,10,23,Sindh,133.6,480.5,2.27,138.0
2015,10,24,Punjab,115.1,404.3,1.58,197.0
2015,10,24,Sindh,133.8,471.9,2.2,134.0
2015,10,25,Punjab,125.1,461.6,1.66,206.0
2015,10,25,Sindh,136.3,473.8,2.22,134.0
2015,10,26,Punjab,122.0,449.0,1.61,185.0
2015,10,26,Sindh,133.8,459.7,2.2,123.0
2015,10,27,Punjab,119.5,403.3,1.6,151.0
2015,10,27,Sindh,133.0,487.6,2.26,147.0
2015,10,28,Punjab,114.7,447.1,1.56,205.0
2015,10,28,Sindh,137.1,469.5,2.21,128.0
2015,10,29,Punjab,134.6,506.7,1.64,215.0
2015,10,29,Sindh,135.3,458.2,2.2,122.0
2015,10,30,Punjab,115.4,436.1,1.56,199.0
2015,10,30,Sindh,144.2,514.6,2.24,142.0
2015,10,31,Punjab,124.1,498.6,1.63,216.0
2015,10,31,Sindh,123.4,420.0,2.26,115.0
2015,11,1,Punjab,118.2,451.1,1.63,200.0
2015,11,1,Sindh,142.2,483.3,2.24,135.0
2015,11,2,Punjab,122.5,456.8,1.59,204.0
2015,11,2,Sindh,143.0,478.7,2.23,137.0
2015,11,3,Punjab,125.9,489.8,1.62,218.0
2015,11,3,Sindh,126.4,435.1,2.23,128.0
2015,11,4,Punjab,111.3,444.2,1.62,218.0
2015,11,4,Sindh,135.1,471.5,2.25,136.0
2015,11,5,Punjab,122.3,470.6,1.61,226.0
2015,11,5,Sindh,135.0,476.0,2.21,131.0
2015,11,6,Punjab,131.9,515.0,1.61,225.0
2015,11,6,Sindh,129.8,468.6,2.22,131.0
2015,11,7,Punjab,136.5,515.8,1.61,228.0
2015,11,7,Sindh,133.0,473.3,2.22,133.0
2015,11,8,Punjab,121.4,459.8,1.62,225.0
2015,11,8,Sindh,131.3,456.8,2.2,118.0
2015,11,9,Punjab,122.8,469.0,1.61,236.0
2015,11,9,Sindh,145.7,506.9,2.22,142.0
2015,11,10,Punjab,140.2,517.8,1.56,253.0
2015,11,10,Sindh,141.6,503.4,2.25,131.0
2015,11,11,Punjab,131.7,489.0,1.6,224.0
2015,11,11,Sindh,143.3,520.8,2.24,153.0
2015,11,12,Punjab,117.7,474.8,1.63,241.0
2015,11,12,Sindh,140.6,494.1,2.24,134.0
2015,11,13,Punjab,117.7,487.5,1.62,219.0
2015,11,13,Sindh,131.4,452.8,2.23,124.0
2015,11,14,Punjab,130.4,527.3,1.66,250.0
2015,11,14,Sindh,134.4,455.6,2.24,122.0
2015,11,15,Punjab,114.7,409.3,1.64,217.0
2015,11,15,Sindh,139.5,466.7,2.21,125.0
2015,11,16,Punjab,131.5,471.4,1.57,213.0
2015,11,16,Sindh,131.0,468.5,2.22,140.0
2015,11,17,Punjab,125.5,453.2,1.61,250.0
2015,11,17,Sindh,140.7,501.2,2.23,141.0
2015,11,18,Punjab,127.0,485.5,1.6,255.0
2015,11,18,Sindh,136.0,484.6,2.23,124.0
2015,11,19,Punjab,120.9,403.2,1.62,220.0
2015,11,19,Sindh,135.3,471.7,2.24,136.0
2015,11,20,Punjab,118.0,436.5,1.62,217.0
2015,11,20,Sindh,140.8,513.8,2.23,145.0
2015,11,21,Punjab,134.7,540.1,1.65,264.0
2015,11,21,Sindh,139.5,480.9,2.22,129.0
2015,11,22,Punjab,121.1,479.9,1.63,252.0
2015,11,22,Sindh,135.5,488.5,2.29,135.0
2015,11,23,Punjab,119.8,445.2,1.68,222.0
2015,11,23,Sindh,143.1,500.3,2.25,135.0
2015,11,24,Punjab,122.5,457.0,1.63,236.0
2015,11,24,Sindh,131.9,452.6,2.24,133.0
2015,11,25,Punjab,124.8,485.4,1.58,257.0
2015,11,25,Sindh,140.4,500.4,2.23,131.0
2015,11,26,Punjab,115.0,455.8,1.6,224.0
2015,11,26,Sindh,140.4,497.4,2.22,135.0
2015,11,27,Punjab,118.8,440.7,1.65,239.0
2015,11,27,Sindh,135.9,480.9,2.23,128.0
2015,11,28,Punjab,118.4,445.3,1.54,219.0
2015,11,28,Sindh,139.1,488.0,2.24,124.0
2015,11,29,Punjab,130.2,483.3,1.55,242.0
2015,11,29,Sindh,131.2,458.7,2.19,135.0
2015,11,30,Punjab,116.4,415.5,1.62,224.0
2015,11,30,Sindh,142.1,533.3,2.2,136.0
2015,12,1,Punjab,109.4,411.5,1.67,235.0
2015,12,1,Sindh,136.6,495.9,2.22,134.0
2015,12,2,Punjab,107.8,403.7,1.69,221.0
2015,12,2,Sindh,134.9,483.2,2.24,121.0
2015,12,3,Punjab,111.8,399.7,1.61,228.0
2015,12,3,Sindh,142.8,501.6,2.23,132.0
2015,12,4,Punjab,134.5,524.1,1.68,265.0
2015,12,4,Sindh,134.1,484.4,2.26,132.0
2015,12,5,Punjab,123.8,480.1,1.63,251.0
2015,12,5,Sindh,130.6,464.9,2.2,120.0
2015,12,6,Punjab,127.7,499.3,1.55,275.0
2015,12,6,Sindh,129.9,455.0,2.22,125.0
2015,12,7,Punjab,128.0,471.2,1.62,243.0
2015,12,7,Sindh,140.7,488.0,2.26,129.0
2015,12,8,Punjab,124.3,432.5,1.59,249.0
2015,12,8,Sindh,131.3,458.4,2.24,129.0
2015,12,9,Punjab,123.2,477.7,1.67,259.0
2015,12,9,Sindh,146.5,465.3,2.25,132.0
2015,12,10,Punjab,132.2,489.3,1.62,258.0
2015,12,10,Sindh,127.4,449.0,2.27,118.0
2015,12,11,Punjab,125.1,457.6,1.56,240.0
2015,12,11,Sindh,146.3,504.7,2.22,135.0
2015,12,12,Punjab,135.2,488.5,1.55,252.0
2015,12,12,Sindh,138.9,510.0,2.23,136.0
2015,12,13,Punjab,129.0,484.7,1.63,257.0
2015,12,13,Sindh,137.4,481.1,2.23,131.0
2015,12,14,Punjab,119.1,484.2,1.51,261.0
2015,12,14,Sindh,135.2,455.2,2.2,121.0
2015,12,15,Punjab,120.1,446.4,1.6,258.0
2015,12,15,Sindh,139.9,488.9,2.23,131.0
2015,12,16,Punjab,118.3,427.9,1.64,243.0
2015,12,16,Sindh,137.8,466.5,2.25,123.0
2015,12,17,Punjab,133.9,522.0,1.58,276.0
2015,12,17,Sindh,143.5,509.3,2.25,136.0
2015,12,18,Punjab,121.0,463.3,1.68,260.0
2015,12,18,Sindh,138.6,489.4,2.25,137.0
2015,12,19,Punjab,117.9,405.7,1.69,246.0
2015,12,19,Sindh,138.8,500.1,2.23,136.0
2015,12,20,Punjab,126.9,495.5,1.58,278.0
2015,12,20,Sindh,136.2,465.0,2.22,127.0
2015,12,21,Punjab,123.6,512.3,1.62,264.0
2015,12,21,Sindh,137.8,482.8,2.26,132.0
2015,12,22,Punjab,126.8,429.8,1.68,248.0
2015,12,22,Sindh,139.7,468.3,2.23,124.0
2015,12,23,Punjab,139.6,505.7,1.63,289.0
2015,12,23,Sindh,129.6,464.1,2.24,125.0
2015,12,24,Punjab,131.8,444.0,1.56,242.0
2015,12,24,Sindh,131.4,467.8,2.24,119.0
2015,12,25,Punjab,124.8,472.7,1.63,267.0
2015,12,25,Sindh,141.9,504.1,2.27,140.0
2015,12,26,Punjab,113.3,450.5,1.59,257.0
2015,12,26,Sindh,139.1,486.8,2.26,115.0
2015,12,27,Punjab,120.7,460.6,1.69,258.0
2015,12,27,Sindh,137.3,486.9,2.21,128.0
2015,12,28,Punjab,130.4,523.3,1.67,302.0
2015,12,28,Sindh,138.4,508.4,2.21,140.0
2015,12,29,Punjab,115.4,455.0,1.62,262.0
2015,12,29,Sindh,140.0,485.9,2.25,122.0
2015,12,30,Punjab,141.9,573.3,1.64,319.0
2015,12,30,Sindh,135.6,476.8,2.24,129.0
2015,12,31,Punjab,125.0,498.0,1.57,276.0
2015,12,31,Sindh,134.5,454.4,2.23,117.0
2016,1,1,Punjab,125.3,468.0,1.6,271.0
2016,1,1,Sindh,139.4,474.8,2.26,124.0
2016,1,2,Punjab,119.6,455.8,1.72,258.0
2016,1,2,Sindh,133.5,468.8,2.24,129.0
2016,1,3,Punjab,128.9,472.6,1.64,264.0
2016,1,3,Sindh,140.5,508.3,2.24,135.0
2016,1,4,Punjab,115.8,435.2,1.69,261.0
2016,1,4,Sindh,130.0,451.0,2.25,110.0
2016,1,5,Punjab,142.4,542.3,1.65,298.0
2016,1,5,Sindh,143.6,499.2,2.23,127.0
2016,1,6,Punjab,135.6,513.8,1.71,291.0
2016,1,6,Sindh,140.9,487.0,2.27,134.0
2016,1,7,Punjab,133.0,532.3,1.54,293.0
2016,1,7,Sindh,139.8,481.4,2.22,130.0
2016,1,8,Punjab,114.1,426.9,1.63,240.0
2016,1,8,Sindh,143.5,506.7,2.25,143.0
2016,1,9,Punjab,126.9,463.5,1.72,260.0
2016,1,9,Sindh,146.9,491.8,2.27,139.0
2016,1,10,Punjab,135.0,495.5,1.69,287.0
2016,1,10,Sindh,143.7,522.2,2.21,136.0
2016,1,11,Punjab,130.1,507.4,1.71,264.0
2016,1,11,Sindh,129.5,443.1,2.23,131.0
2016,1,12,Punjab,117.4,417.9,1.64,254.0
2016,1,12,Sindh,132.3,473.9,2.26,127.0
2016,1,13,Punjab,120.2,452.8,1.62,262.0
2016,1,13,Sindh,135.6,455.5,2.26,117.0
2016,1,14,Punjab,121.9,489.6,1.59,284.0
2016,1,14,Sindh,138.9,496.1,2.24,129.0
2016,1,15,Punjab,120.7,464.5,1.59,270.0
2016,1,15,Sindh,141.4,504.9,2.23,123.0
2016,1,16,Punjab,137.8,522.1,1.69,281.0
2016,1,16,Sindh,135.2,478.9,2.26,136.0
2016,1,17,Punjab,110.2,418.2,1.67,244.0
2016,1,17,Sindh,139.8,474.3,2.26,135.0
2016,1,18,Punjab,130.9,476.8,1.64,266.0
2016,1,18,Sindh,135.1,476.5,2.22,122.0
2016,1,19,Punjab,115.4,421.2,1.67,258.0
2016,1,19,Sindh,135.8,457.7,2.22,121.0
2016,1,20,Punjab,118.0,444.7,1.65,237.0
2016,1,20,Sindh,131.9,457.8,2.25,123.0
2016,1,21,Punjab,109.7,422.3,1.7,254.0
2016,1,21,Sindh,134.3,485.6,2.25,125.0
2016,1,22,Punjab,121.4,480.4,1.7,263.0
2016,1,22,Sindh,132.2,474.7,2.24,118.0
2016,1,23,Punjab,138.0,526.1,1.6,288.0
2016,1,23,Sindh,134.1,469.6,2.26,125.0
2016,1,24,Punjab,128.0,513.6,1.66,286.0
2016,1,24,Sindh,144.3,490.4,2.23,130.0
2016,1,25,Punjab,116.4,474.3,1.57,251.0
2016,1,25,Sindh,134.3,479.8,2.2,126.0
2016,1,26,Punjab,134.1,525.7,1.66,284.0
2016,1,26,Sindh,152.2,533.1,2.23,143.0
2016,1,27,Punjab,135.9,540.9,1.68,293.0
2016,1,27,Sindh,141.6,460.7,2.24,131.0
2016,1,28,Punjab,126.9,462.5,1.59,263.0
2016,1,28,Sindh,140.1,502.0,2.24,133.0
2016,1,29,Punjab,142.4,518.2,1.63,281.0
2016,1,29,Sindh,134.9,471.7,2.22,128.0
2016,1,30,Punjab,132.8,514.9,1.65,269.0
2016,1,30,Sindh,142.7,517.5,2.21,142.0
2016,1,31,Punjab,131.7,473.6,1.66,256.0
2016,1,31,Sindh,136.3,460.8,2.23,128.0
2016,2,1,Punjab,119.9,449.6,1.64,243.0
2016,2,1,Sindh,139.9,441.9,2.26,117.0
2016,2,2,Punjab,131.3,514.5,1.59,284.0
2016,2,2,Sindh,152.1,536.5,2.27,145.0
2016,2,3,Punjab,128.1,515.1,1.65,278.0
2016,2,3,Sindh,138.8,490.3,2.27,136.0
2016,2,4,Punjab,130.6,491.1,1.57,268.0
2016,2,4,Sindh,145.1,482.4,2.23,125.0
2016,2,5,Punjab,121.0,446.7,1.64,237.0
2016,2,5,Sindh,135.8,460.8,2.22,132.0
2016,2,6,Punjab,127.5,491.0,1.63,268.0
2016,2,6,Sindh,139.2,528.6,2.26,150.0
2016,2,7,Punjab,120.0,434.6,1.65,255.0
2016,2,7,Sindh,148.3,514.4,2.26,136.0
2016,2,8,Punjab,109.4,412.3,1.63,222.0
2016,2,8,Sindh,136.3,488.0,2.25,134.0
2016,2,9,Punjab,134.6,511.4,1.58,268.0
2016,2,9,Sindh,148.5,510.1,2.21,141.0
2016,2,10,Punjab,114.7,435.2,1.64,231.0
2016,2,10,Sindh,143.0,469.3,2.23,126.0
2016,2,11,Punjab,127.6,486.6,1.7,261.0
2016,2,11,Sindh,136.7,475.9,2.25,133.0
2016,2,12,Punjab,129.4,475.2,1.72,252.0
2016,2,12,Sindh,142.7,495.5,2.26,136.0
2016,2,13,Punjab,129.4,477.3,1.78,265.0
2016,2,13,Sindh,144.4,499.6,2.26,129.0
2016,2,14,Punjab,124.6,458.6,1.74,255.0
2016,2,14,Sindh,142.7,497.8,2.25,139.0
2016,2,15,Punjab,129.1,458.1,1.6,264.0
2016,2,15,Sindh,131.8,465.2,2.25,123.0
2016,2,16,Punjab,130.7,503.6,1.64,266.0
2016,2,16,Sindh,136.0,473.9,2.25,136.0
2016,2,17,Punjab,132.9,522.9,1.66,276.0
2016,2,17,Sindh,138.5,465.6,2.26,126.0
2016,2,18,Punjab,140.9,551.4,1.66,276.0
2016,2,18,Sindh,139.4,495.0,2.25,136.0
2016,2,19,Punjab,129.0,484.8,1.67,247.0
2016,2,19,Sindh,142.9,470.7,2.25,137.0
2016,2,20,Punjab,127.7,468.9,1.78,261.0
2016,2,20,Sindh,140.7,461.6,2.24,131.0
2016,2,21,Punjab,119.9,470.6,1.61,263.0
2016,2,21,Sindh,133.1,477.0,2.25,127.0
2016,2,22,Punjab,130.7,509.5,1.63,270.0
2016,2,22,Sindh,141.7,503.7,2.26,134.0
2016,2,23,Punjab,132.6,508.3,1.75,265.0
2016,2,23,Sindh,142.9,499.3,2.25,136.0
2016,2,24,Punjab,125.8,512.9,1.63,253.0
2016,2,24,Sindh,142.7,478.5,2.26,136.0
2016,2,25,Punjab,131.7,500.0,1.68,269.0
2016,2,25,Sindh,145.3,498.0,2.28,141.0
2016,2,26,Punjab,125.1,470.1,1.72,253.0
2016,2,26,Sindh,144.1,500.5,2.25,135.0
2016,2,27,Punjab,132.8,496.7,1.69,275.0
2016,2,27,Sindh,142.3,474.0,2.24,127.0
2016,2,28,Punjab,134.8,481.0,1.68,237.0
2016,2,28,Sindh,139.7,477.7,2.27,136.0
2016,2,29,Punjab,134.7,525.2,1.71,272.0
2016,2,29,Sindh,131.7,470.8,2.22,132.0
2016,3,1,Punjab,128.5,486.3,1.62,253.0
2016,3,1,Sindh,142.2,519.1,2.23,156.0
2016,3,2,Punjab,119.3,463.6,1.64,235.0
2016,3,2,Sindh,141.1,487.6,2.26,138.0
2016,3,3,Punjab,122.8,503.4,1.7,266.0
2016,3,3,Sindh,141.5,506.5,2.26,152.0
2016,3,4,Punjab,132.5,495.7,1.57,251.0
2016,3,4,Sindh,133.8,439.4,2.23,120.0
2016,3,5,Punjab,147.4,513.2,1.74,245.0
2016,3,5,Sindh,134.8,481.6,2.24,129.0
2016,3,6,Punjab,125.1,485.0,1.69,241.0
2016,3,6,Sindh,145.5,497.1,2.24,135.0
2016,3,7,Punjab,131.5,503.1,1.68,238.0
2016,3,7,Sindh,140.0,494.7,2.24,146.0
2016,3,8,Punjab,123.5,454.5,1.59,223.0
2016,3,8,Sindh,143.7,499.1,2.27,151.0
2016,3,9,Punjab,120.2,464.6,1.61,238.0
2016,3,9,Sindh,140.4,511.3,2.27,141.0
2016,3,10,Punjab,122.6,481.6,1.65,246.0
2016,3,10,Sindh,140.5,478.5,2.25,135.0
2016,3,11,Punjab,111.4,404.3,1.71,211.0
2016,3,11,Sindh,145.0,517.0,2.24,141.0
2016,3,12,Punjab,138.9,521.9,1.57,239.0
2016,3,12,Sindh,137.8,478.1,2.23,128.0
2016,3,13,Punjab,110.3,448.7,1.71,226.0
2016,3,13,Sindh,140.9,490.7,2.28,145.0
2016,3,14,Punjab,126.1,464.6,1.66,233.0
2016,3,14,Sindh,138.1,480.6,2.26,140.0
2016,3,15,Punjab,118.8,452.8,1.66,201.0
2016,3,15,Sindh,138.3,471.3,2.24,136.0
2016,3,16,Punjab,121.2,408.1,1.69,205.0
2016,3,16,Sindh,138.9,486.0,2.27,134.0
2016,3,17,Punjab,139.3,499.8,1.69,233.0
2016,3,17,Sindh,141.6,494.7,2.25,151.0
2016,3,18,Punjab,130.0,497.1,1.64,241.0
2016,3,18,Sindh,138.1,487.1,2.25,139.0
2016,3,19,Punjab,120.7,483.2,1.71,230.0
2016,3,19,Sindh,146.8,515.2,2.26,151.0
2016,3,20,Punjab,123.7,443.0,1.56,214.0
2016,3,20,Sindh,136.1,488.4,2.24,135.0
2016,3,21,Punjab,122.4,466.5,1.66,213.0
2016,3,21,Sindh,139.7,502.7,2.25,145.0
2016,3,22,Punjab,128.2,479.6,1.69,221.0
2016,3,22,Sindh,138.4,468.8,2.26,139.0
2016,3,23,Punjab,130.0,513.0,1.66,241.0
2016,3,23,Sindh,147.9,530.7,2.25,155.0
2016,3,24,Punjab,143.8,522.1,1.59,231.0
2016,3,24,Sindh,141.7,478.1,2.27,141.0
2016,3,25,Punjab,113.4,439.3,1.72,205.0
2016,3,25,Sindh,145.9,519.4,2.29,154.0
2016,3,26,Punjab,128.5,475.0,1.62,198.0
2016,3,26,Sindh,133.3,475.9,2.24,135.0
2016,3,27,Punjab,126.3,484.2,1.68,215.0
2016,3,27,Sindh,142.1,468.8,2.22,140.0
2016,3,28,Punjab,136.4,519.7,1.69,207.0
2016,3,28,Sindh,145.3,509.8,2.22,150.0
2016,3,29,Punjab,131.7,495.4,1.68,212.0
2016,3,29,Sindh,141.3,487.4,2.25,145.0
2016,3,30,Punjab,133.6,517.4,1.74,225.0
2016,3,30,Sindh,146.2,500.3,2.24,148.0
2016,3,31,Punjab,131.7,501.4,1.68,225.0
2016,3,31,Sindh,138.3,504.3,2.26,143.0
2016,4,1,Punjab,121.5,459.2,1.7,191.0
2016,4,1,Sindh,148.0,508.1,2.26,143.0
2016,4,2,Punjab,138.7,520.1,1.68,224.0
2016,4,2,Sindh,152.4,521.5,2.23,142.0
2016,4,3,Punjab,135.5,516.4,1.72,233.0
2016,4,3,Sindh,139.2,488.2,2.22,149.0
2016,4,4,Punjab,136.5,523.0,1.75,214.0
2016,4,4,Sindh,138.8,496.0,2.26,152.0
2016,4,5,Punjab,139.3,509.5,1.69,198.0
2016,4,5,Sindh,148.3,516.9,2.26,158.0
2016,4,6,Punjab,132.6,496.8,1.73,211.0
2016,4,6,Sindh,149.0,538.9,2.25,160.0
2016,4,7,Punjab,141.1,515.2,1.76,201.0
2016,4,7,Sindh,138.5,492.6,2.23,137.0
2016,4,8,Punjab,132.3,502.1,1.76,199.0
2016,4,8,Sindh,139.0,453.9,2.27,133.0
2016,4,9,Punjab,127.6,473.1,1.67,204.0
2016,4,9,Sindh,139.7,481.1,2.28,147.0
2016,4,10,Punjab,129.4,507.0,1.74,225.0
2016,4,10,Sindh,134.5,462.2,2.26,142.0
2016,4,11,Punjab,129.3,504.7,1.7,193.0
2016,4,11,Sindh,136.6,485.3,2.24,146.0
2016,4,12,Punjab,125.3,457.9,1.75,179.0
2016,4,12,Sindh,136.2,437.4,2.26,137.0
2016,4,13,Punjab,142.6,541.9,1.72,209.0
2016,4,13,Sindh,137.4,519.2,2.23,156.0
2016,4,14,Punjab,132.0,514.2,1.7,197.0
2016,4,14,Sindh,141.1,501.9,2.28,153.0
2016,4,15,Punjab,130.4,492.0,1.71,213.0
2016,4,15,Sindh,142.5,500.9,2.26,149.0
2016,4,16,Punjab,132.8,490.1,1.7,186.0
2016,4,16,Sindh,149.1,539.6,2.22,166.0
2016,4,17,Punjab,153.6,561.7,1.71,211.0
2016,4,17,Sindh,136.4,512.5,2.25,153.0
2016,4,18,Punjab,120.7,475.8,1.68,199.0
2016,4,18,Sindh,146.3,525.2,2.27,152.0
2016,4,19,Punjab,123.1,485.7,1.68,191.0
2016,4,19,Sindh,140.4,505.5,2.25,150.0
2016,4,20,Punjab,118.8,447.4,1.78,182.0
2016,4,20,Sindh,141.2,496.2,2.26,150.0
2016,4,21,Punjab,128.1,501.9,1.72,180.0
2016,4,21,Sindh,144.9,504.9,2.24,159.0
2016,4,22,Punjab,131.9,442.0,1.67,160.0
2016,4,22,Sindh,135.9,468.5,2.27,145.0
2016,4,23,Punjab,126.3,506.4,1.68,177.0
2016,4,23,Sindh,143.5,489.7,2.25,150.0
2016,4,24,Punjab,125.7,474.7,1.75,184.0
2016,4,24,Sindh,142.4,488.1,2.22,144.0
2016,4,25,Punjab,131.2,501.5,1.66,195.0
2016,4,25,Sindh,144.1,484.0,2.25,154.0
2016,4,26,Punjab,126.1,472.9,1.62,165.0
2016,4,26,Sindh,143.1,499.6,2.28,151.0
2016,4,27,Punjab,132.7,532.1,1.63,186.0
2016,4,27,Sindh,153.9,513.5,2.25,157.0
2016,4,28,Punjab,139.1,507.6,1.61,177.0
2016,4,28,Sindh,138.5,487.6,2.3,159.0
2016,4,29,Punjab,135.7,545.1,1.63,177.0
2016,4,29,Sindh,139.1,486.2,2.27,154.0
2016,4,30,Punjab,137.4,529.9,1.64,179.0
2016,4,30,Sindh,138.6,487.4,2.27,144.0
2016,5,1,Punjab,139.1,540.9,1.77,198.0
2016,5,1,Sindh,139.0,478.6,2.26,141.0
2016,5,2,Punjab,132.7,497.6,1.7,164.0
2016,5,2,Sindh,138.6,531.3,2.26,163.0
2016,5,3,Punjab,129.2,464.8,1.68,160.0
2016,5,3,Sindh,147.8,537.6,2.26,159.0
2016,5,4,Punjab,124.3,491.1,1.63,153.0
2016,5,4,Sindh,149.0,502.7,2.26,160.0
2016,5,5,Punjab,127.4,490.4,1.69,165.0
2016,5,5,Sindh,139.0,490.1,2.27,154.0
2016,5,6,Punjab,126.4,507.6,1.61,164.0
2016,5,6,Sindh,137.7,473.0,2.25,150.0
2016,5,7,Punjab,136.5,514.8,1.68,160.0
2016,5,7,Sindh,144.3,489.8,2.24,150.0
2016,5,8,Punjab,133.5,498.8,1.81,175.0
2016,5,8,Sindh,139.2,467.1,2.24,157.0
2016,5,9,Punjab,136.3,545.7,1.74,189.0
2016,5,9,Sindh,145.2,514.5,2.31,175.0
2016,5,10,Punjab,121.5,499.9,1.69,153.0
2016,5,10,Sindh,143.0,490.4,2.28,154.0
2016,5,11,Punjab,142.3,540.9,1.74,175.0
2016,5,11,Sindh,134.5,485.2,2.27,156.0
2016,5,12,Punjab,127.5,469.3,1.68,150.0
2016,5,12,Sindh,149.8,539.3,2.24,168.0
2016,5,13,Punjab,122.1,480.3,1.67,134.0
2016,5,13,Sindh,151.1,549.4,2.28,169.0
2016,5,14,Punjab,127.5,479.2,1.79,139.0
2016,5,14,Sindh,139.1,474.0,2.26,147.0
2016,5,15,Punjab,150.9,585.3,1.65,199.0
2016,5,15,Sindh,140.2,497.9,2.27,152.0
2016,5,16,Punjab,128.0,481.1,1.69,139.0
2016,5,16,Sindh,143.6,512.2,2.25,156.0
2016,5,17,Punjab,128.5,519.6,1.72,175.0
2016,5,17,Sindh,143.9,496.5,2.27,160.0
2016,5,18,Punjab,129.6,478.5,1.66,132.0
2016,5,18,Sindh,145.5,497.8,2.26,156.0
2016,5,19,Punjab,130.0,503.6,1.74,161.0
2016,5,19,Sindh,152.3,557.3,2.25,160.0
2016,5,20,Punjab,125.0,465.2,1.69,136.0
2016,5,20,Sindh,141.4,498.4,2.28,161.0
2016,5,21,Punjab,132.4,497.6,1.74,149.0
2016,5,21,Sindh,138.3,493.7,2.24,157.0
2016,5,22,Punjab,139.9,523.5,1.74,177.0
2016,5,22,Sindh,135.5,461.8,2.28,157.0
2016,5,23,Punjab,133.9,523.6,1.7,144.0
2016,5,23,Sindh,138.7,467.3,2.28,153.0
2016,5,24,Punjab,122.5,484.0,1.8,149.0
2016,5,24,Sindh,142.3,489.3,2.25,150.0
2016,5,25,Punjab,128.7,500.3,1.68,152.0
2016,5,25,Sindh,151.4,528.1,2.25,156.0
2016,5,26,Punjab,127.1,480.8,1.78,173.0
2016,5,26,Sindh,139.9,473.6,2.26,150.0
2016,5,27,Punjab,132.0,504.4,1.77,136.0
2016,5,27,Sindh,143.6,502.5,2.27,158.0
2016,5,28,Punjab,142.3,558.5,1.8,159.0
2016,5,28,Sindh,142.4,473.2,2.27,158.0
2016,5,29,Punjab,130.5,514.3,1.72,156.0
2016,5,29,Sindh,148.5,502.9,2.28,161.0
2016,5,30,Punjab,131.0,444.0,1.67,120.0
2016,5,30,Sindh,155.2,553.3,2.3,180.0
2016,5,31,Punjab,146.0,549.2,1.82,155.0
2016,5,31,Sindh,140.0,498.9,2.26,154.0
2016,6,1,Punjab,138.8,523.0,1.7,157.0
2016,6,1,Sindh,140.2,484.8,2.24,162.0
2016,6,2,Punjab,136.4,531.8,1.67,147.0
2016,6,2,Sindh,147.9,502.4,2.29,165.0
2016,6,3,Punjab,147.5,559.4,1.71,150.0
2016,6,3,Sindh,146.1,496.0,2.3,150.0
2016,6,4,Punjab,135.8,530.6,1.67,155.0
2016,6,4,Sindh,152.0,526.3,2.28,175.0
2016,6,5,Punjab,116.1,419.5,1.74,113.0
2016,6,5,Sindh,145.7,519.5,2.25,167.0
2016,6,6,Punjab,138.7,532.2,1.69,143.0
2016,6,6,Sindh,141.0,507.4,2.27,165.0
2016,6,7,Punjab,119.3,471.5,1.7,121.0
2016,6,7,Sindh,145.8,502.7,2.25,158.0
2016,6,8,Punjab,135.7,486.3,1.77,121.0
2016,6,8,Sindh,148.4,502.0,2.28,169.0
2016,6,9,Punjab,118.4,500.4,1.75,141.0
2016,6,9,Sindh,147.0,518.4,2.24,160.0
2016,6,10,Punjab,128.5,512.0,1.72,133.0
2016,6,10,Sindh,145.4,496.7,2.27,165.0
2016,6,11,Punjab,129.3,491.5,1.73,121.0
2016,6,11,Sindh,148.3,511.1,2.25,169.0
2016,6,12,Punjab,126.1,462.8,1.72,105.0
2016,6,12,Sindh,148.8,540.7,2.27,167.0
2016,6,13,Punjab,129.6,488.8,1.7,130.0
2016,6,13,Sindh,149.9,537.0,2.27,181.0
2016,6,14,Punjab,140.6,536.1,1.72,138.0
2016,6,14,Sindh,146.3,514.3,2.28,167.0
2016,6,15,Punjab,126.7,490.4,1.75,106.0
2016,6,15,Sindh,142.2,478.6,2.27,160.0
2016,6,16,Punjab,136.8,550.0,1.72,134.0
2016,6,16,Sindh,143.8,506.5,2.25,156.0
2016,6,17,Punjab,124.8,464.7,1.74,114.0
2016,6,17,Sindh,149.1,537.9,2.29,183.0
2016,6,18,Punjab,131.1,509.3,1.68,128.0
2016,6,18,Sindh,139.0,481.0,2.27,152.0
2016,6,19,Punjab,135.2,487.9,1.69,120.0
2016,6,19,Sindh,145.0,527.7,2.25,174.0
2016,6,20,Punjab,124.7,465.6,1.69,110.0
2016,6,20,Sindh,141.2,513.6,2.32,161.0
2016,6,21,Punjab,122.2,472.0,1.7,101.0
2016,6,21,Sindh,143.4,526.7,2.28,166.0
2016,6,22,Punjab,136.7,533.3,1.79,129.0
2016,6,22,Sindh,149.6,528.3,2.27,174.0
2016,6,23,Punjab,141.8,523.7,1.76,146.0
2016,6,23,Sindh,144.2,513.6,2.3,171.0
2016,6,24,Punjab,132.2,493.6,1.67,132.0
2016,6,24,Sindh,143.5,523.5,2.31,163.0
2016,6,25,Punjab,129.2,520.3,1.75,138.0
2016,6,25,Sindh,136.5,484.5,2.27,164.0
2016,6,26,Punjab,134.2,533.1,1.71,140.0
2016,6,26,Sindh,147.1,507.3,2.28,170.0
2016,6,27,Punjab,133.4,511.2,1.69,136.0
2016,6,27,Sindh,146.6,506.4,2.26,159.0
2016,6,28,Punjab,135.0,468.2,1.65,100.0
2016,6,28,Sindh,154.2,543.4,2.27,182.0
2016,6,29,Punjab,112.9,479.1,1.78,117.0
2016,6,29,Sindh,141.9,477.3,2.27,150.0
2016,6,30,Punjab,124.6,473.0,1.66,101.0
2016,6,30,Sindh,144.6,503.8,2.28,161.0
2016,7,1,Punjab,126.4,474.1,1.73,102.0
2016,7,1,Sindh,144.7,523.0,2.28,171.0
2016,7,2,Punjab,134.4,500.4,1.68,125.0
2016,7,2,Sindh,151.4,497.1,2.29,158.0
2016,7,3,Punjab,134.8,519.6,1.77,139.0
2016,7,3,Sindh,143.1,523.8,2.28,170.0
2016,7,4,Punjab,138.4,533.6,1.72,131.0
2016,7,4,Sindh,145.0,524.2,2.25,170.0
2016,7,5,Punjab,135.4,533.6,1.73,150.0
2016,7,5,Sindh,146.6,506.4,2.26,163.0
2016,7,6,Punjab,123.0,448.9,1.73,106.0
2016,7,6,Sindh,144.6,514.1,2.27,170.0
2016,7,7,Punjab,145.0,544.8,1.75,129.0
2016,7,7,Sindh,141.4,495.0,2.27,160.0
2016,7,8,Punjab,143.7,586.6,1.73,141.0
2016,7,8,Sindh,144.7,524.8,2.3,170.0
2016,7,9,Punjab,123.5,473.7,1.73,122.0
2016,7,9,Sindh,149.1,536.5,2.25,177.0
2016,7,10,Punjab,136.2,514.3,1.71,127.0
2016,7,10,Sindh,138.6,464.1,2.27,157.0
2016,7,11,Punjab,128.9,470.9,1.66,116.0
2016,7,11,Sindh,144.4,514.3,2.3,170.0
2016,7,12,Punjab,134.8,522.3,1.68,101.0
2016,7,12,Sindh,140.3,488.0,2.27,154.0
2016,7,13,Punjab,142.2,560.8,1.77,145.0
2016,7,13,Sindh,149.8,525.6,2.29,171.0
2016,7,14,Punjab,150.8,590.6,1.72,147.0
2016,7,14,Sindh,136.2,465.9,2.28,149.0
2016,7,15,Punjab,139.8,526.2,1.7,116.0
2016,7,15,Sindh,141.1,520.0,2.28,161.0
2016,7,16,Punjab,136.2,524.9,1.67,128.0
2016,7,16,Sindh,145.8,525.9,2.27,168.0
2016,7,17,Punjab,131.2,532.0,1.65,142.0
2016,7,17,Sindh,151.8,520.1,2.29,163.0
2016,7,18,Punjab,135.4,536.0,1.7,156.0
2016,7,18,Sindh,143.6,482.7,2.25,161.0
2016,7,19,Punjab,144.9,534.9,1.78,137.0
2016,7,19,Sindh,141.2,488.5,2.27,163.0
2016,7,20,Punjab,133.7,457.1,1.71,99.0
2016,7,20,Sindh,153.4,543.5,2.29,163.0
2016,7,21,Punjab,127.0,488.6,1.76,111.0
2016,7,21,Sindh,136.8,482.5,2.29,153.0
2016,7,22,Punjab,121.2,476.5,1.71,123.0
2016,7,22,Sindh,133.1,484.6,2.31,151.0
2016,7,23,Punjab,138.3,503.7,1.77,114.0
2016,7,23,Sindh,146.3,523.9,2.27,165.0
2016,7,24,Punjab,136.2,517.4,1.73,135.0
2016,7,24,Sindh,141.6,510.3,2.31,167.0
2016,7,25,Punjab,129.1,485.3,1.68,120.0
2016,7,25,Sindh,139.1,491.6,2.27,158.0
2016,7,26,Punjab,142.5,543.7,1.73,140.0
2016,7,26,Sindh,147.7,496.3,2.31,158.0
2016,7,27,Punjab,131.0,486.9,1.84,105.0
2016,7,27,Sindh,145.4,506.1,2.3,169.0
2016,7,28,Punjab,133.3,532.5,1.83,133.0
2016,7,28,Sindh,141.4,510.9,2.26,152.0
2016,7,29,Punjab,134.3,513.4,1.77,115.0
2016,7,29,Sindh,137.9,481.8,2.29,163.0
2016,7,30,Punjab,131.7,482.9,1.74,113.0
2016,7,30,Sindh,148.7,527.9,2.28,165.0
2016,7,31,Punjab,136.4,536.8,1.76,148.0
2016,7,31,Sindh,147.6,511.8,2.3,163.0
2016,8,1,Punjab,143.8,521.2,1.76,146.0
2016,8,1,Sindh,143.9,488.1,2.28,155.0
2016,8,2,Punjab,125.5,502.6,1.75,129.0
2016,8,2,Sindh,153.6,535.9,2.28,177.0
2016,8,3,Punjab,138.6,546.5,1.77,138.0
2016,8,3,Sindh,139.1,491.4,2.31,152.0
2016,8,4,Punjab,136.1,545.0,1.76,159.0
2016,8,4,Sindh,136.8,469.1,2.28,152.0
2016,8,5,Punjab,136.0,513.7,1.73,127.0
2016,8,5,Sindh,141.0,490.0,2.3,160.0
2016,8,6,Punjab,141.8,528.9,1.69,126.0
2016,8,6,Sindh,144.3,490.9,2.28,149.0
2016,8,7,Punjab,135.3,515.7,1.73,141.0
2016,8,7,Sindh,145.8,526.9,2.32,162.0
2016,8,8,Punjab,138.8,525.6,1.79,144.0
2016,8,8,Sindh,143.4,497.4,2.27,158.0
2016,8,9,Punjab,140.7,521.6,1.75,132.0
2016,8,9,Sindh,146.4,534.0,2.27,163.0
2016,8,10,Punjab,131.0,486.7,1.77,127.0
2016,8,10,Sindh,138.4,507.2,2.32,157.0
2016,8,11,Punjab,137.5,515.0,1.74,141.0
2016,8,11,Sindh,151.9,530.3,2.28,165.0
2016,8,12,Punjab,133.1,482.4,1.7,127.0
2016,8,12,Sindh,144.3,489.8,2.32,160.0
2016,8,13,Punjab,134.1,523.1,1.74,146.0
2016,8,13,Sindh,150.3,494.8,2.3,156.0
2016,8,14,Punjab,132.6,502.9,1.7,129.0
2016,8,14,Sindh,146.5,490.5,2.28,161.0
2016,8,15,Punjab,139.0,522.1,1.7,147.0
2016,8,15,Sindh,147.1,494.1,2.25,151.0
2016,8,16,Punjab,135.9,494.4,1.81,134.0
2016,8,16,Sindh,147.6,537.4,2.29,161.0
2016,8,17,Punjab,138.5,503.1,1.73,132.0
2016,8,17,Sindh,147.1,516.5,2.29,172.0
2016,8,18,Punjab,135.2,552.7,1.72,152.0
2016,8,18,Sindh,148.1,524.1,2.31,161.0
2016,8,19,Punjab,122.6,453.3,1.84,122.0
2016,8,19,Sindh,151.5,497.0,2.32,151.0
2016,8,20,Punjab,135.7,528.0,1.8,135.0
2016,8,20,Sindh,145.9,492.7,2.27,147.0
2016,8,21,Punjab,136.0,520.2,1.74,140.0
2016,8,21,Sindh,148.5,533.0,2.3,171.0
2016,8,22,Punjab,137.5,467.0,1.78,130.0
2016,8,22,Sindh,144.5,510.1,2.3,158.0
2016,8,23,Punjab,130.9,533.1,1.75,139.0
2016,8,23,Sindh,152.2,530.5,2.31,163.0
2016,8,24,Punjab,126.1,492.9,1.72,133.0
2016,8,24,Sindh,141.6,504.2,2.3,157.0
2016,8,25,Punjab,140.7,519.3,1.78,174.0
2016,8,25,Sindh,154.1,563.7,2.25,177.0
2016,8,26,Punjab,133.6,507.0,1.74,135.0
2016,8,26,Sindh,144.9,503.8,2.29,156.0
2016,8,27,Punjab,137.2,498.3,1.76,141.0
2016,8,27,Sindh,138.0,483.9,2.27,163.0
2016,8,28,Punjab,133.6,544.2,1.81,154.0
2016,8,28,Sindh,145.8,513.1,2.28,160.0
2016,8,29,Punjab,135.8,498.1,1.81,146.0
2016,8,29,Sindh,141.8,532.0,2.31,169.0
2016,8,30,Punjab,132.3,492.5,1.73,137.0
2016,8,30,Sindh,149.4,491.4,2.3,157.0
2016,8,31,Punjab,128.2,472.7,1.79,138.0
2016,8,31,Sindh,142.0,507.1,2.31,157.0
2016,9,1,Punjab,139.8,532.9,1.71,154.0
2016,9,1,Sindh,143.0,498.9,2.3,152.0
2016,9,2,Punjab,131.3,526.2,1.79,171.0
2016,9,2,Sindh,135.8,483.9,2.26,152.0
2016,9,3,Punjab,137.4,558.1,1.77,174.0
2016,9,3,Sindh,143.0,490.8,2.24,154.0
2016,9,4,Punjab,139.5,522.0,1.78,151.0
2016,9,4,Sindh,133.2,465.5,2.29,143.0
2016,9,5,Punjab,131.5,507.4,1.75,165.0
2016,9,5,Sindh,137.4,491.7,2.29,153.0
2016,9,6,Punjab,126.6,482.9,1.87,142.0
2016,9,6,Sindh,149.2,568.9,2.27,177.0
2016,9,7,Punjab,155.7,572.1,1.72,166.0
2016,9,7,Sindh,149.4,534.9,2.26,172.0
2016,9,8,Punjab,132.1,550.6,1.82,176.0
2016,9,8,Sindh,147.6,503.8,2.28,158.0
2016,9,9,Punjab,141.4,564.6,1.72,200.0
2016,9,9,Sindh,140.6,485.9,2.29,159.0
2016,9,10,Punjab,152.0,581.3,1.79,171.0
2016,9,10,Sindh,145.3,501.6,2.3,150.0
2016,9,11,Punjab,142.8,574.3,1.8,175.0
2016,9,11,Sindh,145.5,482.4,2.3,152.0
2016,9,12,Punjab,134.1,534.0,1.77,182.0
2016,9,12,Sindh,139.8,484.3,2.32,155.0
2016,9,13,Punjab,136.1,518.6,1.74,164.0
2016,9,13,Sindh,153.1,546.9,2.27,159.0
2016,9,14,Punjab,130.0,500.4,1.78,172.0
2016,9,14,Sindh,150.0,505.9,2.31,151.0
2016,9,15,Punjab,143.7,576.4,1.78,185.0
2016,9,15,Sindh,144.5,521.6,2.29,166.0
2016,9,16,Punjab,141.3,517.9,1.86,177.0
2016,9,16,Sindh,145.8,517.7,2.31,151.0
2016,9,17,Punjab,132.7,537.6,1.73,199.0
2016,9,17,Sindh,146.8,502.6,2.28,145.0
2016,9,18,Punjab,128.5,483.7,1.74,152.0
2016,9,18,Sindh,135.5,472.2,2.31,152.0
2016,9,19,Punjab,126.3,510.4,1.79,186.0
2016,9,19,Sindh,144.5,529.8,2.3,164.0
2016,9,20,Punjab,144.8,550.2,1.76,197.0
2016,9,20,Sindh,142.4,509.4,2.28,155.0
2016,9,21,Punjab,137.9,530.9,1.77,170.0
2016,9,21,Sindh,140.8,493.0,2.29,148.0
2016,9,22,Punjab,138.7,526.5,1.83,191.0
2016,9,22,Sindh,144.4,502.0,2.29,148.0
2016,9,23,Punjab,130.5,485.2,1.63,170.0
2016,9,23,Sindh,154.9,543.2,2.3,162.0
2016,9,24,Punjab,125.4,471.1,1.75,168.0
2016,9,24,Sindh,149.1,514.2,2.27,160.0
2016,9,25,Punjab,144.8,578.0,1.69,209.0
2016,9,25,Sindh,143.1,469.2,2.29,142.0
2016,9,26,Punjab,137.5,476.3,1.72,168.0
2016,9,26,Sindh,148.8,551.5,2.3,172.0
2016,9,27,Punjab,144.5,524.3,1.9,193.0
2016,9,27,Sindh,153.0,537.8,2.3,153.0
2016,9,28,Punjab,134.2,495.5,1.81,185.0
2016,9,28,Sindh,150.6,533.2,2.32,157.0
2016,9,29,Punjab,135.4,493.1,1.83,190.0
2016,9,29,Sindh,146.4,511.4,2.31,149.0
2016,9,30,Punjab,143.1,573.9,1.77,197.0
2016,9,30,Sindh,142.8,488.9,2.3,139.0
2016,10,1,Punjab,143.3,569.6,1.82,225.0
2016,10,1,Sindh,149.6,520.8,2.3,152.0
2016,10,2,Punjab,143.9,558.5,1.69,196.0
2016,10,2,Sindh,148.1,494.4,2.3,148.0
2016,10,3,Punjab,135.2,500.8,1.83,199.0
2016,10,3,Sindh,150.6,561.4,2.3,165.0
2016,10,4,Punjab,142.5,568.1,1.74,216.0
2016,10,4,Sindh,149.4,504.3,2.26,158.0
2016,10,5,Punjab,146.5,524.9,1.75,188.0
2016,10,5,Sindh,151.5,514.7,2.29,152.0
2016,10,6,Punjab,136.8,562.8,1.81,222.0
2016,10,6,Sindh,143.6,495.9,2.27,151.0
2016,10,7,Punjab,133.6,494.0,1.8,184.0
2016,10,7,Sindh,152.9,554.4,2.32,160.0
2016,10,8,Punjab,148.5,559.0,1.79,228.0
2016,10,8,Sindh,147.3,515.8,2.3,158.0
2016,10,9,Punjab,132.6,495.2,1.71,189.0
2016,10,9,Sindh,156.7,530.0,2.29,165.0
2016,10,10,Punjab,142.9,521.5,1.79,192.0
2016,10,10,Sindh,142.9,519.0,2.32,153.0
2016,10,11,Punjab,137.4,560.7,1.83,238.0
2016,10,11,Sindh,155.1,553.7,2.31,153.0
2016,10,12,Punjab,123.2,484.0,1.76,198.0
2016,10,12,Sindh,147.4,524.0,2.28,148.0
2016,10,13,Punjab,147.0,583.0,1.85,243.0
2016,10,13,Sindh,143.2,511.9,2.3,149.0
2016,10,14,Punjab,116.0,416.2,1.74,167.0
2016,10,14,Sindh,144.1,540.1,2.29,156.0
2016,10,15,Punjab,122.2,468.0,1.79,177.0
2016,10,15,Sindh,144.9,540.0,2.26,157.0
2016,10,16,Punjab,142.3,551.3,1.86,244.0
2016,10,16,Sindh,148.7,510.0,2.29,148.0
2016,10,17,Punjab,142.4,546.5,1.75,225.0
2016,10,17,Sindh,149.2,546.5,2.3,155.0
2016,10,18,Punjab,133.1,482.6,1.84,210.0
2016,10,18,Sindh,143.7,508.8,2.3,142.0
2016,10,19,Punjab,139.4,551.4,1.89,238.0
2016,10,19,Sindh,146.5,520.2,2.27,150.0
2016,10,20,Punjab,118.1,451.1,1.8,193.0
2016,10,20,Sindh,157.4,525.4,2.32,159.0
2016,10,21,Punjab,144.0,528.2,1.76,227.0
2016,10,21,Sindh,155.3,541.1,2.3,158.0
2016,10,22,Punjab,140.4,496.4,1.75,230.0
2016,10,22,Sindh,148.9,508.9,2.3,147.0
2016,10,23,Punjab,138.1,536.9,1.86,231.0
2016,10,23,Sindh,146.9,526.7,2.31,154.0
2016,10,24,Punjab,138.7,575.9,1.85,256.0
2016,10,24,Sindh,147.4,531.9,2.28,148.0
2016,10,25,Punjab,142.5,521.2,1.86,209.0
2016,10,25,Sindh,149.9,493.4,2.31,137.0
2016,10,26,Punjab,138.4,529.2,1.79,243.0
2016,10,26,Sindh,141.7,495.7,2.29,136.0
2016,10,27,Punjab,123.6,492.1,1.84,206.0
2016,10,27,Sindh,145.6,526.3,2.28,147.0
2016,10,28,Punjab,156.3,568.4,1.79,258.0
2016,10,28,Sindh,138.5,482.1,2.31,134.0
2016,10,29,Punjab,148.3,554.1,1.75,248.0
2016,10,29,Sindh,148.9,532.1,2.33,155.0
2016,10,30,Punjab,128.5,471.1,1.85,217.0
2016,10,30,Sindh,150.2,530.9,2.32,146.0
2016,10,31,Punjab,136.1,536.7,1.88,241.0
2016,10,31,Sindh,144.6,511.1,2.32,139.0
2016,11,1,Punjab,137.0,547.0,1.74,243.0
2016,11,1,Sindh,154.9,538.0,2.29,159.0
2016,11,2,Punjab,147.5,563.9,1.74,244.0
2016,11,2,Sindh,140.9,474.9,2.27,131.0
2016,11,3,Punjab,121.7,445.6,1.8,211.0
2016,11,3,Sindh,139.7,472.2,2.33,134.0
2016,11,4,Punjab,135.0,504.2,1.84,258.0
2016,11,4,Sindh,148.2,529.4,2.34,149.0
2016,11,5,Punjab,125.0,462.3,1.74,234.0
2016,11,5,Sindh,152.3,533.5,2.33,142.0
2016,11,6,Punjab,136.8,500.4,1.81,228.0
2016,11,6,Sindh,155.6,542.4,2.3,156.0
2016,11,7,Punjab,135.4,512.4,1.77,244.0
2016,11,7,Sindh,144.9,500.7,2.28,142.0
2016,11,8,Punjab,139.8,542.9,1.83,255.0
2016,11,8,Sindh,152.6,529.5,2.28,153.0
2016,11,9,Punjab,134.4,520.5,1.76,245.0
2016,11,9,Sindh,147.0,530.3,2.27,142.0
2016,11,10,Punjab,133.3,506.3,1.84,234.0
2016,11,10,Sindh,146.4,507.3,2.3,140.0
2016,11,11,Punjab,144.3,549.5,1.79,264.0
2016,11,11,Sindh,151.7,510.8,2.34,141.0
2016,11,12,Punjab,143.0,541.9,1.75,266.0
2016,11,12,Sindh,150.6,538.2,2.3,149.0
2016,11,13,Punjab,143.8,520.7,1.8,243.0
2016,11,13,Sindh,139.5,485.0,2.31,127.0
2016,11,14,Punjab,138.1,527.8,1.7,274.0
2016,11,14,Sindh,154.8,542.1,2.33,149.0
2016,11,15,Punjab,135.0,501.1,1.77,262.0
2016,11,15,Sindh,154.3,564.2,2.3,146.0
2016,11,16,Punjab,138.6,499.8,1.82,254.0
2016,11,16,Sindh,144.3,504.7,2.35,140.0
2016,11,17,Punjab,143.6,553.2,1.71,254.0
2016,11,17,Sindh,149.4,527.4,2.35,133.0
2016,11,18,Punjab,122.2,452.3,1.68,236.0
2016,11,18,Sindh,150.0,507.2,2.3,129.0
2016,11,19,Punjab,142.9,547.4,1.69,269.0
2016,11,19,Sindh,148.8,517.6,2.29,145.0
2016,11,20,Punjab,142.2,557.4,1.87,279.0
2016,11,20,Sindh,144.8,515.9,2.32,138.0
2016,11,21,Punjab,140.3,514.1,1.8,274.0
2016,11,21,Sindh,144.2,481.4,2.3,127.0
2016,11,22,Punjab,138.7,528.7,1.78,262.0
2016,11,22,Sindh,147.5,519.2,2.28,147.0
2016,11,23,Punjab,119.4,417.4,1.85,248.0
2016,11,23,Sindh,153.5,538.7,2.33,147.0
2016,11,24,Punjab,136.4,549.1,1.79,278.0
2016,11,24,Sindh,150.4,526.9,2.33,147.0
2016,11,25,Punjab,154.3,559.2,1.82,276.0
2016,11,25,Sindh,145.8,526.0,2.31,141.0
2016,11,26,Punjab,140.1,522.2,1.81,290.0
2016,11,26,Sindh,151.6,535.5,2.28,157.0
2016,11,27,Punjab,137.6,549.7,1.79,285.0
2016,11,27,Sindh,133.5,489.4,2.28,129.0
2016,11,28,Punjab,140.3,528.3,1.82,266.0
2016,11,28,Sindh,153.5,522.4,2.31,150.0
2016,11,29,Punjab,143.0,519.5,1.85,270.0
2016,11,29,Sindh,139.1,488.9,2.3,132.0
2016,11,30,Punjab,145.5,567.1,1.8,292.0
2016,11,30,Sindh,146.0,512.3,2.3,130.0
2016,12,1,Punjab,138.4,539.9,1.79,275.0
2016,12,1,Sindh,142.3,481.9,2.33,133.0
2016,12,2,Punjab,143.7,533.5,1.79,277.0
2016,12,2,Sindh,141.4,509.3,2.32,139.0
2016,12,3,Punjab,153.8,573.9,1.7,281.0
2016,12,3,Sindh,153.7,572.9,2.34,148.0
2016,12,4,Punjab,148.5,555.4,1.83,269.0
2016,12,4,Sindh,145.6,509.4,2.29,132.0
2016,12,5,Punjab,159.2,600.7,1.75,302.0
2016,12,5,Sindh,149.7,531.6,2.3,142.0
2016,12,6,Punjab,135.3,476.1,1.84,261.0
2016,12,6,Sindh,147.8,518.5,2.33,141.0
2016,12,7,Punjab,154.0,581.4,1.81,302.0
2016,12,7,Sindh,150.4,515.8,2.32,126.0
2016,12,8,Punjab,134.3,545.9,1.82,279.0
2016,12,8,Sindh,148.4,492.2,2.34,138.0
2016,12,9,Punjab,143.5,527.3,1.85,267.0
2016,12,9,Sindh,141.7,485.3,2.32,128.0
2016,12,10,Punjab,146.6,545.2,1.77,276.0
2016,12,10,Sindh,153.1,515.0,2.35,131.0
2016,12,11,Punjab,136.7,495.6,1.83,281.0
2016,12,11,Sindh,145.7,535.4,2.32,148.0
2016,12,12,Punjab,141.5,549.9,1.83,283.0
2016,12,12,Sindh,140.4,489.6,2.33,131.0
2016,12,13,Punjab,148.1,586.9,1.81,299.0
2016,12,13,Sindh,146.1,506.0,2.31,141.0
2016,12,14,Punjab,135.2,537.4,1.77,283.0
2016,12,14,Sindh,155.7,558.4,2.31,150.0
2016,12,15,Punjab,154.3,561.3,1.85,290.0
2016,12,15,Sindh,152.5,517.0,2.33,138.0
2016,12,16,Punjab,129.9,503.6,1.85,269.0
2016,12,16,Sindh,146.5,501.4,2.34,133.0
2016,12,17,Punjab,156.5,623.5,1.82,310.0
2016,12,17,Sindh,146.6,514.0,2.33,140.0
2016,12,18,Punjab,149.1,576.7,1.77,316.0
2016,12,18,Sindh,146.7,529.0,2.31,139.0
2016,12,19,Punjab,140.4,543.1,1.79,298.0
2016,12,19,Sindh,158.8,563.2,2.34,145.0
2016,12,20,Punjab,137.9,514.7,1.82,294.0
2016,12,20,Sindh,150.3,529.8,2.27,143.0
2016,12,21,Punjab,137.2,525.6,1.86,301.0
2016,12,21,Sindh,150.6,528.2,2.28,139.0
2016,12,22,Punjab,140.2,557.4,1.74,273.0
2016,12,22,Sindh,153.6,543.7,2.33,144.0
2016,12,23,Punjab,140.9,542.0,1.79,296.0
2016,12,23,Sindh,149.7,526.9,2.31,145.0
2016,12,24,Punjab,151.4,550.3,1.8,290.0
2016,12,24,Sindh,147.2,499.8,2.33,133.0
2016,12,25,Punjab,157.1,588.0,1.82,321.0
2016,12,25,Sindh,147.6,517.2,2.32,138.0
2016,12,26,Punjab,143.0,567.7,1.76,295.0
2016,12,26,Sindh,148.2,502.7,2.33,131.0
2016,12,27,Punjab,134.7,518.4,1.81,276.0
2016,12,27,Sindh,148.4,520.7,2.3,140.0
2016,12,28,Punjab,137.2,523.6,1.81,274.0
2016,12,28,Sindh,152.3,525.8,2.33,141.0
2016,12,29,Punjab,140.1,521.4,1.77,284.0
2016,12,29,Sindh,148.9,559.3,2.33,153.0
2016,12,30,Punjab,133.4,530.6,1.82,301.0
2016,12,30,Sindh,152.4,532.7,2.34,139.0
2016,12,31,Punjab,132.2,535.8,1.8,296.0
2016,12,31,Sindh,148.3,498.1,2.36,131.0
2017,1,1,Punjab,158.5,627.6,1.85,314.0
2017,1,1,Sindh,149.1,520.0,2.32,142.0
2017,1,2,Punjab,144.2,576.8,1.78,329.0
2017,1,2,Sindh,138.8,493.6,2.32,133.0
2017,1,3,Punjab,135.2,506.4,1.83,291.0
2017,1,3,Sindh,153.4,562.0,2.29,144.0
2017,1,4,Punjab,148.4,553.9,1.79,308.0
2017,1,4,Sindh,150.6,518.2,2.31,144.0
2017,1,5,Punjab,132.5,500.3,1.8,295.0
2017,1,5,Sindh,153.9,514.8,2.31,128.0
2017,1,6,Punjab,133.2,506.9,1.84,268.0
2017,1,6,Sindh,134.4,482.7,2.34,133.0
2017,1,7,Punjab,135.6,543.8,1.84,289.0
2017,1,7,Sindh,159.4,537.1,2.3,136.0
2017,1,8,Punjab,155.3,613.4,1.81,330.0
2017,1,8,Sindh,148.3,512.4,2.33,146.0
2017,1,9,Punjab,140.1,543.1,1.82,289.0
2017,1,9,Sindh,154.5,537.0,2.32,135.0
2017,1,10,Punjab,122.6,437.3,1.76,257.0
2017,1,10,Sindh,143.8,502.3,2.31,140.0
2017,1,11,Punjab,151.9,543.4,1.9,298.0
2017,1,11,Sindh,152.1,542.7,2.32,144.0
2017,1,12,Punjab,139.8,536.0,1.87,283.0
2017,1,12,Sindh,143.8,493.1,2.31,130.0
2017,1,13,Punjab,127.5,502.1,1.87,280.0
2017,1,13,Sindh,146.0,506.8,2.31,136.0
2017,1,14,Punjab,139.8,529.6,1.75,301.0
2017,1,14,Sindh,158.7,555.2,2.28,150.0
2017,1,15,Punjab,146.5,595.2,1.8,322.0
2017,1,15,Sindh,148.2,521.0,2.31,134.0
2017,1,16,Punjab,145.7,531.9,1.82,304.0
2017,1,16,Sindh,150.3,527.4,2.31,137.0
2017,1,17,Punjab,156.9,571.9,1.74,316.0
2017,1,17,Sindh,153.6,544.0,2.31,148.0
2017,1,18,Punjab,135.7,502.4,1.88,287.0
2017,1,18,Sindh,151.7,543.7,2.33,137.0
2017,1,19,Punjab,142.9,529.1,1.91,296.0
2017,1,19,Sindh,150.0,531.0,2.33,139.0
2017,1,20,Punjab,137.0,531.2,1.94,297.0
2017,1,20,Sindh,151.1,535.7,2.32,158.0
2017,1,21,Punjab,130.3,486.8,1.79,270.0
2017,1,21,Sindh,161.3,541.0,2.34,140.0
2017,1,22,Punjab,149.8,538.3,1.84,284.0
2017,1,22,Sindh,149.1,522.5,2.33,146.0
2017,1,23,Punjab,146.5,574.4,1.9,301.0
2017,1,23,Sindh,150.4,533.6,2.31,140.0
2017,1,24,Punjab,145.1,516.1,1.83,283.0
2017,1,24,Sindh,154.7,552.3,2.31,150.0
2017,1,25,Punjab,146.3,534.4,1.81,285.0
2017,1,25,Sindh,155.0,532.0,2.33,146.0
2017,1,26,Punjab,137.4,489.7,1.75,279.0
2017,1,26,Sindh,155.4,534.1,2.33,149.0
2017,1,27,Punjab,134.9,516.8,1.9,288.0
2017,1,27,Sindh,152.7,525.8,2.35,141.0
2017,1,28,Punjab,143.3,548.2,1.84,299.0
2017,1,28,Sindh,143.8,511.4,2.35,148.0
2017,1,29,Punjab,152.3,617.2,1.81,323.0
2017,1,29,Sindh,157.7,567.6,2.31,149.0
2017,1,30,Punjab,155.9,610.9,1.86,329.0
2017,1,30,Sindh,143.9,497.4,2.32,136.0
2017,1,31,Punjab,149.5,596.9,1.85,312.0
2017,1,31,Sindh,151.1,542.6,2.34,148.0
2017,2,1,Punjab,143.4,550.7,1.85,305.0
2017,2,1,Sindh,145.9,512.4,2.34,133.0
2017,2,2,Punjab,145.4,532.9,1.83,293.0
2017,2,2,Sindh,149.4,520.9,2.34,140.0
2017,2,3,Punjab,143.4,547.4,1.93,305.0
2017,2,3,Sindh,151.4,526.6,2.32,143.0
2017,2,4,Punjab,135.1,525.3,1.84,301.0
2017,2,4,Sindh,151.3,540.9,2.3,144.0
2017,2,5,Punjab,143.6,559.6,1.93,303.0
2017,2,5,Sindh,151.9,536.4,2.3,157.0
2017,2,6,Punjab,132.7,494.9,1.87,274.0
2017,2,6,Sindh,157.9,586.7,2.33,154.0
2017,2,7,Punjab,142.5,551.2,1.86,293.0
2017,2,7,Sindh,152.1,519.5,2.33,147.0
2017,2,8,Punjab,156.6,576.4,1.84,295.0
2017,2,8,Sindh,148.6,528.0,2.3,148.0
2017,2,9,Punjab,150.1,549.7,1.9,286.0
2017,2,9,Sindh,154.7,533.5,2.32,145.0
2017,2,10,Punjab,136.2,495.3,1.85,280.0
2017,2,10,Sindh,155.9,532.5,2.34,141.0
2017,2,11,Punjab,143.1,544.2,1.8,277.0
2017,2,11,Sindh,143.8,503.1,2.3,134.0
2017,2,12,Punjab,137.0,497.1,1.8,285.0
2017,2,12,Sindh,153.0,537.4,2.35,144.0
2017,2,13,Punjab,143.2,535.8,1.87,281.0
2017,2,13,Sindh,153.5,581.0,2.32,149.0
2017,2,14,Punjab,152.1,596.1,1.81,331.0
2017,2,14,Sindh,148.5,517.1,2.35,137.0
2017,2,15,Punjab,149.1,545.9,1.85,278.0
2017,2,15,Sindh,156.9,532.3,2.31,139.0
2017,2,16,Punjab,163.8,612.2,1.9,310.0
2017,2,16,Sindh,149.3,526.8,2.31,151.0
2017,2,17,Punjab,153.5,584.6,1.87,293.0
2017,2,17,Sindh,150.7,496.5,2.32,141.0
2017,2,18,Punjab,145.6,558.3,1.82,278.0
2017,2,18,Sindh,149.3,521.1,2.32,148.0
2017,2,19,Punjab,149.4,557.9,1.92,297.0
2017,2,19,Sindh,150.2,526.1,2.32,148.0
2017,2,20,Punjab,142.5,557.1,1.88,274.0
2017,2,20,Sindh,144.7,518.4,2.32,144.0
2017,2,21,Punjab,135.1,525.2,1.91,266.0
2017,2,21,Sindh,143.0,515.2,2.33,150.0
2017,2,22,Punjab,154.6,610.3,1.74,305.0
2017,2,22,Sindh,158.2,546.2,2.32,148.0
2017,2,23,Punjab,152.3,577.1,1.87,296.0
2017,2,23,Sindh,146.1,508.9,2.33,142.0
2017,2,24,Punjab,142.3,530.6,1.9,258.0
2017,2,24,Sindh,145.4,497.3,2.29,143.0
2017,2,25,Punjab,146.5,543.0,1.94,282.0
2017,2,25,Sindh,139.6,471.6,2.34,126.0
2017,2,26,Punjab,154.3,592.4,1.78,291.0
2017,2,26,Sindh,147.2,519.8,2.33,161.0
2017,2,27,Punjab,151.2,566.9,1.92,273.0
2017,2,27,Sindh,143.8,484.1,2.36,137.0
2017,2,28,Punjab,132.7,493.0,1.94,248.0
2017,2,28,Sindh,158.6,549.0,2.31,154.0
2017,3,1,Punjab,146.4,547.5,1.76,251.0
2017,3,1,Sindh,155.5,529.4,2.29,154.0
2017,3,2,Punjab,143.2,530.5,1.88,283.0
2017,3,2,Sindh,147.0,522.9,2.34,152.0
2017,3,3,Punjab,153.5,587.3,1.89,295.0
2017,3,3,Sindh,161.8,593.3,2.34,165.0
2017,3,4,Punjab,152.9,552.7,1.84,258.0
2017,3,4,Sindh,155.5,524.6,2.31,148.0
2017,3,5,Punjab,155.2,596.0,1.84,293.0
2017,3,5,Sindh,149.0,493.5,2.3,132.0
2017,3,6,Punjab,135.8,529.5,1.89,256.0
2017,3,6,Sindh,138.1,481.5,2.36,135.0
2017,3,7,Punjab,138.5,514.7,1.83,263.0
2017,3,7,Sindh,162.1,567.5,2.36,162.0
2017,3,8,Punjab,153.7,622.7,1.85,286.0
2017,3,8,Sindh,143.7,506.3,2.28,146.0
2017,3,9,Punjab,140.1,532.9,1.9,256.0
2017,3,9,Sindh,142.5,491.9,2.32,147.0
2017,3,10,Punjab,132.8,473.2,1.95,235.0
2017,3,10,Sindh,155.8,542.4,2.36,153.0
2017,3,11,Punjab,149.2,561.4,1.89,260.0
2017,3,11,Sindh,162.9,575.8,2.32,155.0
2017,3,12,Punjab,140.6,535.7,1.87,270.0
2017,3,12,Sindh,157.7,567.6,2.32,166.0
2017,3,13,Punjab,159.4,614.6,1.84,291.0
2017,3,13,Sindh,153.6,508.4,2.33,153.0
2017,3,14,Punjab,147.5,555.3,1.81,261.0
2017,3,14,Sindh,153.8,532.8,2.31,157.0
2017,3,15,Punjab,146.4,536.2,1.92,264.0
2017,3,15,Sindh,155.1,546.2,2.3,155.0
2017,3,16,Punjab,142.3,518.7,1.86,229.0
2017,3,16,Sindh,154.7,527.6,2.35,157.0
2017,3,17,Punjab,158.0,587.2,1.92,257.0
2017,3,17,Sindh,152.3,559.1,2.3,176.0
2017,3,18,Punjab,148.2,551.9,1.85,259.0
2017,3,18,Sindh,151.5,520.6,2.34,151.0
2017,3,19,Punjab,142.1,517.2,1.84,248.0
2017,3,19,Sindh,150.7,526.7,2.35,146.0
2017,3,20,Punjab,139.0,513.7,1.89,242.0
2017,3,20,Sindh,147.2,523.7,2.3,148.0
2017,3,21,Punjab,144.9,563.6,1.87,236.0
2017,3,21,Sindh,149.6,514.9,2.31,153.0
2017,3,22,Punjab,137.7,556.1,1.81,240.0
2017,3,22,Sindh,142.6,471.4,2.36,131.0
2017,3,23,Punjab,153.8,599.4,1.96,270.0
2017,3,23,Sindh,150.6,520.7,2.34,153.0
2017,3,24,Punjab,131.1,524.4,1.84,261.0
2017,3,24,Sindh,146.2,527.1,2.32,155.0
2017,3,25,Punjab,144.5,568.6,1.92,264.0
2017,3,25,Sindh,145.6,504.7,2.36,156.0
2017,3,26,Punjab,150.6,588.8,1.91,274.0
2017,3,26,Sindh,152.1,519.6,2.36,159.0
2017,3,27,Punjab,148.5,557.4,1.81,247.0
2017,3,27,Sindh,158.2,567.5,2.34,169.0
2017,3,28,Punjab,140.0,534.9,1.82,238.0
2017,3,28,Sindh,155.8,540.5,2.32,147.0
2017,3,29,Punjab,151.1,565.8,1.86,235.0
2017,3,29,Sindh,143.4,494.3,2.33,151.0
2017,3,30,Punjab,138.8,523.0,1.83,238.0
2017,3,30,Sindh,146.4,514.5,2.34,155.0
2017,3,31,Punjab,145.7,555.2,1.96,239.0
2017,3,31,Sindh,156.0,557.7,2.33,164.0
2017,4,1,Punjab,151.2,588.7,1.86,256.0
2017,4,1,Sindh,146.4,548.3,2.35,152.0
2017,4,2,Punjab,149.7,577.4,1.92,245.0
2017,4,2,Sindh,150.3,538.3,2.3,154.0
2017,4,3,Punjab,140.7,531.3,1.9,230.0
2017,4,3,Sindh,154.2,557.0,2.31,157.0
2017,4,4,Punjab,155.7,592.7,1.89,246.0
2017,4,4,Sindh,146.6,505.5,2.34,141.0
2017,4,5,Punjab,146.8,566.7,1.88,238.0
2017,4,5,Sindh,152.0,516.6,2.33,154.0
2017,4,6,Punjab,152.1,591.5,1.94,254.0
2017,4,6,Sindh,144.8,507.9,2.32,148.0
2017,4,7,Punjab,158.5,571.8,1.84,222.0
2017,4,7,Sindh,148.5,521.5,2.3,168.0
2017,4,8,Punjab,155.2,568.3,1.96,219.0
2017,4,8,Sindh,153.2,519.9,2.34,155.0
2017,4,9,Punjab,155.3,612.3,1.81,250.0
2017,4,9,Sindh,143.6,500.1,2.34,157.0
2017,4,10,Punjab,147.9,560.9,1.92,242.0
2017,4,10,Sindh,153.8,544.4,2.35,154.0
2017,4,11,Punjab,152.8,572.1,1.81,246.0
2017,4,11,Sindh,151.6,535.8,2.34,158.0
2017,4,12,Punjab,148.2,557.9,1.87,211.0
2017,4,12,Sindh,154.4,548.1,2.33,164.0
2017,4,13,Punjab,136.9,514.8,1.89,203.0
2017,4,13,Sindh,152.8,539.3,2.36,157.0
2017,4,14,Punjab,149.0,577.3,1.86,212.0
2017,4,14,Sindh,158.6,547.4,2.31,162.0
2017,4,15,Punjab,148.7,542.8,1.87,209.0
2017,4,15,Sindh,152.4,525.7,2.35,158.0
2017,4,16,Punjab,151.3,575.6,1.81,234.0
2017,4,16,Sindh,149.7,505.8,2.31,153.0
2017,4,17,Punjab,145.7,558.6,1.83,216.0
2017,4,17,Sindh,152.4,560.3,2.32,177.0
2017,4,18,Punjab,140.7,542.5,1.91,207.0
2017,4,18,Sindh,154.6,541.2,2.31,165.0
2017,4,19,Punjab,152.1,582.3,1.89,228.0
2017,4,19,Sindh,152.1,529.1,2.35,163.0
2017,4,20,Punjab,136.4,528.5,1.85,194.0
2017,4,20,Sindh,152.1,518.5,2.34,161.0
2017,4,21,Punjab,158.6,591.1,1.95,240.0
2017,4,21,Sindh,148.4,563.5,2.34,173.0
2017,4,22,Punjab,145.1,532.6,1.83,200.0
2017,4,22,Sindh,148.7,504.2,2.32,154.0
2017,4,23,Punjab,149.0,615.2,1.87,224.0
2017,4,23,Sindh,145.0,501.0,2.33,153.0
2017,4,24,Punjab,151.5,569.7,1.86,217.0
2017,4,24,Sindh,160.8,569.0,2.32,172.0
2017,4,25,Punjab,151.8,573.2,1.92,221.0
2017,4,25,Sindh,145.8,519.4,2.35,166.0
2017,4,26,Punjab,135.9,529.9,1.89,211.0
2017,4,26,Sindh,148.6,534.6,2.32,169.0
2017,4,27,Punjab,153.8,616.3,1.88,222.0
2017,4,27,Sindh,148.5,547.0,2.37,166.0
2017,4,28,Punjab,149.7,557.8,1.8,211.0
2017,4,28,Sindh,156.6,555.8,2.31,173.0
2017,4,29,Punjab,142.2,520.4,1.93,189.0
2017,4,29,Sindh,150.7,511.6,2.33,157.0
2017,4,30,Punjab,141.3,512.2,1.88,177.0
2017,4,30,Sindh,158.4,550.7,2.38,169.0
2017,5,1,Punjab,144.7,581.8,1.9,199.0
2017,5,1,Sindh,148.9,525.7,2.33,160.0
2017,5,2,Punjab,137.0,500.0,1.85,165.0
2017,5,2,Sindh,153.7,568.8,2.32,172.0
2017,5,3,Punjab,161.3,612.2,1.85,206.0
2017,5,3,Sindh,148.1,497.4,2.35,163.0
2017,5,4,Punjab,159.4,586.2,1.97,216.0
2017,5,4,Sindh,163.0,588.7,2.33,179.0
2017,5,5,Punjab,151.2,545.5,1.8,194.0
2017,5,5,Sindh,146.4,515.1,2.33,161.0
2017,5,6,Punjab,145.8,548.3,1.84,175.0
2017,5,6,Sindh,153.9,551.3,2.32,163.0
2017,5,7,Punjab,146.1,536.4,1.97,167.0
2017,5,7,Sindh,155.6,543.0,2.4,167.0
2017,5,8,Punjab,153.8,570.5,1.93,183.0
2017,5,8,Sindh,154.5,528.1,2.34,163.0
2017,5,9,Punjab,161.8,655.0,1.88,214.0
2017,5,9,Sindh,151.5,541.7,2.3,164.0
2017,5,10,Punjab,143.2,552.8,1.96,183.0
2017,5,10,Sindh,151.8,541.3,2.37,169.0
2017,5,11,Punjab,138.9,546.5,1.92,194.0
2017,5,11,Sindh,152.7,549.2,2.36,169.0
2017,5,12,Punjab,160.3,625.6,1.91,203.0
2017,5,12,Sindh,151.8,531.2,2.33,167.0
2017,5,13,Punjab,133.7,505.9,1.91,182.0
2017,5,13,Sindh,157.4,541.9,2.33,170.0
2017,5,14,Punjab,139.9,522.9,1.92,153.0
2017,5,14,Sindh,163.7,549.4,2.36,167.0
2017,5,15,Punjab,146.1,560.0,1.92,178.0
2017,5,15,Sindh,149.9,536.8,2.34,166.0
2017,5,16,Punjab,135.6,518.7,2.01,175.0
2017,5,16,Sindh,145.8,516.7,2.31,163.0
2017,5,17,Punjab,157.0,585.4,1.89,196.0
2017,5,17,Sindh,152.3,518.4,2.38,170.0
2017,5,18,Punjab,155.0,591.8,1.89,186.0
2017,5,18,Sindh,165.6,571.6,2.34,179.0
2017,5,19,Punjab,143.6,531.7,1.84,176.0
2017,5,19,Sindh,148.7,513.6,2.38,160.0
2017,5,20,Punjab,158.5,598.9,1.9,198.0
2017,5,20,Sindh,161.0,541.2,2.37,172.0
2017,5,21,Punjab,159.9,601.0,1.99,184.0
2017,5,21,Sindh,161.2,552.0,2.33,181.0
2017,5,22,Punjab,147.5,535.0,1.95,169.0
2017,5,22,Sindh,150.1,508.3,2.37,167.0
2017,5,23,Punjab,144.8,503.3,1.88,160.0
2017,5,23,Sindh,155.7,538.8,2.33,173.0
2017,5,24,Punjab,166.5,614.1,1.9,185.0
2017,5,24,Sindh,161.0,552.6,2.31,177.0
2017,5,25,Punjab,154.3,622.4,1.84,208.0
2017,5,25,Sindh,151.0,504.2,2.34,169.0
2017,5,26,Punjab,150.6,566.2,1.86,163.0
2017,5,26,Sindh,151.9,562.1,2.36,182.0
2017,5,27,Punjab,159.5,621.7,1.91,192.0
2017,5,27,Sindh,150.1,544.1,2.34,175.0
2017,5,28,Punjab,151.1,531.6,1.88,145.0
2017,5,28,Sindh,147.9,506.1,2.34,168.0
2017,5,29,Punjab,144.7,529.6,1.85,156.0
2017,5,29,Sindh,149.8,528.4,2.37,163.0
2017,5,30,Punjab,149.4,540.6,1.93,149.0
2017,5,30,Sindh,147.0,520.6,2.35,159.0
2017,5,31,Punjab,157.1,593.0,1.9,173.0
2017,5,31,Sindh,153.3,554.3,2.33,176.0
2017,6,1,Punjab,132.9,553.5,1.83,145.0
2017,6,1,Sindh,149.3,510.2,2.36,165.0
2017,6,2,Punjab,146.6,566.3,1.8,172.0
2017,6,2,Sindh,154.3,556.6,2.35,173.0
2017,6,3,Punjab,160.0,642.0,1.88,194.0
2017,6,3,Sindh,145.4,500.7,2.3,166.0
2017,6,4,Punjab,144.9,545.5,1.83,166.0
2017,6,4,Sindh,154.9,522.0,2.36,158.0
2017,6,5,Punjab,161.4,640.7,1.82,184.0
2017,6,5,Sindh,157.4,561.8,2.36,175.0
2017,6,6,Punjab,160.4,651.0,1.97,204.0
2017,6,6,Sindh,143.3,521.0,2.35,165.0
2017,6,7,Punjab,148.6,562.5,1.91,160.0
2017,6,7,Sindh,155.2,582.0,2.37,175.0
2017,6,8,Punjab,144.6,538.8,1.9,152.0
2017,6,8,Sindh,159.5,540.2,2.34,180.0
2017,6,9,Punjab,146.9,532.0,1.9,169.0
2017,6,9,Sindh,147.3,526.1,2.36,162.0
2017,6,10,Punjab,170.6,642.1,1.86,180.0
2017,6,10,Sindh,161.8,560.0,2.32,174.0
2017,6,11,Punjab,164.3,626.1,1.93,192.0
2017,6,11,Sindh,155.5,556.1,2.36,181.0
2017,6,12,Punjab,150.4,612.1,1.91,178.0
2017,6,12,Sindh,149.9,502.7,2.39,167.0
2017,6,13,Punjab,144.6,523.4,1.88,136.0
2017,6,13,Sindh,153.2,517.3,2.33,161.0
2017,6,14,Punjab,150.4,572.7,1.88,145.0
2017,6,14,Sindh,156.3,535.5,2.34,175.0
2017,6,15,Punjab,151.5,539.3,1.85,135.0
2017,6,15,Sindh,153.9,539.9,2.34,174.0
2017,6,16,Punjab,139.6,522.0,1.9,151.0
2017,6,16,Sindh,156.3,537.3,2.35,184.0
2017,6,17,Punjab,150.3,577.2,1.9,175.0
2017,6,17,Sindh,149.0,531.4,2.33,173.0
2017,6,18,Punjab,160.2,619.2,1.9,173.0
2017,6,18,Sindh,154.5,556.1,2.36,177.0
2017,6,19,Punjab,135.3,526.0,1.92,141.0
2017,6,19,Sindh,146.6,522.1,2.37,165.0
2017,6,20,Punjab,156.4,602.1,1.91,173.0
2017,6,20,Sindh,153.1,560.3,2.36,175.0
2017,6,21,Punjab,160.8,622.7,1.93,173.0
2017,6,21,Sindh,149.2,528.5,2.32,166.0
2017,6,22,Punjab,145.4,553.3,1.97,159.0
2017,6,22,Sindh,150.1,507.0,2.37,172.0
2017,6,23,Punjab,163.5,600.2,1.95,167.0
2017,6,23,Sindh,160.0,580.3,2.37,184.0
2017,6,24,Punjab,144.4,511.8,1.97,134.0
2017,6,24,Sindh,159.3,548.4,2.37,179.0
2017,6,25,Punjab,153.5,572.4,1.88,145.0
2017,6,25,Sindh,156.9,562.8,2.36,187.0
2017,6,26,Punjab,147.6,558.1,1.9,137.0
2017,6,26,Sindh,148.4,543.0,2.36,163.0
2017,6,27,Punjab,147.6,586.1,1.95,126.0
2017,6,27,Sindh,152.3,540.0,2.37,180.0
2017,6,28,Punjab,145.2,549.7,1.96,157.0
2017,6,28,Sindh,160.0,537.5,2.39,174.0
2017,6,29,Punjab,155.8,588.0,1.89,155.0
2017,6,29,Sindh,154.7,527.6,2.34,172.0
2017,6,30,Punjab,157.0,604.4,1.95,159.0
2017,6,30,Sindh,165.6,599.4,2.38,184.0
2017,7,1,Punjab,149.8,563.7,1.88,127.0
2017,7,1,Sindh,156.0,543.4,2.35,171.0
2017,7,2,Punjab,139.4,546.1,1.95,135.0
2017,7,2,Sindh,155.0,543.7,2.35,177.0
2017,7,3,Punjab,153.6,623.3,1.92,160.0
2017,7,3,Sindh,152.5,545.2,2.32,186.0
2017,7,4,Punjab,153.8,628.2,1.86,161.0
2017,7,4,Sindh,154.8,552.1,2.35,182.0
2017,7,5,Punjab,148.7,567.1,1.9,151.0
2017,7,5,Sindh,153.4,541.0,2.34,180.0
2017,7,6,Punjab,165.5,635.5,2.04,175.0
2017,7,6,Sindh,157.7,548.8,2.35,175.0
2017,7,7,Punjab,138.1,556.2,1.94,130.0
2017,7,7,Sindh,159.0,551.7,2.33,173.0
2017,7,8,Punjab,132.9,501.9,2.04,114.0
2017,7,8,Sindh,150.3,538.9,2.35,169.0
2017,7,9,Punjab,144.8,563.9,1.86,132.0
2017,7,9,Sindh,147.6,524.9,2.35,167.0
2017,7,10,Punjab,156.4,571.6,1.97,168.0
2017,7,10,Sindh,145.1,504.0,2.36,154.0
2017,7,11,Punjab,142.3,534.6,1.8,149.0
2017,7,11,Sindh,156.9,565.2,2.33,176.0
2017,7,12,Punjab,143.0,566.3,1.93,139.0
2017,7,12,Sindh,148.8,518.9,2.33,165.0
2017,7,13,Punjab,158.5,587.8,1.96,135.0
2017,7,13,Sindh,143.6,489.8,2.37,160.0
2017,7,14,Punjab,154.6,584.9,1.97,156.0
2017,7,14,Sindh,156.3,535.8,2.34,173.0
2017,7,15,Punjab,154.0,553.6,1.89,143.0
2017,7,15,Sindh,166.9,569.4,2.38,182.0
2017,7,16,Punjab,157.2,637.6,1.98,176.0
2017,7,16,Sindh,154.4,536.4,2.36,172.0
2017,7,17,Punjab,147.6,586.3,1.91,161.0
2017,7,17,Sindh,158.7,573.9,2.37,179.0
2017,7,18,Punjab,148.1,566.4,1.92,152.0
2017,7,18,Sindh,154.9,530.2,2.39,161.0
2017,7,19,Punjab,157.6,609.1,1.91,151.0
2017,7,19,Sindh,154.1,542.0,2.35,170.0
2017,7,20,Punjab,140.4,541.5,1.88,141.0
2017,7,20,Sindh,159.2,547.2,2.35,170.0
2017,7,21,Punjab,134.1,537.2,2.01,148.0
2017,7,21,Sindh,153.2,532.1,2.38,173.0
2017,7,22,Punjab,147.8,551.3,1.94,136.0
2017,7,22,Sindh,156.0,523.2,2.37,173.0
2017,7,23,Punjab,158.8,618.0,1.99,170.0
2017,7,23,Sindh,156.3,543.6,2.36,178.0
2017,7,24,Punjab,153.4,604.5,1.99,157.0
2017,7,24,Sindh,151.4,526.8,2.39,173.0
2017,7,25,Punjab,158.3,625.8,1.89,189.0
2017,7,25,Sindh,159.7,567.0,2.36,178.0
2017,7,26,Punjab,135.3,469.1,2.0,103.0
2017,7,26,Sindh,153.9,541.9,2.36,170.0
2017,7,27,Punjab,154.0,573.4,1.96,164.0
2017,7,27,Sindh,151.0,510.5,2.36,161.0
2017,7,28,Punjab,156.8,575.4,1.89,136.0
2017,7,28,Sindh,157.5,567.5,2.34,171.0
2017,7,29,Punjab,140.8,538.1,1.96,159.0
2017,7,29,Sindh,150.3,529.4,2.36,174.0
2017,7,30,Punjab,158.6,562.2,1.89,137.0
2017,7,30,Sindh,155.0,545.5,2.39,172.0
2017,7,31,Punjab,150.8,532.2,2.02,143.0
2017,7,31,Sindh,154.9,541.8,2.37,166.0
2017,8,1,Punjab,176.3,713.4,1.98,188.0
2017,8,1,Sindh,160.4,553.5,2.36,171.0
2017,8,2,Punjab,134.4,523.0,1.94,124.0
2017,8,2,Sindh,157.3,553.9,2.36,170.0
2017,8,3,Punjab,162.8,621.1,2.0,182.0
2017,8,3,Sindh,154.9,549.1,2.37,174.0
2017,8,4,Punjab,148.7,572.5,1.86,165.0
2017,8,4,Sindh,159.1,530.7,2.38,174.0
2017,8,5,Punjab,139.0,531.2,1.91,143.0
2017,8,5,Sindh,162.0,558.9,2.38,174.0
2017,8,6,Punjab,147.8,581.5,1.93,167.0
2017,8,6,Sindh,157.9,548.7,2.36,161.0
2017,8,7,Punjab,154.3,573.5,2.06,170.0
2017,8,7,Sindh,155.2,546.9,2.37,171.0
2017,8,8,Punjab,160.4,613.2,1.89,164.0
2017,8,8,Sindh,148.6,537.9,2.37,169.0
2017,8,9,Punjab,165.9,635.0,1.86,165.0
2017,8,9,Sindh,149.8,512.9,2.34,162.0
2017,8,10,Punjab,163.6,600.6,1.87,168.0
2017,8,10,Sindh,153.7,530.4,2.37,165.0
2017,8,11,Punjab,144.5,574.7,1.99,155.0
2017,8,11,Sindh,152.2,524.9,2.32,167.0
2017,8,12,Punjab,161.3,604.1,1.92,175.0
2017,8,12,Sindh,154.3,528.1,2.37,167.0
2017,8,13,Punjab,155.5,611.1,1.94,180.0
2017,8,13,Sindh,155.6,539.3,2.38,169.0
2017,8,14,Punjab,147.1,561.4,1.99,152.0
2017,8,14,Sindh,158.0,564.4,2.38,178.0
2017,8,15,Punjab,150.7,605.4,1.94,181.0
2017,8,15,Sindh,155.0,526.6,2.36,164.0
2017,8,16,Punjab,146.8,537.0,1.96,158.0
2017,8,16,Sindh,157.8,558.7,2.37,171.0
2017,8,17,Punjab,152.8,559.0,1.98,167.0
2017,8,17,Sindh,155.7,519.5,2.39,171.0
2017,8,18,Punjab,146.7,539.5,1.93,149.0
2017,8,18,Sindh,145.5,501.0,2.39,162.0
2017,8,19,Punjab,144.4,551.4,1.94,166.0
2017,8,19,Sindh,150.8,522.7,2.37,168.0
2017,8,20,Punjab,156.5,625.5,1.96,191.0
2017,8,20,Sindh,154.8,566.8,2.37,181.0
2017,8,21,Punjab,157.7,631.3,1.99,195.0
2017,8,21,Sindh,149.5,519.0,2.39,166.0
2017,8,22,Punjab,151.3,528.6,1.91,169.0
2017,8,22,Sindh,158.5,521.9,2.34,168.0
2017,8,23,Punjab,163.7,627.2,1.8,189.0
2017,8,23,Sindh,163.2,541.3,2.36,160.0
2017,8,24,Punjab,150.8,508.7,1.99,142.0
2017,8,24,Sindh,161.7,566.4,2.39,175.0
2017,8,25,Punjab,150.5,587.7,2.0,166.0
2017,8,25,Sindh,154.6,550.2,2.39,169.0
2017,8,26,Punjab,158.2,623.7,1.96,201.0
2017,8,26,Sindh,163.1,576.5,2.37,185.0
2017,8,27,Punjab,151.9,576.6,1.97,178.0
2017,8,27,Sindh,156.4,550.0,2.34,174.0
2017,8,28,Punjab,153.7,585.8,1.93,195.0
2017,8,28,Sindh,154.0,556.6,2.37,168.0
2017,8,29,Punjab,132.9,506.6,1.98,132.0
2017,8,29,Sindh,152.7,526.3,2.36,165.0
2017,8,30,Punjab,153.3,566.8,2.0,184.0
2017,8,30,Sindh,154.3,553.4,2.37,170.0
2017,8,31,Punjab,138.6,535.2,1.96,162.0
2017,8,31,Sindh,153.9,514.1,2.35,162.0
2017,9,1,Punjab,143.5,540.6,2.08,165.0
2017,9,1,Sindh,156.7,534.8,2.35,159.0
2017,9,2,Punjab,142.6,560.5,1.88,166.0
2017,9,2,Sindh,156.7,521.2,2.33,162.0
2017,9,3,Punjab,145.0,548.7,1.97,181.0
2017,9,3,Sindh,155.9,541.6,2.39,165.0
2017,9,4,Punjab,149.0,548.9,1.9,178.0
2017,9,4,Sindh,158.1,552.7,2.36,169.0
2017,9,5,Punjab,149.5,537.5,2.0,160.0
2017,9,5,Sindh,161.9,568.4,2.37,168.0
2017,9,6,Punjab,158.8,566.1,1.88,182.0
2017,9,6,Sindh,160.7,563.5,2.37,167.0
2017,9,7,Punjab,155.3,616.4,1.89,206.0
2017,9,7,Sindh,148.6,506.2,2.35,161.0
2017,9,8,Punjab,138.4,516.6,1.93,168.0
2017,9,8,Sindh,143.3,498.6,2.35,148.0
2017,9,9,Punjab,154.3,593.1,1.97,206.0
2017,9,9,Sindh,160.7,540.1,2.35,159.0
2017,9,10,Punjab,156.2,629.3,1.93,205.0
2017,9,10,Sindh,149.3,542.9,2.36,164.0
2017,9,11,Punjab,151.1,562.9,1.93,163.0
2017,9,11,Sindh,155.0,538.0,2.38,159.0
2017,9,12,Punjab,153.3,569.9,1.95,192.0
2017,9,12,Sindh,150.3,518.8,2.36,153.0
2017,9,13,Punjab,155.3,587.6,1.95,199.0
2017,9,13,Sindh,147.2,539.0,2.41,163.0
2017,9,14,Punjab,160.0,608.5,2.04,210.0
2017,9,14,Sindh,158.9,537.6,2.39,155.0
2017,9,15,Punjab,141.3,574.7,2.0,207.0
2017,9,15,Sindh,160.0,543.3,2.39,158.0
2017,9,16,Punjab,152.0,608.9,1.95,189.0
2017,9,16,Sindh,153.4,520.4,2.37,167.0
2017,9,17,Punjab,166.1,643.5,2.07,221.0
2017,9,17,Sindh,143.4,500.7,2.4,155.0
2017,9,18,Punjab,165.4,657.4,1.99,219.0
2017,9,18,Sindh,153.6,544.1,2.37,159.0
2017,9,19,Punjab,160.9,607.9,1.92,199.0
2017,9,19,Sindh,158.3,565.2,2.37,170.0
2017,9,20,Punjab,158.4,608.1,1.98,213.0
2017,9,20,Sindh,149.0,560.1,2.38,169.0
2017,9,21,Punjab,167.4,630.2,1.99,230.0
2017,9,21,Sindh,157.3,517.0,2.39,160.0
2017,9,22,Punjab,169.6,618.6,1.93,222.0
2017,9,22,Sindh,156.4,556.5,2.39,164.0
2017,9,23,Punjab,153.3,606.5,1.92,209.0
2017,9,23,Sindh,159.4,549.5,2.36,167.0
2017,9,24,Punjab,146.6,567.6,1.97,203.0
2017,9,24,Sindh,157.1,541.1,2.36,150.0
2017,9,25,Punjab,152.2,578.8,1.95,219.0
2017,9,25,Sindh,151.7,521.6,2.39,150.0
2017,9,26,Punjab,179.2,680.9,2.04,255.0
2017,9,26,Sindh,162.6,555.3,2.39,164.0
2017,9,27,Punjab,141.9,509.2,2.01,183.0
2017,9,27,Sindh,155.8,570.6,2.37,168.0
2017,9,28,Punjab,150.8,553.4,1.94,198.0
2017,9,28,Sindh,156.5,560.4,2.34,159.0
2017,9,29,Punjab,143.3,551.2,1.99,188.0
2017,9,29,Sindh,152.0,532.3,2.37,158.0
2017,9,30,Punjab,155.6,580.8,2.04,214.0
2017,9,30,Sindh,154.5,560.9,2.39,161.0
2017,10,1,Punjab,145.1,546.8,1.9,188.0
2017,10,1,Sindh,152.3,510.4,2.41,150.0
2017,10,2,Punjab,153.9,582.5,1.92,240.0
2017,10,2,Sindh,155.9,525.6,2.35,159.0
2017,10,3,Punjab,139.2,515.2,1.97,189.0
2017,10,3,Sindh,165.3,546.0,2.37,164.0
2017,10,4,Punjab,159.8,587.7,1.98,236.0
2017,10,4,Sindh,150.0,514.3,2.37,146.0
2017,10,5,Punjab,164.6,593.4,1.97,246.0
2017,10,5,Sindh,148.8,523.1,2.4,148.0
2017,10,6,Punjab,151.8,574.1,1.96,225.0
2017,10,6,Sindh,164.2,576.3,2.38,164.0
2017,10,7,Punjab,153.9,597.1,1.96,231.0
2017,10,7,Sindh,155.9,547.7,2.36,158.0
2017,10,8,Punjab,153.7,551.2,2.0,205.0
2017,10,8,Sindh,153.6,516.4,2.39,147.0
2017,10,9,Punjab,156.5,594.2,2.03,230.0
2017,10,9,Sindh,162.2,579.6,2.37,171.0
2017,10,10,Punjab,154.8,593.9,1.95,251.0
2017,10,10,Sindh,154.0,542.5,2.35,158.0
2017,10,11,Punjab,161.3,593.1,2.1,242.0
2017,10,11,Sindh,166.1,592.5,2.36,171.0
2017,10,12,Punjab,165.1,655.7,2.08,261.0
2017,10,12,Sindh,160.4,533.1,2.41,148.0
2017,10,13,Punjab,148.7,557.5,2.05,241.0
2017,10,13,Sindh,154.6,545.9,2.39,163.0
2017,10,14,Punjab,152.8,578.7,2.01,243.0
2017,10,14,Sindh,167.9,569.8,2.38,148.0
2017,10,15,Punjab,162.6,614.5,2.08,249.0
2017,10,15,Sindh,154.1,533.4,2.37,157.0
2017,10,16,Punjab,144.0,511.9,1.97,217.0
2017,10,16,Sindh,160.9,571.1,2.38,167.0
2017,10,17,Punjab,139.7,550.9,1.94,222.0
2017,10,17,Sindh,158.7,556.8,2.38,156.0
2017,10,18,Punjab,157.3,578.6,1.96,235.0
2017,10,18,Sindh,163.7,560.3,2.39,165.0
2017,10,19,Punjab,159.5,601.4,1.93,247.0
2017,10,19,Sindh,165.1,577.8,2.38,163.0
2017,10,20,Punjab,149.8,581.2,1.99,250.0
2017,10,20,Sindh,157.4,528.1,2.4,151.0
2017,10,21,Punjab,151.0,603.0,2.0,241.0
2017,10,21,Sindh,153.5,554.7,2.38,159.0
2017,10,22,Punjab,149.6,546.9,1.99,236.0
2017,10,22,Sindh,159.6,555.7,2.36,173.0
2017,10,23,Punjab,148.8,556.5,1.98,236.0
2017,10,23,Sindh,154.0,555.7,2.37,163.0
2017,10,24,Punjab,161.3,640.7,1.99,262.0
2017,10,24,Sindh,167.5,578.2,2.34,165.0
2017,10,25,Punjab,146.4,565.5,2.07,243.0
2017,10,25,Sindh,158.1,545.5,2.42,150.0
2017,10,26,Punjab,153.7,597.7,2.02,236.0
2017,10,26,Sindh,155.6,533.3,2.4,151.0
2017,10,27,Punjab,148.7,544.0,2.03,234.0
2017,10,27,Sindh,158.4,567.6,2.36,155.0
2017,10,28,Punjab,144.3,540.9,2.0,230.0
2017,10,28,Sindh,150.8,517.1,2.38,150.0
2017,10,29,Punjab,163.0,616.0,1.91,265.0
2017,10,29,Sindh,152.7,544.1,2.37,153.0
2017,10,30,Punjab,151.9,560.1,1.9,226.0
2017,10,30,Sindh,163.6,566.8,2.41,153.0
2017,10,31,Punjab,157.6,565.5,2.09,257.0
2017,10,31,Sindh,154.3,510.5,2.35,144.0
2017,11,1,Punjab,144.1,537.4,1.96,254.0
2017,11,1,Sindh,152.4,524.9,2.38,143.0
2017,11,2,Punjab,150.3,598.1,1.96,266.0
2017,11,2,Sindh,160.4,543.5,2.38,152.0
2017,11,3,Punjab,162.3,618.0,2.0,281.0
2017,11,3,Sindh,163.6,573.2,2.4,155.0
2017,11,4,Punjab,177.0,700.1,2.02,301.0
2017,11,4,Sindh,161.3,546.8,2.38,152.0
2017,11,5,Punjab,140.5,537.7,2.03,236.0
2017,11,5,Sindh,162.7,583.5,2.35,164.0
2017,11,6,Punjab,154.8,572.9,2.08,266.0
2017,11,6,Sindh,154.0,537.6,2.38,149.0
2017,11,7,Punjab,159.7,632.6,2.07,294.0
2017,11,7,Sindh,150.7,524.8,2.36,144.0
2017,11,8,Punjab,151.6,580.2,1.95,255.0
2017,11,8,Sindh,165.4,588.6,2.39,162.0
2017,11,9,Punjab,163.3,639.9,2.04,287.0
2017,11,9,Sindh,156.3,561.4,2.41,158.0
2017,11,10,Punjab,149.7,547.3,1.98,257.0
2017,11,10,Sindh,156.7,548.0,2.35,145.0
2017,11,11,Punjab,157.9,620.7,1.99,315.0
2017,11,11,Sindh,164.6,564.4,2.37,156.0
2017,11,12,Punjab,152.5,600.9,1.94,283.0
2017,11,12,Sindh,160.7,536.0,2.37,154.0
2017,11,13,Punjab,166.5,638.5,1.91,275.0
2017,11,13,Sindh,160.3,550.7,2.38,154.0
2017,11,14,Punjab,151.4,559.1,2.0,247.0
2017,11,14,Sindh,168.8,581.7,2.4,159.0
2017,11,15,Punjab,154.0,584.4,1.95,286.0
2017,11,15,Sindh,154.8,543.5,2.38,152.0
2017,11,16,Punjab,164.4,637.1,2.04,324.0
2017,11,16,Sindh,162.7,564.3,2.39,156.0
2017,11,17,Punjab,148.7,569.8,1.98,273.0
2017,11,17,Sindh,158.4,564.7,2.37,157.0
2017,11,18,Punjab,157.5,610.6,2.01,288.0
2017,11,18,Sindh,159.5,549.0,2.39,140.0
2017,11,19,Punjab,142.4,561.5,2.07,281.0
2017,11,19,Sindh,165.8,579.5,2.4,150.0
2017,11,20,Punjab,148.4,550.8,1.93,264.0
2017,11,20,Sindh,160.7,580.3,2.37,162.0
2017,11,21,Punjab,160.2,585.6,1.96,260.0
2017,11,21,Sindh,160.9,568.4,2.4,147.0
2017,11,22,Punjab,149.2,566.4,2.01,291.0
2017,11,22,Sindh,163.6,571.8,2.39,157.0
2017,11,23,Punjab,152.9,574.3,2.02,278.0
2017,11,23,Sindh,156.5,538.6,2.41,145.0
2017,11,24,Punjab,161.2,628.3,2.06,316.0
2017,11,24,Sindh,154.1,529.9,2.38,139.0
2017,11,25,Punjab,152.7,558.7,2.05,274.0
2017,11,25,Sindh,153.1,523.2,2.4,144.0
2017,11,26,Punjab,163.9,643.4,2.01,313.0
2017,11,26,Sindh,148.5,511.8,2.39,140.0
2017,11,27,Punjab,159.1,631.8,2.02,317.0
2017,11,27,Sindh,168.7,601.7,2.39,172.0
2017,11,28,Punjab,160.9,611.6,2.02,313.0
2017,11,28,Sindh,152.9,531.9,2.39,141.0
2017,11,29,Punjab,167.4,637.5,1.93,314.0
2017,11,29,Sindh,157.4,530.5,2.4,151.0
2017,11,30,Punjab,160.1,593.1,2.0,299.0
2017,11,30,Sindh,157.1,576.4,2.36,156.0
2017,12,1,Punjab,169.9,634.8,2.02,320.0
2017,12,1,Sindh,160.1,565.0,2.42,149.0
2017,12,2,Punjab,164.9,618.6,2.03,313.0
2017,12,2,Sindh,162.6,548.1,2.35,151.0
2017,12,3,Punjab,153.5,612.2,1.96,293.0
2017,12,3,Sindh,162.9,563.5,2.38,154.0
2017,12,4,Punjab,168.1,637.3,1.94,303.0
2017,12,4,Sindh,155.7,546.6,2.39,147.0
2017,12,5,Punjab,159.9,581.2,2.0,277.0
2017,12,5,Sindh,157.8,577.9,2.4,156.0
2017,12,6,Punjab,154.7,592.9,2.11,312.0
2017,12,6,Sindh,160.1,543.7,2.42,143.0
2017,12,7,Punjab,160.1,625.0,1.97,310.0
2017,12,7,Sindh,157.5,565.8,2.35,147.0
2017,12,8,Punjab,166.8,633.5,2.07,328.0
2017,12,8,Sindh,166.8,604.7,2.38,165.0
2017,12,9,Punjab,161.6,643.6,2.09,328.0
2017,12,9,Sindh,161.2,554.8,2.35,147.0
2017,12,10,Punjab,172.6,671.5,2.01,323.0
2017,12,10,Sindh,162.5,564.5,2.39,150.0
2017,12,11,Punjab,166.8,612.8,1.98,312.0
2017,12,11,Sindh,162.1,551.9,2.4,149.0
2017,12,12,Punjab,162.3,605.8,2.04,308.0
2017,12,12,Sindh,164.7,573.5,2.42,155.0
2017,12,13,Punjab,150.0,574.4,2.02,296.0
2017,12,13,Sindh,159.8,558.7,2.39,142.0
2017,12,14,Punjab,156.8,562.5,1.97,306.0
2017,12,14,Sindh,152.4,543.4,2.41,152.0
2017,12,15,Punjab,158.9,610.4,1.98,340.0
2017,12,15,Sindh,160.9,579.6,2.4,155.0
2017,12,16,Punjab,163.9,587.6,2.04,320.0
2017,12,16,Sindh,155.7,533.8,2.38,142.0
2017,12,17,Punjab,163.5,641.7,2.06,328.0
2017,12,17,Sindh,156.4,517.7,2.36,141.0
2017,12,18,Punjab,159.8,625.3,2.0,335.0
2017,12,18,Sindh,162.0,566.5,2.4,152.0
2017,12,19,Punjab,159.4,616.0,2.01,337.0
2017,12,19,Sindh,165.3,582.8,2.36,158.0
2017,12,20,Punjab,164.3,610.8,2.05,305.0
2017,12,20,Sindh,159.2,560.9,2.42,152.0
2017,12,21,Punjab,151.7,579.9,2.01,320.0
2017,12,21,Sindh,160.7,557.4,2.39,152.0
2017,12,22,Punjab,172.2,644.0,2.0,338.0
2017,12,22,Sindh,167.7,588.7,2.42,163.0
2017,12,23,Punjab,142.3,520.1,1.98,299.0
2017,12,23,Sindh,160.4,584.1,2.38,159.0
2017,12,24,Punjab,170.4,640.6,1.98,338.0
2017,12,24,Sindh,172.2,608.5,2.4,160.0
2017,12,25,Punjab,158.4,615.9,2.15,322.0
2017,12,25,Sindh,162.1,561.6,2.4,144.0
2017,12,26,Punjab,166.8,634.8,2.01,350.0
2017,12,26,Sindh,150.5,519.1,2.39,147.0
2017,12,27,Punjab,161.8,643.7,2.09,337.0
2017,12,27,Sindh,163.1,568.2,2.39,150.0
2017,12,28,Punjab,161.7,629.7,2.11,325.0
2017,12,28,Sindh,161.2,588.9,2.4,154.0
2017,12,29,Punjab,163.4,634.1,2.01,335.0
2017,12,29,Sindh,165.8,577.6,2.38,144.0
2017,12,30,Punjab,165.5,596.6,2.04,327.0
2017,12,30,Sindh,162.8,569.3,2.37,153.0
2017,12,31,Punjab,156.4,588.7,2.03,316.0
2017,12,31,Sindh,158.7,548.3,2.42,147.0
2018,1,1,Punjab,167.4,614.8,1.94,327.0
2018,1,1,Sindh,153.3,553.1,2.41,140.0
2018,1,2,Punjab,150.5,568.1,1.95,308.0
2018,1,2,Sindh,158.4,583.9,2.4,157.0
2018,1,3,Punjab,159.2,590.9,2.03,310.0
2018,1,3,Sindh,155.3,550.1,2.43,144.0
2018,1,4,Punjab,165.9,623.0,2.0,319.0
2018,1,4,Sindh,156.6,549.5,2.39,160.0
2018,1,5,Punjab,167.3,656.8,2.12,327.0
2018,1,5,Sindh,162.5,569.3,2.42,149.0
2018,1,6,Punjab,163.0,629.0,2.01,345.0
2018,1,6,Sindh,167.9,552.0,2.4,145.0
2018,1,7,Punjab,156.2,613.9,2.12,324.0
2018,1,7,Sindh,161.6,576.8,2.38,149.0
2018,1,8,Punjab,166.6,601.1,2.0,286.0
2018,1,8,Sindh,153.7,539.9,2.43,151.0
2018,1,9,Punjab,154.1,586.9,2.12,321.0
2018,1,9,Sindh,161.9,573.1,2.42,151.0
2018,1,10,Punjab,173.5,678.8,2.05,352.0
2018,1,10,Sindh,165.7,569.3,2.4,148.0
2018,1,11,Punjab,158.9,634.0,2.06,314.0
2018,1,11,Sindh,156.7,542.7,2.41,149.0
2018,1,12,Punjab,147.3,528.8,2.0,287.0
2018,1,12,Sindh,159.1,550.7,2.39,140.0
2018,1,13,Punjab,150.1,563.4,2.06,299.0
2018,1,13,Sindh,159.9,574.9,2.42,156.0
2018,1,14,Punjab,160.1,629.0,2.11,324.0
2018,1,14,Sindh,155.9,540.0,2.35,153.0
2018,1,15,Punjab,160.9,607.6,2.02,335.0
2018,1,15,Sindh,163.1,602.1,2.38,163.0
2018,1,16,Punjab,175.6,649.0,2.01,336.0
2018,1,16,Sindh,159.3,564.0,2.42,154.0
2018,1,17,Punjab,151.6,544.9,2.02,296.0
2018,1,17,Sindh,162.0,547.9,2.39,151.0
2018,1,18,Punjab,160.2,589.9,2.11,329.0
2018,1,18,Sindh,155.5,542.4,2.4,154.0
2018,1,19,Punjab,151.5,541.9,2.08,305.0
2018,1,19,Sindh,157.8,542.5,2.37,151.0
2018,1,20,Punjab,156.1,594.3,2.11,301.0
2018,1,20,Sindh,163.6,539.8,2.44,148.0
2018,1,21,Punjab,173.5,677.4,2.05,340.0
2018,1,21,Sindh,158.2,577.6,2.42,159.0
2018,1,22,Punjab,151.0,548.7,2.04,304.0
2018,1,22,Sindh,168.7,601.0,2.4,156.0
2018,1,23,Punjab,164.9,631.6,2.06,321.0
2018,1,23,Sindh,158.1,561.4,2.39,154.0
2018,1,24,Punjab,163.4,637.7,2.09,353.0
2018,1,24,Sindh,161.3,566.9,2.42,147.0
2018,1,25,Punjab,160.1,608.2,2.02,322.0
2018,1,25,Sindh,164.8,556.1,2.44,148.0
2018,1,26,Punjab,164.5,592.7,2.11,309.0
2018,1,26,Sindh,153.1,528.6,2.42,128.0
2018,1,27,Punjab,151.1,581.8,2.06,300.0
2018,1,27,Sindh,151.4,542.6,2.45,149.0
2018,1,28,Punjab,173.7,658.8,1.92,345.0
2018,1,28,Sindh,152.6,518.4,2.38,137.0
2018,1,29,Punjab,175.9,665.1,2.08,334.0
2018,1,29,Sindh,166.6,545.1,2.39,153.0
2018,1,30,Punjab,160.9,600.4,1.98,319.0
2018,1,30,Sindh,157.5,548.0,2.38,150.0
2018,1,31,Punjab,179.9,685.5,2.08,335.0
2018,1,31,Sindh,173.1,603.8,2.41,168.0
2018,2,1,Punjab,157.4,608.3,2.09,320.0
2018,2,1,Sindh,157.5,553.4,2.41,144.0
2018,2,2,Punjab,163.8,670.4,2.06,333.0
2018,2,2,Sindh,161.3,575.5,2.4,161.0
2018,2,3,Punjab,172.1,656.4,2.07,331.0
2018,2,3,Sindh,168.1,598.0,2.42,172.0
2018,2,4,Punjab,157.1,627.1,2.1,316.0
2018,2,4,Sindh,170.5,600.6,2.43,166.0
2018,2,5,Punjab,149.7,576.2,2.02,315.0
2018,2,5,Sindh,170.8,615.7,2.37,170.0
2018,2,6,Punjab,147.9,560.2,2.08,295.0
2018,2,6,Sindh,166.6,560.2,2.39,153.0
2018,2,7,Punjab,177.4,677.0,2.1,339.0
2018,2,7,Sindh,165.7,587.4,2.42,157.0
2018,2,8,Punjab,156.7,571.0,2.13,302.0
2018,2,8,Sindh,163.5,581.8,2.39,162.0
2018,2,9,Punjab,159.5,612.2,1.99,330.0
2018,2,9,Sindh,164.5,557.1,2.39,144.0
2018,2,10,Punjab,152.1,538.3,2.07,298.0
2018,2,10,Sindh,157.9,530.0,2.43,144.0
2018,2,11,Punjab,168.7,623.7,2.0,325.0
2018,2,11,Sindh,156.6,536.8,2.38,138.0
2018,2,12,Punjab,154.9,590.7,2.0,289.0
2018,2,12,Sindh,160.7,552.5,2.4,148.0
2018,2,13,Punjab,157.2,621.4,2.06,309.0
2018,2,13,Sindh,159.9,570.9,2.41,159.0
2018,2,14,Punjab,163.6,650.4,2.05,337.0
2018,2,14,Sindh,158.5,545.5,2.39,152.0
2018,2,15,Punjab,152.8,575.8,2.1,287.0
2018,2,15,Sindh,164.3,562.1,2.42,155.0
2018,2,16,Punjab,159.9,610.7,2.03,310.0
2018,2,16,Sindh,165.6,570.4,2.39,157.0
2018,2,17,Punjab,172.6,675.5,2.04,321.0
2018,2,17,Sindh,161.3,581.3,2.43,150.0
2018,2,18,Punjab,164.8,599.8,2.06,295.0
2018,2,18,Sindh,168.3,589.1,2.4,160.0
2018,2,19,Punjab,162.5,625.6,2.01,329.0
2018,2,19,Sindh,155.2,540.5,2.42,146.0
2018,2,20,Punjab,163.2,603.7,2.01,311.0
2018,2,20,Sindh,160.0,558.2,2.42,151.0
2018,2,21,Punjab,158.5,598.7,2.11,312.0
2018,2,21,Sindh,157.4,570.2,2.39,160.0
2018,2,22,Punjab,177.6,665.6,2.02,331.0
2018,2,22,Sindh,151.7,519.6,2.37,140.0
2018,2,23,Punjab,155.2,598.3,2.11,299.0
2018,2,23,Sindh,160.6,581.9,2.41,158.0
2018,2,24,Punjab,163.4,631.9,2.08,304.0
2018,2,24,Sindh,160.4,564.7,2.41,146.0
2018,2,25,Punjab,162.7,636.0,1.98,305.0
2018,2,25,Sindh,168.6,587.9,2.42,161.0
2018,2,26,Punjab,169.9,652.5,2.08,314.0
2018,2,26,Sindh,164.3,612.4,2.4,164.0
2018,2,27,Punjab,170.7,652.0,2.08,332.0
2018,2,27,Sindh,156.0,530.2,2.4,149.0
2018,2,28,Punjab,161.6,651.3,2.08,300.0
2018,2,28,Sindh,170.4,591.2,2.45,160.0
2018,3,1,Punjab,164.3,593.8,2.05,286.0
2018,3,1,Sindh,167.3,567.1,2.38,159.0
2018,3,2,Punjab,164.6,659.5,2.01,304.0
2018,3,2,Sindh,164.1,588.8,2.42,164.0
2018,3,3,Punjab,143.9,540.9,2.12,283.0
2018,3,3,Sindh,160.1,585.8,2.4,172.0
2018,3,4,Punjab,149.4,579.1,2.05,302.0
2018,3,4,Sindh,156.5,572.8,2.4,163.0
2018,3,5,Punjab,157.3,591.3,2.01,289.0
2018,3,5,Sindh,159.5,576.5,2.4,153.0
2018,3,6,Punjab,157.7,585.2,2.08,288.0
2018,3,6,Sindh,166.8,580.8,2.39,157.0
2018,3,7,Punjab,152.6,589.8,2.02,284.0
2018,3,7,Sindh,170.8,592.3,2.42,167.0
2018,3,8,Punjab,168.3,660.3,2.01,311.0
2018,3,8,Sindh,169.1,566.9,2.44,156.0
2018,3,9,Punjab,162.4,626.4,2.04,302.0
2018,3,9,Sindh,159.0,587.0,2.42,151.0
2018,3,10,Punjab,160.7,599.7,2.03,288.0
2018,3,10,Sindh,155.9,552.6,2.41,164.0
2018,3,11,Punjab,152.4,651.3,2.02,305.0
2018,3,11,Sindh,162.2,560.3,2.39,163.0
2018,3,12,Punjab,162.1,640.1,2.1,304.0
2018,3,12,Sindh,152.7,554.3,2.42,161.0
2018,3,13,Punjab,141.5,556.4,2.06,248.0
2018,3,13,Sindh,163.2,556.5,2.45,156.0
2018,3,14,Punjab,161.3,605.8,2.13,283.0
2018,3,14,Sindh,160.9,569.1,2.4,164.0
2018,3,15,Punjab,163.1,607.4,2.02,283.0
2018,3,15,Sindh,159.3,554.9,2.4,155.0
2018,3,16,Punjab,164.6,619.9,1.98,287.0
2018,3,16,Sindh,153.7,547.4,2.4,158.0
2018,3,17,Punjab,150.2,592.4,2.07,272.0
2018,3,17,Sindh,164.2,573.9,2.4,159.0
2018,3,18,Punjab,164.6,605.6,2.16,280.0
2018,3,18,Sindh,159.0,534.9,2.36,162.0
2018,3,19,Punjab,154.5,565.7,2.09,255.0
2018,3,19,Sindh,155.9,546.7,2.42,150.0
2018,3,20,Punjab,156.4,605.0,2.23,259.0
2018,3,20,Sindh,147.4,531.7,2.4,160.0
2018,3,21,Punjab,168.7,647.3,2.08,298.0
2018,3,21,Sindh,161.7,565.4,2.38,163.0
2018,3,22,Punjab,179.1,665.1,2.08,281.0
2018,3,22,Sindh,170.7,609.0,2.43,172.0
2018,3,23,Punjab,163.4,599.2,1.96,265.0
2018,3,23,Sindh,170.2,579.9,2.39,168.0
2018,3,24,Punjab,156.5,623.6,2.09,268.0
2018,3,24,Sindh,159.6,558.2,2.41,166.0
2018,3,25,Punjab,164.6,632.7,2.08,293.0
2018,3,25,Sindh,158.9,546.8,2.44,167.0
2018,3,26,Punjab,170.7,621.3,2.05,271.0
2018,3,26,Sindh,164.3,586.2,2.39,171.0
2018,3,27,Punjab,168.2,613.2,2.06,265.0
2018,3,27,Sindh,157.0,549.9,2.38,156.0
2018,3,28,Punjab,185.2,696.6,2.07,303.0
2018,3,28,Sindh,163.5,582.7,2.42,169.0
2018,3,29,Punjab,157.6,613.5,2.06,287.0
2018,3,29,Sindh,165.9,596.9,2.44,182.0
2018,3,30,Punjab,165.4,640.3,2.18,279.0
2018,3,30,Sindh,168.2,599.1,2.38,180.0
2018,3,31,Punjab,175.8,690.7,2.05,286.0
2018,3,31,Sindh,161.6,569.7,2.42,171.0
2018,4,1,Punjab,175.3,636.5,2.08,276.0
2018,4,1,Sindh,161.1,548.9,2.43,166.0
2018,4,2,Punjab,147.9,566.5,2.05,227.0
2018,4,2,Sindh,157.8,552.1,2.37,166.0
2018,4,3,Punjab,163.5,649.9,2.11,272.0
2018,4,3,Sindh,158.1,545.2,2.43,167.0
2018,4,4,Punjab,175.5,693.5,2.08,305.0
2018,4,4,Sindh,161.1,558.6,2.43,163.0
2018,4,5,Punjab,186.8,716.9,2.06,293.0
2018,4,5,Sindh,164.1,568.7,2.41,161.0
2018,4,6,Punjab,169.3,690.4,1.98,281.0
2018,4,6,Sindh,166.8,569.3,2.44,169.0
2018,4,7,Punjab,160.8,623.2,2.09,257.0
2018,4,7,Sindh,158.3,524.7,2.44,153.0
2018,4,8,Punjab,155.7,612.6,2.06,247.0
2018,4,8,Sindh,169.8,584.3,2.42,167.0
2018,4,9,Punjab,181.6,691.0,2.07,281.0
2018,4,9,Sindh,161.0,566.4,2.41,164.0
2018,4,10,Punjab,169.7,629.3,2.02,261.0
2018,4,10,Sindh,162.3,547.8,2.4,176.0
2018,4,11,Punjab,157.2,579.7,2.15,234.0
2018,4,11,Sindh,158.7,555.7,2.42,167.0
2018,4,12,Punjab,162.4,620.6,2.12,225.0
2018,4,12,Sindh,150.3,554.7,2.43,168.0
2018,4,13,Punjab,166.5,628.5,2.15,256.0
2018,4,13,Sindh,166.9,599.5,2.41,171.0
2018,4,14,Punjab,168.4,604.7,2.14,263.0
2018,4,14,Sindh,166.2,606.4,2.37,170.0
2018,4,15,Punjab,156.9,575.9,2.11,226.0
2018,4,15,Sindh,161.1,569.9,2.44,167.0
2018,4,16,Punjab,159.3,598.9,2.02,220.0
2018,4,16,Sindh,162.9,587.7,2.42,183.0
2018,4,17,Punjab,151.0,588.4,2.17,239.0
2018,4,17,Sindh,165.2,567.3,2.41,172.0
2018,4,18,Punjab,172.6,655.6,2.04,270.0
2018,4,18,Sindh,154.8,532.2,2.44,165.0
2018,4,19,Punjab,161.6,612.6,2.07,242.0
2018,4,19,Sindh,160.0,519.0,2.45,163.0
2018,4,20,Punjab,168.1,619.1,2.12,255.0
2018,4,20,Sindh,166.7,601.1,2.36,176.0
2018,4,21,Punjab,175.8,668.5,2.12,262.0
2018,4,21,Sindh,156.5,570.7,2.43,179.0
2018,4,22,Punjab,166.2,658.1,2.11,256.0
2018,4,22,Sindh,164.2,566.5,2.39,168.0
2018,4,23,Punjab,163.6,624.9,2.06,230.0
2018,4,23,Sindh,156.0,542.2,2.43,173.0
2018,4,24,Punjab,166.1,601.1,2.05,228.0
2018,4,24,Sindh,165.1,566.7,2.42,174.0
2018,4,25,Punjab,165.1,602.5,2.21,226.0
2018,4,25,Sindh,162.7,575.1,2.43,165.0
2018,4,26,Punjab,174.6,675.4,2.08,248.0
2018,4,26,Sindh,154.8,558.7,2.41,167.0
2018,4,27,Punjab,167.2,630.9,2.08,229.0
2018,4,27,Sindh,168.7,564.4,2.38,163.0
2018,4,28,Punjab,160.4,608.1,2.05,225.0
2018,4,28,Sindh,159.3,563.6,2.41,178.0
2018,4,29,Punjab,173.2,645.9,2.1,222.0
2018,4,29,Sindh,158.9,552.0,2.43,169.0
2018,4,30,Punjab,174.7,674.0,2.1,252.0
2018,4,30,Sindh,164.0,575.7,2.44,165.0
2018,5,1,Punjab,154.2,580.0,2.09,200.0
2018,5,1,Sindh,168.8,597.6,2.4,183.0
2018,5,2,Punjab,177.2,669.7,2.11,237.0
2018,5,2,Sindh,158.0,550.1,2.44,167.0
2018,5,3,Punjab,167.9,621.1,2.18,225.0
2018,5,3,Sindh,163.4,570.3,2.41,167.0
2018,5,4,Punjab,167.3,654.3,2.06,221.0
2018,5,4,Sindh,165.3,575.2,2.43,185.0
2018,5,5,Punjab,173.2,653.6,2.09,210.0
2018,5,5,Sindh,166.6,597.7,2.41,183.0
2018,5,6,Punjab,160.6,622.5,2.06,213.0
2018,5,6,Sindh,164.1,580.5,2.43,177.0
2018,5,7,Punjab,172.8,632.9,2.11,206.0
2018,5,7,Sindh,161.4,568.1,2.44,173.0
2018,5,8,Punjab,162.2,651.2,2.06,232.0
2018,5,8,Sindh,159.1,537.8,2.4,160.0
2018,5,9,Punjab,153.5,608.9,2.07,197.0
2018,5,9,Sindh,163.7,567.3,2.41,169.0
2018,5,10,Punjab,157.4,559.8,2.02,204.0
2018,5,10,Sindh,157.9,566.2,2.43,182.0
2018,5,11,Punjab,169.9,629.7,2.1,214.0
2018,5,11,Sindh,148.7,521.1,2.47,162.0
2018,5,12,Punjab,157.9,609.5,2.12,207.0
2018,5,12,Sindh,165.5,589.3,2.41,181.0
2018,5,13,Punjab,178.4,651.4,2.19,201.0
2018,5,13,Sindh,167.9,614.2,2.47,178.0
2018,5,14,Punjab,175.1,662.6,2.12,224.0
2018,5,14,Sindh,151.6,546.2,2.47,165.0
2018,5,15,Punjab,176.3,678.3,2.07,225.0
2018,5,15,Sindh,158.4,555.8,2.42,177.0
2018,5,16,Punjab,166.6,629.5,2.03,194.0
2018,5,16,Sindh,166.6,575.3,2.42,181.0
2018,5,17,Punjab,167.8,648.3,2.04,213.0
2018,5,17,Sindh,173.8,570.0,2.41,186.0
2018,5,18,Punjab,156.2,579.7,2.03,183.0
2018,5,18,Sindh,163.6,570.2,2.43,185.0
2018,5,19,Punjab,173.8,615.4,2.19,199.0
2018,5,19,Sindh,159.9,554.8,2.4,173.0
2018,5,20,Punjab,168.9,661.4,2.11,215.0
2018,5,20,Sindh,162.7,575.2,2.43,182.0
2018,5,21,Punjab,170.4,667.1,2.07,210.0
2018,5,21,Sindh,170.5,594.4,2.46,183.0
2018,5,22,Punjab,179.4,732.0,2.05,239.0
2018,5,22,Sindh,160.4,556.7,2.42,185.0
2018,5,23,Punjab,161.1,568.2,2.06,177.0
2018,5,23,Sindh,159.7,532.2,2.42,175.0
2018,5,24,Punjab,165.0,642.1,2.07,208.0
2018,5,24,Sindh,161.3,550.4,2.39,174.0
2018,5,25,Punjab,168.7,601.7,2.17,184.0
2018,5,25,Sindh,159.0,563.6,2.44,178.0
2018,5,26,Punjab,158.6,638.0,2.1,190.0
2018,5,26,Sindh,164.4,601.1,2.43,194.0
2018,5,27,Punjab,164.7,635.5,2.03,190.0
2018,5,27,Sindh,171.9,600.3,2.43,190.0
2018,5,28,Punjab,170.2,627.6,2.22,211.0
2018,5,28,Sindh,165.4,584.0,2.42,191.0
2018,5,29,Punjab,163.7,637.6,2.05,206.0
2018,5,29,Sindh,162.6,583.4,2.42,172.0
2018,5,30,Punjab,176.8,660.8,2.08,216.0
2018,5,30,Sindh,162.4,556.4,2.44,179.0
2018,5,31,Punjab,154.3,592.3,2.17,193.0
2018,5,31,Sindh,156.1,551.9,2.43,173.0
2018,6,1,Punjab,175.4,670.7,2.13,202.0
2018,6,1,Sindh,168.4,578.2,2.44,191.0
2018,6,2,Punjab,171.8,687.6,2.08,214.0
2018,6,2,Sindh,163.6,585.6,2.43,192.0
2018,6,3,Punjab,162.0,651.8,2.05,197.0
2018,6,3,Sindh,163.1,573.2,2.45,181.0
2018,6,4,Punjab,159.2,592.9,2.06,182.0
2018,6,4,Sindh,180.0,634.5,2.44,204.0
2018,6,5,Punjab,150.0,591.1,2.06,171.0
2018,6,5,Sindh,165.6,567.7,2.43,189.0
2018,6,6,Punjab,160.3,616.3,2.11,184.0
2018,6,6,Sindh,160.3,571.8,2.46,182.0
2018,6,7,Punjab,175.1,637.1,2.12,190.0
2018,6,7,Sindh,162.0,598.3,2.44,200.0
2018,6,8,Punjab,166.3,618.1,2.1,187.0
2018,6,8,Sindh,169.9,579.6,2.46,183.0
2018,6,9,Punjab,176.1,716.0,2.11,222.0
2018,6,9,Sindh,164.8,571.6,2.44,180.0
2018,6,10,Punjab,161.9,622.4,2.06,182.0
2018,6,10,Sindh,157.0,553.1,2.39,181.0
2018,6,11,Punjab,172.6,675.8,2.13,201.0
2018,6,11,Sindh,168.8,602.8,2.46,188.0
2018,6,12,Punjab,161.2,608.4,2.18,179.0
2018,6,12,Sindh,160.9,554.9,2.43,178.0
2018,6,13,Punjab,159.3,594.5,2.1,186.0
2018,6,13,Sindh,173.7,565.4,2.43,187.0
2018,6,14,Punjab,166.2,632.1,2.1,165.0
2018,6,14,Sindh,169.7,614.5,2.44,193.0
2018,6,15,Punjab,161.8,609.5,2.12,164.0
2018,6,15,Sindh,162.1,578.9,2.43,175.0
2018,6,16,Punjab,154.8,558.4,2.17,163.0
2018,6,16,Sindh,170.8,571.7,2.44,184.0
2018,6,17,Punjab,165.7,609.8,2.07,175.0
2018,6,17,Sindh,164.8,567.6,2.42,177.0
2018,6,18,Punjab,168.1,653.0,2.19,191.0
2018,6,18,Sindh,168.7,614.1,2.46,197.0
2018,6,19,Punjab,177.4,666.7,2.14,199.0
2018,6,19,Sindh,166.9,605.9,2.43,194.0
2018,6,20,Punjab,174.8,664.9,2.12,193.0
2018,6,20,Sindh,160.3,575.1,2.43,190.0
2018,6,21,Punjab,177.2,677.9,2.18,190.0
2018,6,21,Sindh,161.3,562.0,2.42,184.0
2018,6,22,Punjab,173.2,664.5,2.06,195.0
2018,6,22,Sindh,169.7,595.3,2.44,194.0
2018,6,23,Punjab,170.2,669.5,2.14,191.0
2018,6,23,Sindh,162.9,568.3,2.44,178.0
2018,6,24,Punjab,157.7,577.3,2.14,154.0
2018,6,24,Sindh,162.6,586.1,2.44,190.0
2018,6,25,Punjab,168.8,652.8,2.07,190.0
2018,6,25,Sindh,159.9,546.5,2.41,186.0
2018,6,26,Punjab,172.4,670.3,2.14,196.0
2018,6,26,Sindh,166.8,571.8,2.4,179.0
2018,6,27,Punjab,179.4,701.3,2.13,202.0
2018,6,27,Sindh,175.0,627.8,2.45,205.0
2018,6,28,Punjab,173.2,630.0,2.11,192.0
2018,6,28,Sindh,159.4,557.3,2.47,176.0
2018,6,29,Punjab,177.7,680.4,2.16,206.0
2018,6,29,Sindh,164.9,597.9,2.42,184.0
2018,6,30,Punjab,159.6,640.7,2.09,188.0
2018,6,30,Sindh,171.9,591.5,2.47,189.0
2018,7,1,Punjab,165.3,626.1,2.14,198.0
2018,7,1,Sindh,164.5,574.8,2.44,187.0
2018,7,2,Punjab,171.4,660.9,2.12,183.0
2018,7,2,Sindh,167.1,571.2,2.44,187.0
2018,7,3,Punjab,177.3,689.2,2.09,189.0
2018,7,3,Sindh,159.6,558.7,2.43,174.0
2018,7,4,Punjab,166.9,613.6,2.15,176.0
2018,7,4,Sindh,167.1,562.6,2.41,182.0
2018,7,5,Punjab,167.4,672.9,2.11,185.0
2018,7,5,Sindh,164.0,566.8,2.46,178.0
2018,7,6,Punjab,173.6,669.8,2.05,186.0
2018,7,6,Sindh,169.9,573.2,2.42,175.0
2018,7,7,Punjab,159.2,615.2,2.04,156.0
2018,7,7,Sindh,171.0,608.8,2.42,187.0
2018,7,8,Punjab,181.1,654.9,2.17,188.0
2018,7,8,Sindh,178.0,633.8,2.46,194.0
2018,7,9,Punjab,161.2,628.6,2.07,156.0
2018,7,9,Sindh,168.0,562.0,2.4,182.0
2018,7,10,Punjab,153.0,591.4,2.14,158.0
2018,7,10,Sindh,166.8,603.6,2.41,196.0
2018,7,11,Punjab,168.5,672.6,2.13,187.0
2018,7,11,Sindh,166.1,618.9,2.44,186.0
2018,7,12,Punjab,182.0,685.4,2.11,187.0
2018,7,12,Sindh,163.4,572.7,2.44,184.0
2018,7,13,Punjab,173.2,638.3,2.23,159.0
2018,7,13,Sindh,166.9,574.6,2.45,177.0
2018,7,14,Punjab,174.5,649.6,2.14,162.0
2018,7,14,Sindh,163.8,615.6,2.43,196.0
2018,7,15,Punjab,168.9,631.7,2.17,166.0
2018,7,15,Sindh,166.1,561.6,2.49,177.0
2018,7,16,Punjab,167.4,613.7,2.14,173.0
2018,7,16,Sindh,171.9,601.9,2.44,184.0
2018,7,17,Punjab,156.3,619.8,2.12,172.0
2018,7,17,Sindh,160.3,563.8,2.44,184.0
2018,7,18,Punjab,150.6,599.0,2.13,162.0
2018,7,18,Sindh,171.1,618.9,2.42,190.0
2018,7,19,Punjab,170.3,643.4,2.21,170.0
2018,7,19,Sindh,172.0,607.3,2.44,189.0
2018,7,20,Punjab,179.3,673.5,2.19,193.0
2018,7,20,Sindh,164.8,569.4,2.45,170.0
2018,7,21,Punjab,171.6,615.8,2.23,152.0
2018,7,21,Sindh,154.8,527.7,2.46,175.0
2018,7,22,Punjab,173.9,674.7,2.14,165.0
2018,7,22,Sindh,162.4,563.4,2.41,183.0
2018,7,23,Punjab,181.6,723.3,2.09,203.0
2018,7,23,Sindh,172.0,586.9,2.44,185.0
2018,7,24,Punjab,171.6,639.5,2.11,172.0
2018,7,24,Sindh,165.4,579.7,2.45,176.0
2018,7,25,Punjab,168.1,636.4,2.08,186.0
2018,7,25,Sindh,160.6,553.6,2.45,183.0
2018,7,26,Punjab,162.6,626.4,2.17,176.0
2018,7,26,Sindh,163.1,548.4,2.44,172.0
2018,7,27,Punjab,185.3,738.8,2.11,229.0
2018,7,27,Sindh,169.8,613.3,2.45,189.0
2018,7,28,Punjab,173.4,663.0,1.98,179.0
2018,7,28,Sindh,168.4,581.9,2.43,195.0
2018,7,29,Punjab,161.7,618.4,2.26,178.0
2018,7,29,Sindh,164.5,556.7,2.47,174.0
2018,7,30,Punjab,159.9,611.3,2.11,167.0
2018,7,30,Sindh,163.9,571.1,2.46,184.0
2018,7,31,Punjab,179.4,653.1,2.11,198.0
2018,7,31,Sindh,163.8,574.3,2.42,183.0
2018,8,1,Punjab,161.1,583.3,2.22,160.0
2018,8,1,Sindh,161.2,537.9,2.42,173.0
2018,8,2,Punjab,184.3,684.1,2.08,204.0
2018,8,2,Sindh,173.9,613.6,2.42,192.0
2018,8,3,Punjab,147.4,580.6,2.2,151.0
2018,8,3,Sindh,164.2,559.1,2.46,179.0
2018,8,4,Punjab,180.9,680.8,2.11,192.0
2018,8,4,Sindh,172.0,627.5,2.42,195.0
2018,8,5,Punjab,173.5,648.7,2.08,184.0
2018,8,5,Sindh,173.5,615.2,2.44,190.0
2018,8,6,Punjab,170.6,637.3,2.23,196.0
2018,8,6,Sindh,170.9,592.3,2.45,192.0
2018,8,7,Punjab,168.3,636.8,2.19,161.0
2018,8,7,Sindh,163.8,562.2,2.44,170.0
2018,8,8,Punjab,184.9,736.6,2.19,215.0
2018,8,8,Sindh,168.0,586.5,2.45,188.0
2018,8,9,Punjab,175.5,663.7,2.16,190.0
2018,8,9,Sindh,165.9,589.9,2.42,187.0
2018,8,10,Punjab,162.6,602.2,2.17,152.0
2018,8,10,Sindh,161.5,565.0,2.46,181.0
2018,8,11,Punjab,156.1,593.8,2.08,164.0
2018,8,11,Sindh,167.7,583.7,2.43,187.0
2018,8,12,Punjab,171.4,686.3,2.15,188.0
2018,8,12,Sindh,160.2,561.7,2.44,175.0
2018,8,13,Punjab,170.0,635.9,2.1,162.0
2018,8,13,Sindh,172.1,593.2,2.45,174.0
2018,8,14,Punjab,157.9,576.3,2.08,162.0
2018,8,14,Sindh,163.9,568.3,2.45,177.0
2018,8,15,Punjab,169.6,634.6,2.17,185.0
2018,8,15,Sindh,167.2,554.0,2.45,169.0
2018,8,16,Punjab,165.5,631.6,2.21,185.0
2018,8,16,Sindh,167.7,601.4,2.43,181.0
2018,8,17,Punjab,170.3,660.8,2.13,200.0
2018,8,17,Sindh,165.0,581.9,2.44,174.0
2018,8,18,Punjab,176.0,689.1,2.14,200.0
2018,8,18,Sindh,169.2,580.7,2.45,177.0
2018,8,19,Punjab,182.2,671.5,2.09,220.0
2018,8,19,Sindh,164.0,602.3,2.42,182.0
2018,8,20,Punjab,177.6,655.9,2.15,198.0
2018,8,20,Sindh,170.7,598.8,2.44,172.0
2018,8,21,Punjab,164.6,619.1,2.19,200.0
2018,8,21,Sindh,159.7,543.3,2.46,173.0
2018,8,22,Punjab,173.4,672.5,2.19,190.0
2018,8,22,Sindh,167.1,597.5,2.42,194.0
2018,8,23,Punjab,171.0,624.5,2.18,182.0
2018,8,23,Sindh,176.1,622.5,2.47,192.0
2018,8,24,Punjab,159.9,595.4,2.12,187.0
2018,8,24,Sindh,161.5,571.1,2.47,175.0
2018,8,25,Punjab,173.8,648.4,2.12,198.0
2018,8,25,Sindh,163.1,564.5,2.42,174.0
2018,8,26,Punjab,185.5,723.7,2.19,218.0
2018,8,26,Sindh,169.1,598.6,2.48,181.0
2018,8,27,Punjab,170.9,660.1,2.19,189.0
2018,8,27,Sindh,167.5,582.2,2.45,179.0
2018,8,28,Punjab,158.0,618.4,2.15,200.0
2018,8,28,Sindh,168.4,597.6,2.46,182.0
2018,8,29,Punjab,171.0,676.6,2.13,220.0
2018,8,29,Sindh,169.1,563.2,2.44,169.0
2018,8,30,Punjab,161.1,606.1,2.21,194.0
2018,8,30,Sindh,169.8,587.9,2.47,188.0
2018,8,31,Punjab,177.8,651.8,2.14,202.0
2018,8,31,Sindh,172.2,628.7,2.46,182.0
2018,9,1,Punjab,175.1,641.8,2.19,195.0
2018,9,1,Sindh,168.8,579.2,2.43,180.0
2018,9,2,Punjab,169.6,607.7,2.15,194.0
2018,9,2,Sindh,165.5,570.3,2.43,173.0
2018,9,3,Punjab,168.4,630.6,2.11,189.0
2018,9,3,Sindh,170.1,588.8,2.42,187.0
2018,9,4,Punjab,169.4,635.9,2.24,200.0
2018,9,4,Sindh,176.3,598.9,2.45,182.0
2018,9,5,Punjab,171.2,666.2,2.16,231.0
2018,9,5,Sindh,166.2,548.5,2.46,166.0
2018,9,6,Punjab,165.0,627.3,2.12,187.0
2018,9,6,Sindh,162.0,563.5,2.46,170.0
2018,9,7,Punjab,160.1,598.6,2.09,202.0
2018,9,7,Sindh,172.4,605.6,2.45,182.0
2018,9,8,Punjab,180.4,683.1,2.1,241.0
2018,9,8,Sindh,166.3,581.4,2.43,169.0
2018,9,9,Punjab,168.2,618.5,2.14,214.0
2018,9,9,Sindh,156.1,544.2,2.44,162.0
2018,9,10,Punjab,172.7,676.8,2.26,233.0
2018,9,10,Sindh,171.2,599.9,2.48,171.0
2018,9,11,Punjab,173.7,644.3,2.13,212.0
2018,9,11,Sindh,164.3,590.6,2.44,172.0
2018,9,12,Punjab,174.0,638.5,2.23,211.0
2018,9,12,Sindh,166.6,580.2,2.46,174.0
2018,9,13,Punjab,162.1,632.4,2.16,193.0
2018,9,13,Sindh,168.7,582.0,2.43,175.0
2018,9,14,Punjab,158.2,612.5,2.1,209.0
2018,9,14,Sindh,168.1,584.0,2.46,165.0
2018,9,15,Punjab,166.9,599.7,2.14,202.0
2018,9,15,Sindh,170.7,606.1,2.44,179.0
2018,9,16,Punjab,174.8,681.4,2.1,229.0
2018,9,16,Sindh,165.0,598.7,2.47,181.0
2018,9,17,Punjab,165.9,615.5,2.12,214.0
2018,9,17,Sindh,169.8,584.8,2.47,173.0
2018,9,18,Punjab,168.9,634.4,2.12,222.0
2018,9,18,Sindh,165.9,582.3,2.44,170.0
2018,9,19,Punjab,188.8,721.3,2.07,246.0
2018,9,19,Sindh,171.0,603.4,2.45,176.0
2018,9,20,Punjab,157.1,608.7,2.24,233.0
2018,9,20,Sindh,170.4,581.4,2.44,169.0
2018,9,21,Punjab,165.9,639.2,2.18,235.0
2018,9,21,Sindh,162.6,569.6,2.43,166.0
2018,9,22,Punjab,187.1,710.1,2.13,263.0
2018,9,22,Sindh,172.8,582.8,2.44,173.0
2018,9,23,Punjab,171.6,643.7,2.18,231.0
2018,9,23,Sindh,164.7,549.9,2.46,175.0
2018,9,24,Punjab,166.4,640.6,2.13,237.0
2018,9,24,Sindh,171.5,605.6,2.46,174.0
2018,9,25,Punjab,181.4,687.1,2.04,239.0
2018,9,25,Sindh,169.3,586.7,2.46,171.0
2018,9,26,Punjab,172.6,691.9,2.32,262.0
2018,9,26,Sindh,176.7,621.4,2.45,180.0
2018,9,27,Punjab,169.4,655.5,2.18,240.0
2018,9,27,Sindh,166.4,582.1,2.47,167.0
2018,9,28,Punjab,173.8,641.9,2.14,228.0
2018,9,28,Sindh,165.8,565.6,2.46,172.0
2018,9,29,Punjab,167.0,625.2,2.08,232.0
2018,9,29,Sindh,167.5,585.5,2.47,159.0
2018,9,30,Punjab,164.2,624.9,2.1,231.0
2018,9,30,Sindh,166.1,562.8,2.42,162.0
2018,10,1,Punjab,171.5,677.6,2.26,279.0
2018,10,1,Sindh,171.6,621.6,2.38,183.0
2018,10,2,Punjab,164.4,652.8,2.25,253.0
2018,10,2,Sindh,159.6,538.2,2.46,157.0
2018,10,3,Punjab,172.6,647.9,2.21,263.0
2018,10,3,Sindh,162.4,565.5,2.43,161.0
2018,10,4,Punjab,175.4,647.8,2.12,259.0
2018,10,4,Sindh,162.4,552.7,2.45,164.0
2018,10,5,Punjab,179.4,660.5,2.25,256.0
2018,10,5,Sindh,172.5,612.3,2.45,181.0
2018,10,6,Punjab,181.7,695.4,2.2,264.0
2018,10,6,Sindh,176.3,612.2,2.49,177.0
2018,10,7,Punjab,169.4,690.0,2.21,250.0
2018,10,7,Sindh,167.3,577.7,2.47,163.0
2018,10,8,Punjab,176.7,682.4,2.2,258.0
2018,10,8,Sindh,167.0,597.3,2.46,174.0
2018,10,9,Punjab,176.7,639.7,2.1,258.0
2018,10,9,Sindh,168.2,589.2,2.48,168.0
2018,10,10,Punjab,175.5,652.2,2.12,254.0
2018,10,10,Sindh,173.7,615.7,2.47,180.0
2018,10,11,Punjab,169.0,629.9,2.15,255.0
2018,10,11,Sindh,163.3,556.8,2.45,168.0
2018,10,12,Punjab,164.7,609.4,2.21,226.0
2018,10,12,Sindh,169.2,571.0,2.48,151.0
2018,10,13,Punjab,177.0,664.8,2.11,270.0
2018,10,13,Sindh,172.9,606.6,2.44,173.0
2018,10,14,Punjab,159.4,613.0,2.17,261.0
2018,10,14,Sindh,170.5,592.1,2.47,160.0
2018,10,15,Punjab,170.9,663.2,2.17,251.0
2018,10,15,Sindh,169.0,600.9,2.43,183.0
2018,10,16,Punjab,152.7,602.1,2.22,253.0
2018,10,16,Sindh,173.1,604.6,2.46,169.0
2018,10,17,Punjab,162.5,627.9,2.22,273.0
2018,10,17,Sindh,154.6,544.2,2.46,160.0
2018,10,18,Punjab,166.2,592.5,2.13,264.0
2018,10,18,Sindh,171.5,576.0,2.49,164.0
2018,10,19,Punjab,182.1,670.6,2.26,273.0
2018,10,19,Sindh,164.9,605.5,2.43,167.0
2018,10,20,Punjab,178.8,676.4,2.13,287.0
2018,10,20,Sindh,159.0,554.2,2.45,153.0
2018,10,21,Punjab,168.9,644.9,2.24,286.0
2018,10,21,Sindh,170.8,608.2,2.48,179.0
2018,10,22,Punjab,179.3,698.4,2.16,295.0
2018,10,22,Sindh,175.1,600.4,2.47,174.0
2018,10,23,Punjab,180.6,687.0,2.19,301.0
2018,10,23,Sindh,167.6,591.2,2.47,176.0
2018,10,24,Punjab,172.2,655.5,2.2,279.0
2018,10,24,Sindh,173.1,586.3,2.44,165.0
2018,10,25,Punjab,162.5,622.2,2.2,272.0
2018,10,25,Sindh,176.4,624.2,2.45,176.0
2018,10,26,Punjab,172.0,648.3,2.22,273.0
2018,10,26,Sindh,175.0,607.0,2.49,169.0
2018,10,27,Punjab,172.9,658.7,2.21,283.0
2018,10,27,Sindh,176.6,618.6,2.46,171.0
2018,10,28,Punjab,163.9,645.2,2.23,285.0
2018,10,28,Sindh,172.2,613.0,2.47,166.0
2018,10,29,Punjab,176.7,669.8,2.21,284.0
2018,10,29,Sindh,168.8,572.5,2.46,161.0
2018,10,30,Punjab,176.1,668.4,2.13,288.0
2018,10,30,Sindh,160.5,551.5,2.44,151.0
2018,10,31,Punjab,177.4,673.5,2.2,302.0
2018,10,31,Sindh,167.3,592.4,2.48,167.0
2018,11,1,Punjab,176.1,695.3,2.16,323.0
2018,11,1,Sindh,164.3,606.7,2.47,169.0
2018,11,2,Punjab,179.8,661.1,2.14,271.0
2018,11,2,Sindh,179.4,626.0,2.51,175.0
2018,11,3,Punjab,172.6,691.3,2.18,324.0
2018,11,3,Sindh,167.7,596.0,2.44,173.0
2018,11,4,Punjab,175.7,644.0,2.2,287.0
2018,11,4,Sindh,169.3,590.8,2.48,164.0
2018,11,5,Punjab,170.9,636.5,2.21,298.0
2018,11,5,Sindh,171.4,629.2,2.44,177.0
2018,11,6,Punjab,169.5,658.9,2.25,309.0
2018,11,6,Sindh,168.9,565.1,2.47,167.0
2018,11,7,Punjab,184.9,723.3,2.26,337.0
2018,11,7,Sindh,177.2,621.7,2.49,178.0
2018,11,8,Punjab,157.9,572.0,2.21,262.0
2018,11,8,Sindh,165.7,555.4,2.42,159.0
2018,11,9,Punjab,181.3,667.2,2.22,302.0
2018,11,9,Sindh,169.8,556.6,2.46,153.0
2018,11,10,Punjab,169.4,649.3,2.2,298.0
2018,11,10,Sindh,165.1,582.4,2.46,161.0
2018,11,11,Punjab,168.4,686.8,2.23,310.0
2018,11,11,Sindh,162.3,570.0,2.45,150.0
2018,11,12,Punjab,176.5,695.8,2.22,331.0
2018,11,12,Sindh,165.8,576.2,2.47,161.0
2018,11,13,Punjab,162.6,612.9,2.19,289.0
2018,11,13,Sindh,168.7,589.0,2.49,163.0
2018,11,14,Punjab,168.0,590.1,2.31,268.0
2018,11,14,Sindh,166.8,630.3,2.46,172.0
2018,11,15,Punjab,167.8,639.3,2.17,294.0
2018,11,15,Sindh,165.5,575.5,2.47,163.0
2018,11,16,Punjab,172.9,664.2,2.27,296.0
2018,11,16,Sindh,162.0,574.6,2.47,151.0
2018,11,17,Punjab,168.3,631.8,2.13,297.0
2018,11,17,Sindh,168.6,580.5,2.47,167.0
2018,11,18,Punjab,187.6,695.7,2.24,331.0
2018,11,18,Sindh,161.6,569.9,2.45,160.0
2018,11,19,Punjab,189.2,722.1,2.27,329.0
2018,11,19,Sindh,172.9,601.6,2.49,163.0
2018,11,20,Punjab,158.7,584.1,2.11,282.0
2018,11,20,Sindh,169.6,587.3,2.47,159.0
2018,11,21,Punjab,179.3,718.6,2.21,333.0
2018,11,21,Sindh,161.9,593.9,2.48,164.0
2018,11,22,Punjab,181.8,721.2,2.24,339.0
2018,11,22,Sindh,167.7,604.4,2.45,171.0
2018,11,23,Punjab,179.3,694.7,2.22,334.0
2018,11,23,Sindh,165.5,581.2,2.46,158.0
2018,11,24,Punjab,169.8,647.0,2.22,322.0
2018,11,24,Sindh,170.9,563.4,2.47,154.0
2018,11,25,Punjab,173.1,644.7,2.21,336.0
2018,11,25,Sindh,176.0,610.6,2.44,165.0
2018,11,26,Punjab,169.2,642.4,2.15,314.0
2018,11,26,Sindh,159.9,600.4,2.44,171.0
2018,11,27,Punjab,171.8,685.8,2.32,339.0
2018,11,27,Sindh,169.9,591.3,2.46,158.0
2018,11,28,Punjab,165.6,646.5,2.18,301.0
2018,11,28,Sindh,168.6,606.6,2.48,163.0
2018,11,29,Punjab,174.4,666.7,2.23,322.0
2018,11,29,Sindh,172.8,626.3,2.46,176.0
2018,11,30,Punjab,163.3,639.1,2.17,313.0
2018,11,30,Sindh,170.5,600.1,2.45,162.0
2018,12,1,Punjab,173.8,671.3,2.09,317.0
2018,12,1,Sindh,165.7,567.4,2.45,159.0
2018,12,2,Punjab,165.5,636.6,2.16,311.0
2018,12,2,Sindh,167.9,551.1,2.46,145.0
2018,12,3,Punjab,177.1,692.8,2.14,336.0
2018,12,3,Sindh,165.6,589.7,2.46,158.0
2018,12,4,Punjab,170.1,656.7,2.26,322.0
2018,12,4,Sindh,174.9,600.1,2.52,169.0
2018,12,5,Punjab,177.9,693.2,2.18,365.0
2018,12,5,Sindh,169.7,596.6,2.49,157.0
2018,12,6,Punjab,184.3,703.5,2.18,349.0
2018,12,6,Sindh,179.1,608.2,2.49,162.0
2018,12,7,Punjab,188.4,710.9,2.16,367.0
2018,12,7,Sindh,169.4,588.7,2.5,160.0
2018,12,8,Punjab,155.5,580.0,2.22,318.0
2018,12,8,Sindh,166.1,582.0,2.45,151.0
2018,12,9,Punjab,169.1,629.3,2.18,314.0
2018,12,9,Sindh,162.1,571.5,2.45,151.0
2018,12,10,Punjab,173.4,626.9,2.26,322.0
2018,12,10,Sindh,160.7,545.8,2.45,147.0
2018,12,11,Punjab,179.6,664.1,2.23,330.0
2018,12,11,Sindh,161.9,584.4,2.5,157.0
2018,12,12,Punjab,162.7,599.6,2.18,310.0
2018,12,12,Sindh,171.1,590.0,2.46,164.0
2018,12,13,Punjab,168.1,628.7,2.26,314.0
2018,12,13,Sindh,172.4,578.2,2.45,162.0
2018,12,14,Punjab,177.1,704.1,2.21,346.0
2018,12,14,Sindh,162.0,565.2,2.47,147.0
2018,12,15,Punjab,176.8,668.5,2.22,342.0
2018,12,15,Sindh,174.4,610.8,2.47,163.0
2018,12,16,Punjab,179.2,685.6,2.14,347.0
2018,12,16,Sindh,167.5,588.7,2.48,161.0
2018,12,17,Punjab,179.7,688.4,2.21,349.0
2018,12,17,Sindh,170.7,617.9,2.48,172.0
2018,12,18,Punjab,178.9,711.7,2.23,355.0
2018,12,18,Sindh,178.0,619.6,2.46,168.0
2018,12,19,Punjab,177.8,664.2,2.28,349.0
2018,12,19,Sindh,174.5,609.0,2.49,164.0
2018,12,20,Punjab,176.8,667.3,2.18,338.0
2018,12,20,Sindh,168.7,573.9,2.46,157.0
2018,12,21,Punjab,181.7,688.3,2.33,365.0
2018,12,21,Sindh,165.6,592.0,2.47,161.0
2018,12,22,Punjab,158.5,625.1,2.25,309.0
2018,12,22,Sindh,159.4,560.5,2.49,146.0
2018,12,23,Punjab,188.8,744.4,2.14,375.0
2018,12,23,Sindh,166.5,576.6,2.46,155.0
2018,12,24,Punjab,158.9,613.3,2.18,328.0
2018,12,24,Sindh,169.1,563.3,2.46,158.0
2018,12,25,Punjab,167.9,662.8,2.29,336.0
2018,12,25,Sindh,165.3,600.1,2.49,159.0
2018,12,26,Punjab,174.8,667.8,2.28,341.0
2018,12,26,Sindh,169.6,575.1,2.46,154.0
2018,12,27,Punjab,182.1,688.4,2.22,356.0
2018,12,27,Sindh,170.6,588.4,2.47,156.0
2018,12,28,Punjab,152.8,604.1,2.23,332.0
2018,12,28,Sindh,169.2,597.5,2.49,148.0
2018,12,29,Punjab,176.5,680.6,2.16,331.0
2018,12,29,Sindh,167.1,566.8,2.52,152.0
2018,12,30,Punjab,183.2,681.3,2.29,357.0
2018,12,30,Sindh,171.2,576.8,2.49,156.0
2018,12,31,Punjab,184.8,722.3,2.17,359.0
2018,12,31,Sindh,172.6,572.2,2.49,150.0
2019,1,1,Punjab,171.3,646.9,2.27,350.0
2019,1,1,Sindh,165.0,588.2,2.49,151.0
2019,1,2,Punjab,174.6,656.7,2.29,325.0
2019,1,2,Sindh,177.5,613.1,2.46,158.0
2019,1,3,Punjab,172.1,671.8,2.23,372.0
2019,1,3,Sindh,170.0,638.8,2.48,173.0
2019,1,4,Punjab,173.9,659.1,2.27,335.0
2019,1,4,Sindh,170.6,582.2,2.48,165.0
2019,1,5,Punjab,168.9,649.5,2.32,356.0
2019,1,5,Sindh,174.1,595.4,2.49,166.0
2019,1,6,Punjab,170.1,659.4,2.24,343.0
2019,1,6,Sindh,171.7,592.6,2.48,151.0
2019,1,7,Punjab,180.7,671.0,2.22,340.0
2019,1,7,Sindh,175.4,617.4,2.49,169.0
2019,1,8,Punjab,178.3,685.3,2.22,356.0
2019,1,8,Sindh,172.1,595.2,2.47,155.0
2019,1,9,Punjab,181.2,715.7,2.19,374.0
2019,1,9,Sindh,167.6,595.8,2.48,156.0
2019,1,10,Punjab,179.1,661.4,2.19,329.0
2019,1,10,Sindh,172.5,589.0,2.46,155.0
2019,1,11,Punjab,183.0,704.6,2.25,367.0
2019,1,11,Sindh,165.0,556.8,2.47,153.0
2019,1,12,Punjab,184.5,684.5,2.22,353.0
2019,1,12,Sindh,171.3,572.5,2.51,158.0
2019,1,13,Punjab,163.6,642.0,2.25,344.0
2019,1,13,Sindh,170.6,563.8,2.49,151.0
2019,1,14,Punjab,170.7,669.0,2.16,347.0
2019,1,14,Sindh,169.8,586.4,2.48,157.0
2019,1,15,Punjab,175.8,660.8,2.23,339.0
2019,1,15,Sindh,170.2,591.2,2.52,161.0
2019,1,16,Punjab,177.5,718.6,2.28,354.0
2019,1,16,Sindh,161.5,555.6,2.45,152.0
2019,1,17,Punjab,172.3,677.1,2.18,356.0
2019,1,17,Sindh,168.2,607.2,2.46,168.0
2019,1,18,Punjab,185.1,717.4,2.23,371.0
2019,1,18,Sindh,171.4,618.3,2.52,159.0
2019,1,19,Punjab,193.6,748.9,2.14,380.0
2019,1,19,Sindh,171.8,596.1,2.48,160.0
2019,1,20,Punjab,179.3,701.2,2.17,361.0
2019,1,20,Sindh,165.9,553.6,2.48,144.0
2019,1,21,Punjab,178.6,658.7,2.28,353.0
2019,1,21,Sindh,177.3,612.2,2.46,163.0
2019,1,22,Punjab,184.8,706.0,2.22,373.0
2019,1,22,Sindh,166.7,574.5,2.49,154.0
2019,1,23,Punjab,163.1,627.4,2.33,314.0
2019,1,23,Sindh,175.9,605.9,2.49,162.0
2019,1,24,Punjab,178.3,669.5,2.26,323.0
2019,1,24,Sindh,173.2,595.9,2.46,156.0
2019,1,25,Punjab,185.9,715.9,2.26,379.0
2019,1,25,Sindh,167.9,577.9,2.48,148.0
2019,1,26,Punjab,173.0,682.1,2.18,336.0
2019,1,26,Sindh,180.0,624.4,2.48,157.0
2019,1,27,Punjab,168.4,631.5,2.22,321.0
2019,1,27,Sindh,165.2,568.8,2.49,153.0
2019,1,28,Punjab,176.8,670.6,2.2,342.0
2019,1,28,Sindh,175.8,618.5,2.46,164.0
2019,1,29,Punjab,177.8,659.3,2.19,323.0
2019,1,29,Sindh,176.3,622.3,2.51,164.0
2019,1,30,Punjab,171.1,614.4,2.27,321.0
2019,1,30,Sindh,167.9,574.1,2.5,162.0
2019,1,31,Punjab,195.2,757.2,2.28,365.0
2019,1,31,Sindh,178.3,643.1,2.48,169.0
2019,2,1,Punjab,174.6,663.0,2.26,339.0
2019,2,1,Sindh,170.1,580.7,2.48,164.0
2019,2,2,Punjab,169.3,644.2,2.2,336.0
2019,2,2,Sindh,172.8,580.6,2.48,166.0
2019,2,3,Punjab,177.8,655.9,2.26,334.0
2019,2,3,Sindh,172.7,610.2,2.47,155.0
2019,2,4,Punjab,185.9,702.6,2.15,348.0
2019,2,4,Sindh,170.8,585.5,2.48,159.0
2019,2,5,Punjab,178.8,701.3,2.31,356.0
2019,2,5,Sindh,175.5,619.2,2.48,166.0
2019,2,6,Punjab,182.6,693.8,2.18,358.0
2019,2,6,Sindh,175.5,578.1,2.52,143.0
2019,2,7,Punjab,171.8,653.3,2.19,349.0
2019,2,7,Sindh,162.8,590.7,2.51,154.0
2019,2,8,Punjab,190.7,728.8,2.25,358.0
2019,2,8,Sindh,178.1,633.4,2.51,176.0
2019,2,9,Punjab,183.3,672.0,2.26,358.0
2019,2,9,Sindh,163.3,549.0,2.49,161.0
2019,2,10,Punjab,187.3,724.2,2.24,366.0
2019,2,10,Sindh,176.8,596.6,2.46,167.0
2019,2,11,Punjab,181.9,666.0,2.19,323.0
2019,2,11,Sindh,177.3,645.6,2.49,177.0
2019,2,12,Punjab,185.6,686.5,2.3,331.0
2019,2,12,Sindh,166.2,570.8,2.51,157.0
2019,2,13,Punjab,172.1,632.8,2.16,316.0
2019,2,13,Sindh,169.7,581.3,2.46,168.0
2019,2,14,Punjab,175.2,662.1,2.17,346.0
2019,2,14,Sindh,166.2,547.8,2.5,162.0
2019,2,15,Punjab,189.9,714.6,2.24,345.0
2019,2,15,Sindh,170.7,592.2,2.53,160.0
2019,2,16,Punjab,191.7,728.3,2.19,334.0
2019,2,16,Sindh,170.3,592.5,2.51,153.0
2019,2,17,Punjab,170.1,628.1,2.31,317.0
2019,2,17,Sindh,175.7,625.8,2.52,161.0
2019,2,18,Punjab,181.3,709.0,2.19,325.0
2019,2,18,Sindh,178.4,603.5,2.49,173.0
2019,2,19,Punjab,175.9,685.1,2.33,327.0
2019,2,19,Sindh,178.9,603.3,2.51,166.0
2019,2,20,Punjab,173.8,657.0,2.3,321.0
2019,2,20,Sindh,169.1,598.7,2.48,166.0
2019,2,21,Punjab,181.7,681.0,2.31,336.0
2019,2,21,Sindh,170.9,613.3,2.51,160.0
2019,2,22,Punjab,188.6,705.2,2.35,353.0
2019,2,22,Sindh,163.6,549.0,2.5,150.0
2019,2,23,Punjab,183.2,689.8,2.26,342.0
2019,2,23,Sindh,168.0,604.2,2.5,166.0
2019,2,24,Punjab,177.0,644.7,2.2,305.0
2019,2,24,Sindh,176.9,619.6,2.52,173.0
2019,2,25,Punjab,183.8,679.1,2.25,325.0
2019,2,25,Sindh,180.2,646.9,2.48,176.0
2019,2,26,Punjab,176.8,689.1,2.23,332.0
2019,2,26,Sindh,165.9,579.8,2.49,157.0
2019,2,27,Punjab,183.0,701.6,2.22,332.0
2019,2,27,Sindh,169.2,554.3,2.49,152.0
2019,2,28,Punjab,191.0,758.3,2.26,351.0
2019,2,28,Sindh,172.0,599.9,2.47,173.0
2019,3,1,Punjab,163.2,614.3,2.24,285.0
2019,3,1,Sindh,173.6,623.5,2.5,175.0
2019,3,2,Punjab,186.3,700.6,2.22,319.0
2019,3,2,Sindh,168.2,575.3,2.46,164.0
2019,3,3,Punjab,167.6,628.8,2.25,301.0
2019,3,3,Sindh,174.4,604.5,2.51,165.0
2019,3,4,Punjab,189.8,714.9,2.29,304.0
2019,3,4,Sindh,169.9,592.1,2.49,151.0
2019,3,5,Punjab,174.9,651.6,2.31,318.0
2019,3,5,Sindh,172.3,559.4,2.48,156.0
2019,3,6,Punjab,170.3,652.7,2.18,296.0
2019,3,6,Sindh,175.1,637.9,2.48,174.0
2019,3,7,Punjab,185.7,706.2,2.25,335.0
2019,3,7,Sindh,172.4,590.0,2.49,168.0
2019,3,8,Punjab,183.1,685.6,2.25,326.0
2019,3,8,Sindh,170.2,603.4,2.51,187.0
2019,3,9,Punjab,172.2,679.5,2.2,310.0
2019,3,9,Sindh,171.9,600.4,2.5,173.0
2019,3,10,Punjab,170.3,684.9,2.26,327.0
2019,3,10,Sindh,172.0,621.0,2.48,188.0
2019,3,11,Punjab,178.8,702.9,2.27,330.0
2019,3,11,Sindh,170.7,603.4,2.48,173.0
2019,3,12,Punjab,170.7,660.0,2.29,304.0
2019,3,12,Sindh,171.2,595.8,2.51,166.0
2019,3,13,Punjab,171.9,668.6,2.27,304.0
2019,3,13,Sindh,180.6,618.6,2.48,177.0
2019,3,14,Punjab,181.4,726.5,2.22,337.0
2019,3,14,Sindh,175.4,625.9,2.5,186.0
2019,3,15,Punjab,172.8,671.9,2.37,311.0
2019,3,15,Sindh,171.2,570.9,2.5,173.0
2019,3,16,Punjab,184.0,687.5,2.31,322.0
2019,3,16,Sindh,176.1,626.2,2.5,175.0
2019,3,17,Punjab,192.6,739.5,2.29,305.0
2019,3,17,Sindh,171.0,582.1,2.51,168.0
2019,3,18,Punjab,179.5,694.6,2.32,313.0
2019,3,18,Sindh,178.6,643.9,2.47,175.0
2019,3,19,Punjab,181.8,670.8,2.28,286.0
2019,3,19,Sindh,174.6,613.5,2.46,179.0
2019,3,20,Punjab,196.9,742.6,2.33,326.0
2019,3,20,Sindh,172.2,612.5,2.48,183.0
2019,3,21,Punjab,171.3,673.0,2.27,307.0
2019,3,21,Sindh,175.1,613.9,2.53,176.0
2019,3,22,Punjab,190.4,687.1,2.27,321.0
2019,3,22,Sindh,165.0,551.2,2.54,158.0
2019,3,23,Punjab,189.5,695.1,2.3,296.0
2019,3,23,Sindh,167.2,572.4,2.53,168.0
2019,3,24,Punjab,187.8,710.2,2.35,305.0
2019,3,24,Sindh,166.9,594.4,2.49,174.0
2019,3,25,Punjab,191.4,734.2,2.35,316.0
2019,3,25,Sindh,173.7,610.3,2.46,176.0
2019,3,26,Punjab,183.3,669.5,2.3,283.0
2019,3,26,Sindh,181.6,653.4,2.45,187.0
2019,3,27,Punjab,176.5,668.0,2.3,301.0
2019,3,27,Sindh,184.2,650.6,2.49,186.0
2019,3,28,Punjab,189.9,744.8,2.31,316.0
2019,3,28,Sindh,176.2,602.3,2.49,180.0
2019,3,29,Punjab,190.3,724.5,2.32,309.0
2019,3,29,Sindh,175.6,602.5,2.52,179.0
2019,3,30,Punjab,190.1,741.2,2.34,319.0
2019,3,30,Sindh,164.1,575.8,2.52,164.0
2019,3,31,Punjab,181.7,678.5,2.26,288.0
2019,3,31,Sindh,170.4,561.7,2.5,160.0
2019,4,1,Punjab,175.6,651.2,2.34,271.0
2019,4,1,Sindh,169.2,617.3,2.48,178.0
2019,4,2,Punjab,183.0,712.2,2.29,297.0
2019,4,2,Sindh,170.1,601.9,2.48,179.0
2019,4,3,Punjab,189.0,725.6,2.31,293.0
2019,4,3,Sindh,172.4,621.7,2.5,182.0
2019,4,4,Punjab,189.7,697.2,2.35,292.0
2019,4,4,Sindh,170.9,574.4,2.51,167.0
2019,4,5,Punjab,178.1,660.9,2.31,286.0
2019,4,5,Sindh,163.4,590.5,2.51,175.0
2019,4,6,Punjab,184.1,731.0,2.32,288.0
2019,4,6,Sindh,177.0,653.1,2.48,188.0
2019,4,7,Punjab,171.2,632.1,2.26,247.0
2019,4,7,Sindh,168.0,568.1,2.51,173.0
2019,4,8,Punjab,189.6,739.2,2.35,301.0
2019,4,8,Sindh,174.6,622.5,2.51,184.0
2019,4,9,Punjab,175.5,657.3,2.31,262.0
2019,4,9,Sindh,183.8,643.2,2.48,186.0
2019,4,10,Punjab,188.1,714.7,2.29,288.0
2019,4,10,Sindh,168.8,567.7,2.49,171.0
2019,4,11,Punjab,172.7,662.1,2.34,272.0
2019,4,11,Sindh,160.8,570.2,2.51,177.0
2019,4,12,Punjab,190.2,680.6,2.41,254.0
2019,4,12,Sindh,172.1,614.7,2.5,179.0
2019,4,13,Punjab,184.5,672.0,2.22,275.0
2019,4,13,Sindh,179.0,617.6,2.53,185.0
2019,4,14,Punjab,175.8,669.6,2.24,254.0
2019,4,14,Sindh,183.3,659.2,2.51,193.0
2019,4,15,Punjab,187.6,698.4,2.42,277.0
2019,4,15,Sindh,167.4,561.0,2.49,171.0
2019,4,16,Punjab,177.4,694.0,2.3,266.0
2019,4,16,Sindh,176.1,593.9,2.5,174.0
2019,4,17,Punjab,188.2,682.9,2.29,262.0
2019,4,17,Sindh,171.3,601.6,2.5,180.0
2019,4,18,Punjab,180.0,695.4,2.28,287.0
2019,4,18,Sindh,173.1,606.4,2.49,187.0
2019,4,19,Punjab,168.5,612.8,2.34,244.0
2019,4,19,Sindh,186.9,643.5,2.48,186.0
2019,4,20,Punjab,174.5,655.9,2.42,265.0
2019,4,20,Sindh,166.2,593.9,2.52,172.0
2019,4,21,Punjab,178.9,658.6,2.25,254.0
2019,4,21,Sindh,175.0,620.6,2.52,179.0
2019,4,22,Punjab,193.4,772.8,2.28,298.0
2019,4,22,Sindh,176.1,629.3,2.52,182.0
2019,4,23,Punjab,189.7,694.0,2.27,267.0
2019,4,23,Sindh,179.3,625.5,2.53,190.0
2019,4,24,Punjab,195.5,740.5,2.32,281.0
2019,4,24,Sindh,174.3,619.2,2.49,179.0
2019,4,25,Punjab,195.8,709.5,2.35,278.0
2019,4,25,Sindh,175.4,607.3,2.54,182.0
2019,4,26,Punjab,178.3,709.7,2.37,267.0
2019,4,26,Sindh,172.0,632.7,2.49,193.0
2019,4,27,Punjab,181.2,696.4,2.33,282.0
2019,4,27,Sindh,175.3,601.3,2.48,184.0
2019,4,28,Punjab,179.4,684.5,2.42,264.0
2019,4,28,Sindh,172.3,634.5,2.47,188.0
2019,4,29,Punjab,177.4,703.6,2.26,246.0
2019,4,29,Sindh,177.1,620.4,2.5,188.0
2019,4,30,Punjab,168.1,641.7,2.25,233.0
2019,4,30,Sindh,172.2,582.0,2.5,178.0
2019,5,1,Punjab,182.7,698.8,2.36,259.0
2019,5,1,Sindh,176.0,636.4,2.52,191.0
2019,5,2,Punjab,172.6,658.6,2.3,239.0
2019,5,2,Sindh,174.0,610.7,2.51,185.0
2019,5,3,Punjab,182.7,705.5,2.22,260.0
2019,5,3,Sindh,179.8,641.9,2.48,205.0
2019,5,4,Punjab,199.9,749.9,2.28,276.0
2019,5,4,Sindh,173.9,627.0,2.5,194.0
2019,5,5,Punjab,179.0,675.9,2.31,227.0
2019,5,5,Sindh,165.3,583.7,2.5,192.0
2019,5,6,Punjab,184.7,717.9,2.26,267.0
2019,5,6,Sindh,180.5,623.0,2.47,187.0
2019,5,7,Punjab,190.4,729.1,2.24,251.0
2019,5,7,Sindh,169.7,608.7,2.49,186.0
2019,5,8,Punjab,185.5,702.4,2.28,240.0
2019,5,8,Sindh,171.0,598.6,2.49,177.0
2019,5,9,Punjab,185.6,677.3,2.24,230.0
2019,5,9,Sindh,171.3,610.0,2.54,183.0
2019,5,10,Punjab,180.4,715.5,2.33,257.0
2019,5,10,Sindh,181.2,602.0,2.51,195.0
2019,5,11,Punjab,181.5,676.5,2.2,230.0
2019,5,11,Sindh,163.7,579.6,2.52,177.0
2019,5,12,Punjab,175.7,687.5,2.3,230.0
2019,5,12,Sindh,190.1,655.7,2.48,208.0
2019,5,13,Punjab,190.2,726.4,2.32,245.0
2019,5,13,Sindh,179.7,653.8,2.53,193.0
2019,5,14,Punjab,169.6,618.5,2.29,192.0
2019,5,14,Sindh,175.6,623.9,2.53,186.0
2019,5,15,Punjab,191.3,752.1,2.35,248.0
2019,5,15,Sindh,174.2,613.4,2.47,187.0
2019,5,16,Punjab,172.4,660.1,2.23,209.0
2019,5,16,Sindh,176.0,623.1,2.49,191.0
2019,5,17,Punjab,191.4,753.9,2.27,250.0
2019,5,17,Sindh,177.2,605.1,2.52,192.0
2019,5,18,Punjab,180.9,683.7,2.28,234.0
2019,5,18,Sindh,177.8,646.7,2.52,200.0
2019,5,19,Punjab,173.9,674.9,2.34,230.0
2019,5,19,Sindh,177.4,650.8,2.5,197.0
2019,5,20,Punjab,188.4,680.8,2.31,238.0
2019,5,20,Sindh,175.1,618.7,2.5,190.0
2019,5,21,Punjab,191.3,716.9,2.41,248.0
2019,5,21,Sindh,173.7,631.8,2.5,193.0
2019,5,22,Punjab,180.4,660.1,2.26,209.0
2019,5,22,Sindh,174.0,600.3,2.51,182.0
2019,5,23,Punjab,189.7,713.4,2.23,232.0
2019,5,23,Sindh,173.8,596.2,2.53,182.0
2019,5,24,Punjab,165.7,639.2,2.39,207.0
2019,5,24,Sindh,180.4,632.2,2.5,200.0
2019,5,25,Punjab,173.5,647.2,2.23,185.0
2019,5,25,Sindh,177.8,628.7,2.53,186.0
2019,5,26,Punjab,194.4,756.2,2.34,233.0
2019,5,26,Sindh,160.1,554.6,2.5,184.0
2019,5,27,Punjab,182.4,675.9,2.26,213.0
2019,5,27,Sindh,178.1,631.6,2.49,194.0
2019,5,28,Punjab,169.3,661.1,2.2,206.0
2019,5,28,Sindh,175.9,620.1,2.53,189.0
2019,5,29,Punjab,178.7,705.1,2.29,229.0
2019,5,29,Sindh,174.8,596.9,2.53,191.0
2019,5,30,Punjab,176.9,692.6,2.35,224.0
2019,5,30,Sindh,173.0,613.3,2.53,199.0
2019,5,31,Punjab,183.0,688.6,2.25,198.0
2019,5,31,Sindh,180.6,645.1,2.49,205.0
2019,6,1,Punjab,181.4,646.9,2.34,207.0
2019,6,1,Sindh,179.8,631.7,2.5,199.0
2019,6,2,Punjab,185.9,718.0,2.35,227.0
2019,6,2,Sindh,171.2,616.4,2.53,198.0
2019,6,3,Punjab,183.9,696.5,2.25,222.0
2019,6,3,Sindh,177.1,601.6,2.51,180.0
2019,6,4,Punjab,195.4,723.1,2.3,235.0
2019,6,4,Sindh,170.3,602.9,2.49,187.0
2019,6,5,Punjab,188.0,703.3,2.39,217.0
2019,6,5,Sindh,168.2,571.3,2.52,177.0
2019,6,6,Punjab,188.3,744.3,2.34,244.0
2019,6,6,Sindh,172.0,585.4,2.5,191.0
2019,6,7,Punjab,194.0,714.5,2.3,210.0
2019,6,7,Sindh,179.5,618.8,2.55,192.0
2019,6,8,Punjab,181.6,699.6,2.33,204.0
2019,6,8,Sindh,180.0,615.9,2.55,198.0
2019,6,9,Punjab,174.7,668.2,2.28,206.0
2019,6,9,Sindh,177.8,614.2,2.53,195.0
2019,6,10,Punjab,194.5,732.0,2.37,221.0
2019,6,10,Sindh,178.9,623.0,2.54,191.0
2019,6,11,Punjab,186.0,719.6,2.37,222.0
2019,6,11,Sindh,177.9,635.2,2.52,195.0
2019,6,12,Punjab,186.1,739.7,2.32,245.0
2019,6,12,Sindh,172.1,597.7,2.53,195.0
2019,6,13,Punjab,179.9,677.8,2.33,206.0
2019,6,13,Sindh,177.5,597.6,2.54,185.0
2019,6,14,Punjab,180.1,679.6,2.27,204.0
2019,6,14,Sindh,179.4,645.1,2.52,202.0
2019,6,15,Punjab,191.9,741.6,2.25,214.0
2019,6,15,Sindh,179.2,614.7,2.51,189.0
2019,6,16,Punjab,193.0,751.9,2.3,209.0
2019,6,16,Sindh,181.4,634.1,2.48,196.0
2019,6,17,Punjab,191.5,725.0,2.31,216.0
2019,6,17,Sindh,179.0,633.4,2.51,198.0
2019,6,18,Punjab,191.6,721.9,2.37,226.0
2019,6,18,Sindh,177.3,623.5,2.53,192.0
2019,6,19,Punjab,189.9,677.1,2.36,196.0
2019,6,19,Sindh,180.9,649.6,2.54,198.0
2019,6,20,Punjab,186.4,692.8,2.33,208.0
2019,6,20,Sindh,175.5,621.3,2.53,197.0
2019,6,21,Punjab,184.0,676.4,2.38,212.0
2019,6,21,Sindh,171.2,586.4,2.51,182.0
2019,6,22,Punjab,195.1,755.2,2.27,238.0
2019,6,22,Sindh,174.8,644.6,2.48,197.0
2019,6,23,Punjab,182.5,688.7,2.37,206.0
2019,6,23,Sindh,172.0,604.8,2.51,186.0
2019,6,24,Punjab,188.5,710.7,2.28,209.0
2019,6,24,Sindh,172.3,601.0,2.51,190.0
2019,6,25,Punjab,179.2,680.6,2.38,183.0
2019,6,25,Sindh,175.0,627.1,2.51,202.0
2019,6,26,Punjab,180.4,668.0,2.32,186.0
2019,6,26,Sindh,171.8,605.1,2.53,199.0
2019,6,27,Punjab,183.8,729.5,2.22,209.0
2019,6,27,Sindh,174.3,615.9,2.56,191.0
2019,6,28,Punjab,179.3,707.4,2.36,197.0
2019,6,28,Sindh,166.4,619.7,2.52,206.0
2019,6,29,Punjab,192.2,762.6,2.36,227.0
2019,6,29,Sindh,176.9,615.2,2.51,189.0
2019,6,30,Punjab,175.1,678.9,2.3,213.0
2019,6,30,Sindh,175.9,610.9,2.51,198.0
2019,7,1,Punjab,186.7,708.8,2.31,220.0
2019,7,1,Sindh,171.9,603.2,2.52,187.0
2019,7,2,Punjab,187.0,742.9,2.32,219.0
2019,7,2,Sindh,179.3,643.5,2.5,197.0
2019,7,3,Punjab,171.5,638.1,2.23,186.0
2019,7,3,Sindh,180.7,609.8,2.52,189.0
2019,7,4,Punjab,182.5,676.1,2.21,183.0
2019,7,4,Sindh,168.0,558.5,2.53,180.0
2019,7,5,Punjab,188.1,702.9,2.39,217.0
2019,7,5,Sindh,172.2,594.1,2.52,192.0
2019,7,6,Punjab,189.6,730.8,2.29,195.0
2019,7,6,Sindh,172.2,578.3,2.53,188.0
2019,7,7,Punjab,184.6,686.1,2.42,206.0
2019,7,7,Sindh,171.4,593.6,2.53,184.0
2019,7,8,Punjab,191.7,725.2,2.4,215.0
2019,7,8,Sindh,180.3,638.6,2.49,194.0
2019,7,9,Punjab,185.4,672.6,2.41,184.0
2019,7,9,Sindh,175.2,599.9,2.53,186.0
2019,7,10,Punjab,186.5,718.1,2.3,204.0
2019,7,10,Sindh,174.9,590.7,2.51,187.0
2019,7,11,Punjab,188.4,685.6,2.25,182.0
2019,7,11,Sindh,166.2,582.8,2.5,184.0
2019,7,12,Punjab,193.9,718.0,2.28,195.0
2019,7,12,Sindh,179.5,641.0,2.5,195.0
2019,7,13,Punjab,181.1,712.5,2.31,188.0
2019,7,13,Sindh,170.1,570.0,2.53,184.0
2019,7,14,Punjab,182.6,717.7,2.21,212.0
2019,7,14,Sindh,176.6,630.5,2.52,209.0
2019,7,15,Punjab,181.2,696.2,2.31,210.0
2019,7,15,Sindh,177.8,634.4,2.49,195.0
2019,7,16,Punjab,184.0,704.7,2.32,180.0
2019,7,16,Sindh,183.2,655.5,2.53,201.0
2019,7,17,Punjab,198.1,742.2,2.27,232.0
2019,7,17,Sindh,169.9,612.9,2.49,195.0
2019,7,18,Punjab,191.3,711.6,2.28,203.0
2019,7,18,Sindh,161.4,597.8,2.53,186.0
2019,7,19,Punjab,177.7,668.2,2.32,192.0
2019,7,19,Sindh,177.4,615.6,2.53,197.0
2019,7,20,Punjab,182.0,661.5,2.35,173.0
2019,7,20,Sindh,185.5,651.0,2.54,199.0
2019,7,21,Punjab,189.9,726.6,2.29,223.0
2019,7,21,Sindh,182.7,633.4,2.56,207.0
2019,7,22,Punjab,179.7,683.8,2.35,198.0
2019,7,22,Sindh,177.6,621.7,2.5,196.0
2019,7,23,Punjab,181.2,669.9,2.34,202.0
2019,7,23,Sindh,174.2,632.5,2.52,194.0
2019,7,24,Punjab,197.8,783.0,2.34,243.0
2019,7,24,Sindh,180.7,612.2,2.52,189.0
2019,7,25,Punjab,182.2,704.4,2.31,216.0
2019,7,25,Sindh,171.8,588.4,2.53,184.0
2019,7,26,Punjab,194.8,754.0,2.27,214.0
2019,7,26,Sindh,179.1,647.5,2.53,208.0
2019,7,27,Punjab,197.2,739.7,2.42,216.0
2019,7,27,Sindh,179.3,642.7,2.52,193.0
2019,7,28,Punjab,181.4,689.2,2.37,193.0
2019,7,28,Sindh,182.1,631.8,2.52,193.0
2019,7,29,Punjab,180.2,697.2,2.39,212.0
2019,7,29,Sindh,190.6,679.9,2.5,205.0
2019,7,30,Punjab,185.1,706.6,2.34,209.0
2019,7,30,Sindh,178.8,630.9,2.55,196.0
2019,7,31,Punjab,178.7,711.0,2.33,218.0
2019,7,31,Sindh,174.3,632.6,2.54,195.0
2019,8,1,Punjab,188.4,711.9,2.37,220.0
2019,8,1,Sindh,176.8,619.8,2.55,186.0
2019,8,2,Punjab,185.8,696.1,2.25,185.0
2019,8,2,Sindh,168.1,603.6,2.52,187.0
2019,8,3,Punjab,190.4,736.3,2.29,231.0
2019,8,3,Sindh,173.5,646.8,2.51,199.0
2019,8,4,Punjab,198.8,730.0,2.3,225.0
2019,8,4,Sindh,174.9,621.2,2.51,190.0
2019,8,5,Punjab,194.2,756.4,2.32,222.0
2019,8,5,Sindh,174.4,611.1,2.53,194.0
2019,8,6,Punjab,191.6,702.1,2.3,211.0
2019,8,6,Sindh,177.8,633.1,2.51,200.0
2019,8,7,Punjab,172.0,666.4,2.36,195.0
2019,8,7,Sindh,173.0,599.9,2.57,187.0
2019,8,8,Punjab,191.3,714.1,2.35,219.0
2019,8,8,Sindh,182.7,675.3,2.5,207.0
2019,8,9,Punjab,201.6,775.7,2.42,233.0
2019,8,9,Sindh,177.1,622.7,2.53,182.0
2019,8,10,Punjab,163.8,640.6,2.47,195.0
2019,8,10,Sindh,177.1,615.8,2.56,189.0
2019,8,11,Punjab,193.5,738.2,2.29,223.0
2019,8,11,Sindh,175.6,601.9,2.54,192.0
2019,8,12,Punjab,186.7,685.5,2.36,201.0
2019,8,12,Sindh,178.0,639.5,2.53,194.0
2019,8,13,Punjab,181.2,670.8,2.36,203.0
2019,8,13,Sindh,181.4,647.8,2.51,194.0
2019,8,14,Punjab,194.5,724.5,2.35,248.0
2019,8,14,Sindh,173.0,597.9,2.5,197.0
2019,8,15,Punjab,201.8,729.0,2.3,215.0
2019,8,15,Sindh,174.0,617.7,2.55,200.0
2019,8,16,Punjab,194.4,761.2,2.31,232.0
2019,8,16,Sindh,175.8,592.8,2.56,187.0
2019,8,17,Punjab,185.3,706.2,2.36,210.0
2019,8,17,Sindh,170.6,600.0,2.52,191.0
2019,8,18,Punjab,180.7,664.1,2.31,196.0
2019,8,18,Sindh,173.3,613.4,2.51,177.0
2019,8,19,Punjab,189.5,749.2,2.36,242.0
2019,8,19,Sindh,175.1,638.3,2.48,190.0
2019,8,20,Punjab,195.4,728.4,2.34,234.0
2019,8,20,Sindh,181.8,624.9,2.51,189.0
2019,8,21,Punjab,185.3,709.3,2.36,221.0
2019,8,21,Sindh,178.8,606.7,2.53,185.0
2019,8,22,Punjab,186.2,690.9,2.31,225.0
2019,8,22,Sindh,178.5,611.3,2.56,185.0
2019,8,23,Punjab,211.1,761.9,2.36,249.0
2019,8,23,Sindh,181.8,616.3,2.55,176.0
2019,8,24,Punjab,197.2,722.1,2.31,226.0
2019,8,24,Sindh,176.9,639.2,2.54,196.0
2019,8,25,Punjab,197.8,742.8,2.36,221.0
2019,8,25,Sindh,179.6,651.7,2.52,200.0
2019,8,26,Punjab,177.0,690.6,2.42,228.0
2019,8,26,Sindh,177.1,624.8,2.52,198.0
2019,8,27,Punjab,183.1,702.6,2.37,226.0
2019,8,27,Sindh,179.0,644.9,2.56,191.0
2019,8,28,Punjab,189.4,722.5,2.37,233.0
2019,8,28,Sindh,174.8,613.8,2.54,182.0
2019,8,29,Punjab,180.8,647.0,2.4,203.0
2019,8,29,Sindh,165.6,578.0,2.49,164.0
2019,8,30,Punjab,201.7,791.8,2.29,265.0
2019,8,30,Sindh,177.1,614.9,2.52,185.0
2019,8,31,Punjab,200.2,765.3,2.45,255.0
2019,8,31,Sindh,184.9,642.6,2.52,198.0
2019,9,1,Punjab,184.7,699.6,2.31,225.0
2019,9,1,Sindh,182.5,615.4,2.52,183.0
2019,9,2,Punjab,203.3,795.2,2.4,251.0
2019,9,2,Sindh,182.7,643.4,2.55,204.0
2019,9,3,Punjab,189.1,743.4,2.4,257.0
2019,9,3,Sindh,184.1,643.7,2.53,192.0
2019,9,4,Punjab,209.9,820.5,2.32,279.0
2019,9,4,Sindh,178.4,635.5,2.53,191.0
2019,9,5,Punjab,190.3,718.4,2.41,242.0
2019,9,5,Sindh,178.9,627.7,2.56,182.0
2019,9,6,Punjab,193.8,716.6,2.39,213.0
2019,9,6,Sindh,174.9,609.7,2.52,185.0
2019,9,7,Punjab,200.5,781.6,2.46,265.0
2019,9,7,Sindh,176.4,604.5,2.57,173.0
2019,9,8,Punjab,199.6,731.0,2.37,245.0
2019,9,8,Sindh,181.1,635.1,2.52,193.0
2019,9,9,Punjab,193.5,774.2,2.36,257.0
2019,9,9,Sindh,184.1,655.4,2.54,198.0
2019,9,10,Punjab,188.3,716.1,2.34,251.0
2019,9,10,Sindh,177.4,603.8,2.53,188.0
2019,9,11,Punjab,193.6,714.5,2.28,251.0
2019,9,11,Sindh,175.9,616.9,2.54,179.0
2019,9,12,Punjab,183.0,670.8,2.35,235.0
2019,9,12,Sindh,178.2,627.1,2.55,188.0
2019,9,13,Punjab,190.8,699.5,2.35,252.0
2019,9,13,Sindh,181.2,623.5,2.55,188.0
2019,9,14,Punjab,180.8,689.7,2.38,230.0
2019,9,14,Sindh,171.0,589.8,2.52,179.0
2019,9,15,Punjab,175.4,666.6,2.3,227.0
2019,9,15,Sindh,166.8,587.2,2.51,171.0
2019,9,16,Punjab,190.1,697.8,2.36,246.0
2019,9,16,Sindh,175.5,597.4,2.59,167.0
2019,9,17,Punjab,199.9,752.4,2.4,260.0
2019,9,17,Sindh,172.2,608.0,2.53,182.0
2019,9,18,Punjab,197.2,722.2,2.4,264.0
2019,9,18,Sindh,175.8,601.9,2.55,178.0
2019,9,19,Punjab,189.2,730.9,2.28,254.0
2019,9,19,Sindh,177.7,637.7,2.51,184.0
2019,9,20,Punjab,203.9,773.8,2.41,290.0
2019,9,20,Sindh,176.2,651.6,2.53,195.0
2019,9,21,Punjab,185.4,697.1,2.36,242.0
2019,9,21,Sindh,185.7,637.1,2.54,187.0
2019,9,22,Punjab,174.7,638.1,2.36,253.0
2019,9,22,Sindh,180.1,638.4,2.55,180.0
2019,9,23,Punjab,172.6,650.0,2.25,256.0
2019,9,23,Sindh,180.0,619.2,2.48,172.0
2019,9,24,Punjab,180.7,678.3,2.45,249.0
2019,9,24,Sindh,181.7,651.4,2.54,184.0
2019,9,25,Punjab,196.7,753.9,2.38,288.0
2019,9,25,Sindh,172.9,586.1,2.52,185.0
2019,9,26,Punjab,185.2,707.0,2.3,256.0
2019,9,26,Sindh,183.8,650.5,2.55,193.0
2019,9,27,Punjab,194.0,753.0,2.39,289.0
2019,9,27,Sindh,178.3,610.8,2.52,179.0
2019,9,28,Punjab,203.5,763.6,2.39,282.0
2019,9,28,Sindh,182.0,634.0,2.52,183.0
2019,9,29,Punjab,181.6,652.8,2.44,234.0
2019,9,29,Sindh,173.3,591.2,2.53,172.0
2019,9,30,Punjab,194.3,758.0,2.36,249.0
2019,9,30,Sindh,171.0,610.7,2.52,184.0
2019,10,1,Punjab,194.8,721.5,2.38,270.0
2019,10,1,Sindh,182.9,627.4,2.53,179.0
2019,10,2,Punjab,183.7,675.7,2.35,261.0
2019,10,2,Sindh,180.7,640.6,2.52,188.0
2019,10,3,Punjab,201.4,764.5,2.41,304.0
2019,10,3,Sindh,174.3,604.9,2.5,174.0
2019,10,4,Punjab,188.3,721.7,2.34,277.0
2019,10,4,Sindh,174.5,609.1,2.56,186.0
2019,10,5,Punjab,187.6,702.3,2.33,281.0
2019,10,5,Sindh,184.5,648.0,2.52,189.0
2019,10,6,Punjab,207.6,778.2,2.38,295.0
2019,10,6,Sindh,173.0,594.0,2.54,178.0
2019,10,7,Punjab,195.0,733.1,2.32,281.0
2019,10,7,Sindh,187.2,658.2,2.56,185.0
2019,10,8,Punjab,198.2,781.7,2.46,315.0
2019,10,8,Sindh,174.5,633.6,2.53,187.0
2019,10,9,Punjab,201.7,766.5,2.48,276.0
2019,10,9,Sindh,182.2,626.0,2.53,178.0
2019,10,10,Punjab,185.7,686.4,2.36,273.0
2019,10,10,Sindh,177.4,638.5,2.55,183.0
2019,10,11,Punjab,201.0,744.6,2.31,290.0
2019,10,11,Sindh,182.1,659.8,2.57,196.0
2019,10,12,Punjab,187.0,705.7,2.4,296.0
2019,10,12,Sindh,176.4,605.1,2.52,168.0
2019,10,13,Punjab,186.7,714.3,2.36,281.0
2019,10,13,Sindh,178.3,602.3,2.54,174.0
2019,10,14,Punjab,189.0,727.7,2.44,299.0
2019,10,14,Sindh,179.4,632.3,2.51,182.0
2019,10,15,Punjab,186.2,710.1,2.35,297.0
2019,10,15,Sindh,174.2,601.4,2.54,174.0
2019,10,16,Punjab,197.8,734.9,2.41,284.0
2019,10,16,Sindh,182.9,668.3,2.54,186.0
2019,10,17,Punjab,193.4,726.5,2.39,295.0
2019,10,17,Sindh,176.7,618.9,2.53,186.0
2019,10,18,Punjab,187.4,726.8,2.35,293.0
2019,10,18,Sindh,178.1,611.5,2.54,167.0
2019,10,19,Punjab,196.8,724.9,2.4,309.0
2019,10,19,Sindh,174.3,593.0,2.52,176.0
2019,10,20,Punjab,189.2,709.8,2.43,302.0
2019,10,20,Sindh,166.5,599.2,2.55,176.0
2019,10,21,Punjab,188.9,729.6,2.39,301.0
2019,10,21,Sindh,178.4,615.9,2.57,184.0
2019,10,22,Punjab,191.9,746.8,2.39,300.0
2019,10,22,Sindh,191.5,670.8,2.52,179.0
2019,10,23,Punjab,195.3,738.3,2.35,319.0
2019,10,23,Sindh,183.4,656.1,2.53,179.0
2019,10,24,Punjab,194.8,731.9,2.45,308.0
2019,10,24,Sindh,179.4,620.5,2.56,182.0
2019,10,25,Punjab,188.8,690.9,2.44,280.0
2019,10,25,Sindh,178.2,623.0,2.57,166.0
2019,10,26,Punjab,198.5,764.9,2.37,307.0
2019,10,26,Sindh,179.6,628.5,2.52,168.0
2019,10,27,Punjab,190.0,748.4,2.39,322.0
2019,10,27,Sindh,182.3,648.3,2.54,178.0
2019,10,28,Punjab,186.6,760.4,2.46,312.0
2019,10,28,Sindh,173.7,616.8,2.55,174.0
2019,10,29,Punjab,180.1,692.3,2.34,319.0
2019,10,29,Sindh,185.2,644.9,2.55,187.0
2019,10,30,Punjab,199.8,758.3,2.42,317.0
2019,10,30,Sindh,183.2,642.3,2.5,177.0
2019,10,31,Punjab,192.1,711.5,2.37,310.0
2019,10,31,Sindh,183.3,635.9,2.56,174.0
2019,11,1,Punjab,193.7,698.6,2.48,310.0
2019,11,1,Sindh,181.9,614.5,2.58,173.0
2019,11,2,Punjab,200.5,765.3,2.4,325.0
2019,11,2,Sindh,179.8,633.3,2.55,178.0
2019,11,3,Punjab,188.3,762.6,2.46,311.0
2019,11,3,Sindh,183.1,669.4,2.53,186.0
2019,11,4,Punjab,181.2,714.0,2.36,318.0
2019,11,4,Sindh,182.8,626.4,2.54,173.0
2019,11,5,Punjab,192.8,755.0,2.33,324.0
2019,11,5,Sindh,178.1,611.7,2.58,160.0
2019,11,6,Punjab,194.8,745.0,2.39,331.0
2019,11,6,Sindh,177.0,606.5,2.57,164.0
2019,11,7,Punjab,190.2,730.1,2.41,325.0
2019,11,7,Sindh,180.4,642.3,2.56,184.0
2019,11,8,Punjab,204.2,727.4,2.37,328.0
2019,11,8,Sindh,187.7,663.6,2.56,183.0
2019,11,9,Punjab,172.6,671.0,2.44,324.0
2019,11,9,Sindh,173.8,605.8,2.54,166.0
2019,11,10,Punjab,201.5,753.9,2.39,332.0
2019,11,10,Sindh,172.7,590.5,2.55,169.0
2019,11,11,Punjab,198.9,741.7,2.3,329.0
2019,11,11,Sindh,180.9,634.4,2.55,168.0
2019,11,12,Punjab,196.2,739.3,2.43,319.0
2019,11,12,Sindh,180.3,607.6,2.56,166.0
2019,11,13,Punjab,166.0,623.5,2.36,293.0
2019,11,13,Sindh,181.0,635.5,2.58,175.0
2019,11,14,Punjab,203.0,756.9,2.38,348.0
2019,11,14,Sindh,181.3,647.8,2.57,175.0
2019,11,15,Punjab,184.5,701.5,2.48,322.0
2019,11,15,Sindh,179.0,607.9,2.52,167.0
2019,11,16,Punjab,188.7,706.0,2.49,334.0
2019,11,16,Sindh,187.6,633.7,2.56,172.0
2019,11,17,Punjab,191.5,729.6,2.38,335.0
2019,11,17,Sindh,172.2,626.4,2.57,164.0
2019,11,18,Punjab,196.2,715.6,2.43,321.0
2019,11,18,Sindh,176.1,607.2,2.56,167.0
2019,11,19,Punjab,198.1,748.3,2.38,349.0
2019,11,19,Sindh,179.8,646.2,2.54,169.0
2019,11,20,Punjab,200.1,738.6,2.39,342.0
2019,11,20,Sindh,172.1,600.0,2.61,165.0
2019,11,21,Punjab,199.6,745.5,2.38,348.0
2019,11,21,Sindh,179.5,625.7,2.53,177.0
2019,11,22,Punjab,195.1,744.3,2.32,341.0
2019,11,22,Sindh,188.7,666.9,2.53,179.0
2019,11,23,Punjab,196.5,714.5,2.41,332.0
2019,11,23,Sindh,180.5,618.5,2.56,162.0
2019,11,24,Punjab,184.5,684.5,2.42,331.0
2019,11,24,Sindh,181.6,637.5,2.6,172.0
2019,11,25,Punjab,187.2,722.9,2.37,341.0
2019,11,25,Sindh,174.2,603.8,2.54,160.0
2019,11,26,Punjab,200.5,733.5,2.46,367.0
2019,11,26,Sindh,177.4,601.1,2.55,166.0
2019,11,27,Punjab,200.0,795.7,2.39,379.0
2019,11,27,Sindh,178.6,630.3,2.58,170.0
2019,11,28,Punjab,199.2,781.0,2.38,372.0
2019,11,28,Sindh,179.0,622.4,2.55,177.0
2019,11,29,Punjab,189.3,709.6,2.44,342.0
2019,11,29,Sindh,187.0,652.1,2.55,181.0
2019,11,30,Punjab,200.8,747.2,2.33,336.0
2019,11,30,Sindh,183.4,623.8,2.57,168.0
2019,12,1,Punjab,184.3,704.2,2.46,336.0
2019,12,1,Sindh,175.1,636.7,2.56,175.0
2019,12,2,Punjab,202.2,739.5,2.39,350.0
2019,12,2,Sindh,181.9,649.8,2.58,173.0
2019,12,3,Punjab,191.6,687.9,2.46,337.0
2019,12,3,Sindh,183.2,655.7,2.58,176.0
2019,12,4,Punjab,207.2,778.1,2.48,372.0
2019,12,4,Sindh,186.4,647.9,2.56,172.0
2019,12,5,Punjab,181.6,687.3,2.45,348.0
2019,12,5,Sindh,188.7,634.4,2.56,174.0
2019,12,6,Punjab,207.9,791.9,2.37,380.0
2019,12,6,Sindh,175.7,644.3,2.56,180.0
2019,12,7,Punjab,191.0,713.3,2.35,362.0
2019,12,7,Sindh,176.8,617.8,2.57,170.0
2019,12,8,Punjab,190.9,750.8,2.34,361.0
2019,12,8,Sindh,174.6,599.8,2.56,166.0
2019,12,9,Punjab,195.5,713.0,2.47,356.0
2019,12,9,Sindh,179.7,635.3,2.56,175.0
2019,12,10,Punjab,188.4,693.2,2.41,350.0
2019,12,10,Sindh,183.3,658.9,2.58,179.0
2019,12,11,Punjab,193.5,744.9,2.39,368.0
2019,12,11,Sindh,185.9,650.3,2.59,169.0
2019,12,12,Punjab,188.2,691.9,2.41,360.0
2019,12,12,Sindh,180.6,651.3,2.53,182.0
2019,12,13,Punjab,188.5,692.4,2.47,357.0
2019,12,13,Sindh,179.4,644.2,2.56,181.0
2019,12,14,Punjab,198.1,755.2,2.46,359.0
2019,12,14,Sindh,181.8,620.2,2.54,165.0
2019,12,15,Punjab,187.0,689.7,2.44,348.0
2019,12,15,Sindh,176.9,609.0,2.55,161.0
2019,12,16,Punjab,188.2,712.3,2.45,358.0
2019,12,16,Sindh,191.6,684.8,2.57,185.0
2019,12,17,Punjab,183.4,682.8,2.43,369.0
2019,12,17,Sindh,173.1,565.2,2.57,155.0
2019,12,18,Punjab,190.4,706.2,2.44,353.0
2019,12,18,Sindh,182.1,635.1,2.56,169.0
2019,12,19,Punjab,204.9,736.7,2.43,358.0
2019,12,19,Sindh,191.3,648.2,2.52,166.0
2019,12,20,Punjab,187.7,716.2,2.42,365.0
2019,12,20,Sindh,181.3,627.3,2.54,169.0
2019,12,21,Punjab,188.7,692.1,2.46,359.0
2019,12,21,Sindh,180.3,626.6,2.58,170.0
2019,12,22,Punjab,196.2,742.0,2.44,371.0
2019,12,22,Sindh,179.5,622.9,2.5,170.0
2019,12,23,Punjab,191.7,718.2,2.38,360.0
2019,12,23,Sindh,180.4,623.2,2.58,168.0
2019,12,24,Punjab,212.5,803.5,2.45,403.0
2019,12,24,Sindh,188.2,642.3,2.57,170.0
2019,12,25,Punjab,193.5,732.1,2.44,361.0
2019,12,25,Sindh,170.3,630.5,2.59,174.0
2019,12,26,Punjab,197.5,754.3,2.46,374.0
2019,12,26,Sindh,189.1,689.8,2.56,183.0
2019,12,27,Punjab,202.4,754.6,2.42,372.0
2019,12,27,Sindh,174.3,592.7,2.52,156.0
2019,12,28,Punjab,202.3,793.6,2.47,403.0
2019,12,28,Sindh,180.1,654.2,2.57,173.0
2019,12,29,Punjab,196.8,711.0,2.42,366.0
2019,12,29,Sindh,179.4,621.8,2.59,158.0
2019,12,30,Punjab,193.7,731.6,2.46,361.0
2019,12,30,Sindh,184.5,647.6,2.58,172.0
2019,12,31,Punjab,211.2,819.5,2.41,392.0
2019,12,31,Sindh,173.6,606.6,2.55,166.0
2020,1,1,Punjab,194.3,747.9,2.41,395.0
2020,1,1,Sindh,183.9,633.8,2.56,171.0
2020,1,2,Punjab,191.6,708.7,2.46,375.0
2020,1,2,Sindh,191.8,685.9,2.55,190.0
2020,1,3,Punjab,190.0,706.0,2.41,371.0
2020,1,3,Sindh,174.8,613.9,2.55,163.0
2020,1,4,Punjab,181.4,669.3,2.54,352.0
2020,1,4,Sindh,182.6,632.1,2.58,171.0
2020,1,5,Punjab,201.9,779.1,2.46,404.0
2020,1,5,Sindh,178.4,604.9,2.54,166.0
2020,1,6,Punjab,176.6,656.2,2.43,335.0
2020,1,6,Sindh,183.9,630.2,2.55,180.0
2020,1,7,Punjab,195.4,747.5,2.47,386.0
2020,1,7,Sindh,181.9,612.0,2.54,164.0
2020,1,8,Punjab,193.8,741.8,2.41,371.0
2020,1,8,Sindh,178.6,625.3,2.53,162.0
2020,1,9,Punjab,213.4,858.4,2.48,415.0
2020,1,9,Sindh,184.3,627.1,2.57,172.0
2020,1,10,Punjab,180.9,693.7,2.48,367.0
2020,1,10,Sindh,190.9,664.2,2.59,187.0
2020,1,11,Punjab,188.4,699.7,2.5,361.0
2020,1,11,Sindh,181.0,653.9,2.56,173.0
2020,1,12,Punjab,194.6,710.2,2.41,360.0
2020,1,12,Sindh,185.5,667.4,2.53,182.0
2020,1,13,Punjab,194.1,732.2,2.38,367.0
2020,1,13,Sindh,175.5,613.8,2.58,171.0
2020,1,14,Punjab,191.4,724.8,2.41,350.0
2020,1,14,Sindh,177.2,619.0,2.6,171.0
2020,1,15,Punjab,195.2,697.4,2.42,368.0
2020,1,15,Sindh,184.4,673.6,2.55,180.0
2020,1,16,Punjab,185.8,691.7,2.52,350.0
2020,1,16,Sindh,189.5,671.0,2.56,175.0
2020,1,17,Punjab,198.8,761.3,2.55,403.0
2020,1,17,Sindh,183.9,638.6,2.58,171.0
2020,1,18,Punjab,177.4,663.4,2.46,346.0
2020,1,18,Sindh,180.6,610.6,2.6,167.0
2020,1,19,Punjab,195.8,763.4,2.44,396.0
2020,1,19,Sindh,182.2,643.5,2.56,177.0
2020,1,20,Punjab,191.3,695.6,2.42,341.0
2020,1,20,Sindh,175.9,628.2,2.54,170.0
2020,1,21,Punjab,204.2,789.6,2.48,400.0
2020,1,21,Sindh,185.2,638.9,2.58,170.0
2020,1,22,Punjab,210.2,817.0,2.55,413.0
2020,1,22,Sindh,186.7,657.7,2.58,179.0
2020,1,23,Punjab,193.6,754.7,2.53,394.0
2020,1,23,Sindh,180.0,624.6,2.57,172.0
2020,1,24,Punjab,207.4,756.7,2.5,365.0
2020,1,24,Sindh,180.0,627.1,2.56,171.0
2020,1,25,Punjab,193.8,742.7,2.5,368.0
2020,1,25,Sindh,183.7,605.5,2.59,160.0
2020,1,26,Punjab,188.6,703.4,2.49,367.0
2020,1,26,Sindh,180.2,627.3,2.58,168.0
2020,1,27,Punjab,210.4,771.3,2.44,385.0
2020,1,27,Sindh,182.1,651.8,2.55,180.0
2020,1,28,Punjab,200.6,754.1,2.41,380.0
2020,1,28,Sindh,192.9,665.8,2.57,172.0
2020,1,29,Punjab,196.5,728.8,2.44,365.0
2020,1,29,Sindh,181.2,635.1,2.54,161.0
2020,1,30,Punjab,202.1,786.2,2.47,404.0
2020,1,30,Sindh,180.7,621.1,2.58,176.0
2020,1,31,Punjab,198.8,765.7,2.37,405.0
2020,1,31,Sindh,179.3,632.9,2.56,174.0
2020,2,1,Punjab,196.1,722.2,2.44,365.0
2020,2,1,Sindh,186.3,648.7,2.56,178.0
2020,2,2,Punjab,186.1,692.7,2.41,358.0
2020,2,2,Sindh,181.7,621.8,2.57,163.0
2020,2,3,Punjab,194.6,731.9,2.5,368.0
2020,2,3,Sindh,179.4,647.8,2.57,179.0
2020,2,4,Punjab,201.8,765.4,2.42,391.0
2020,2,4,Sindh,189.3,676.3,2.59,184.0
2020,2,5,Punjab,195.9,764.5,2.47,386.0
2020,2,5,Sindh,189.8,655.2,2.58,170.0
2020,2,6,Punjab,204.1,789.5,2.41,374.0
2020,2,6,Sindh,179.7,636.5,2.57,180.0
2020,2,7,Punjab,200.0,761.2,2.53,370.0
2020,2,7,Sindh,173.4,615.0,2.59,169.0
2020,2,8,Punjab,190.0,716.7,2.37,347.0
2020,2,8,Sindh,187.8,667.0,2.58,179.0
2020,2,9,Punjab,186.5,673.3,2.48,370.0
2020,2,9,Sindh,179.4,602.4,2.56,163.0
2020,2,10,Punjab,195.9,770.1,2.39,382.0
2020,2,10,Sindh,186.8,668.9,2.57,172.0
2020,2,11,Punjab,193.0,724.4,2.43,353.0
2020,2,11,Sindh,173.0,597.0,2.57,167.0
2020,2,12,Punjab,199.9,790.7,2.46,375.0
2020,2,12,Sindh,187.4,650.4,2.58,179.0
2020,2,13,Punjab,191.5,731.7,2.47,369.0
2020,2,13,Sindh,176.9,658.6,2.56,179.0
2020,2,14,Punjab,192.4,771.6,2.47,383.0
2020,2,14,Sindh,186.6,657.7,2.56,186.0
2020,2,15,Punjab,205.8,794.1,2.46,389.0
2020,2,15,Sindh,183.1,634.9,2.61,168.0
2020,2,16,Punjab,198.6,726.1,2.42,352.0
2020,2,16,Sindh,178.3,590.8,2.59,160.0
2020,2,17,Punjab,191.8,716.7,2.45,355.0
2020,2,17,Sindh,181.0,654.4,2.56,175.0
2020,2,18,Punjab,197.7,747.7,2.46,364.0
2020,2,18,Sindh,186.5,632.6,2.58,173.0
2020,2,19,Punjab,208.6,775.2,2.47,362.0
2020,2,19,Sindh,183.6,627.7,2.58,173.0
2020,2,20,Punjab,200.0,752.3,2.45,353.0
2020,2,20,Sindh,186.1,646.3,2.58,180.0
2020,2,21,Punjab,202.4,741.8,2.49,363.0
2020,2,21,Sindh,193.1,697.0,2.58,189.0
2020,2,22,Punjab,191.7,728.6,2.46,354.0
2020,2,22,Sindh,175.4,625.5,2.6,169.0
2020,2,23,Punjab,206.0,787.5,2.47,378.0
2020,2,23,Sindh,191.3,667.3,2.58,192.0
2020,2,24,Punjab,216.4,802.1,2.44,384.0
2020,2,24,Sindh,183.8,647.9,2.57,191.0
2020,2,25,Punjab,191.5,766.7,2.41,377.0
2020,2,25,Sindh,178.8,616.8,2.6,173.0
2020,2,26,Punjab,188.5,717.4,2.47,337.0
2020,2,26,Sindh,176.7,620.5,2.58,169.0
2020,2,27,Punjab,199.4,741.3,2.52,359.0
2020,2,27,Sindh,182.4,639.6,2.58,185.0
2020,2,28,Punjab,205.0,746.5,2.48,361.0
2020,2,28,Sindh,188.0,672.6,2.58,179.0
2020,2,29,Punjab,197.3,751.1,2.42,350.0
2020,2,29,Sindh,182.8,654.3,2.57,180.0
2020,3,1,Punjab,189.7,715.6,2.5,342.0
2020,3,1,Sindh,191.0,676.0,2.58,184.0
2020,3,2,Punjab,197.3,765.4,2.45,353.0
2020,3,2,Sindh,176.2,611.4,2.56,166.0
2020,3,3,Punjab,203.0,768.6,2.5,378.0
2020,3,3,Sindh,183.5,653.2,2.56,181.0
2020,3,4,Punjab,195.0,717.2,2.45,338.0
2020,3,4,Sindh,177.3,619.1,2.56,169.0
2020,3,5,Punjab,203.2,805.5,2.48,372.0
2020,3,5,Sindh,185.4,632.7,2.55,177.0
2020,3,6,Punjab,207.7,797.9,2.44,361.0
2020,3,6,Sindh,188.0,652.1,2.56,183.0
2020,3,7,Punjab,200.3,756.2,2.44,343.0
2020,3,7,Sindh,181.5,636.7,2.57,176.0
2020,3,8,Punjab,198.3,756.7,2.39,333.0
2020,3,8,Sindh,170.7,611.0,2.58,171.0
2020,3,9,Punjab,205.2,789.1,2.49,369.0
2020,3,9,Sindh,184.7,643.7,2.57,180.0
2020,3,10,Punjab,191.7,700.0,2.49,333.0
2020,3,10,Sindh,185.9,632.6,2.53,182.0
2020,3,11,Punjab,191.0,728.9,2.49,331.0
2020,3,11,Sindh,185.8,651.1,2.61,183.0
2020,3,12,Punjab,196.5,737.9,2.48,327.0
2020,3,12,Sindh,190.0,666.6,2.6,192.0
2020,3,13,Punjab,194.8,750.4,2.43,340.0
2020,3,13,Sindh,178.5,627.5,2.59,181.0
2020,3,14,Punjab,192.4,716.1,2.52,322.0
2020,3,14,Sindh,187.3,669.2,2.62,192.0
2020,3,15,Punjab,213.5,799.1,2.52,352.0
2020,3,15,Sindh,189.9,679.8,2.56,199.0
2020,3,16,Punjab,216.3,855.0,2.43,359.0
2020,3,16,Sindh,175.0,603.7,2.62,168.0
2020,3,17,Punjab,196.1,769.8,2.5,343.0
2020,3,17,Sindh,185.6,640.2,2.56,180.0
2020,3,18,Punjab,199.7,693.0,2.52,316.0
2020,3,18,Sindh,181.5,619.5,2.58,186.0
2020,3,19,Punjab,197.5,773.7,2.45,350.0
2020,3,19,Sindh,183.6,653.1,2.55,185.0
2020,3,20,Punjab,207.9,788.7,2.46,342.0
2020,3,20,Sindh,185.8,672.0,2.58,177.0
2020,3,21,Punjab,209.6,782.2,2.5,337.0
2020,3,21,Sindh,181.6,631.0,2.59,180.0
2020,3,22,Punjab,185.0,682.7,2.4,287.0
2020,3,22,Sindh,180.7,628.9,2.58,182.0
2020,3,23,Punjab,203.0,752.6,2.42,337.0
2020,3,23,Sindh,184.3,667.1,2.6,178.0
2020,3,24,Punjab,188.8,703.9,2.43,317.0
2020,3,24,Sindh,178.7,633.2,2.58,189.0
2020,3,25,Punjab,213.4,788.4,2.39,336.0
2020,3,25,Sindh,178.8,632.3,2.57,179.0
2020,3,26,Punjab,202.9,743.9,2.53,308.0
2020,3,26,Sindh,187.6,638.9,2.57,186.0
2020,3,27,Punjab,192.8,712.0,2.38,294.0
2020,3,27,Sindh,178.5,635.0,2.6,183.0
2020,3,28,Punjab,197.6,757.2,2.5,317.0
2020,3,28,Sindh,187.6,642.8,2.57,179.0
2020,3,29,Punjab,197.2,750.4,2.52,329.0
2020,3,29,Sindh,186.6,636.2,2.6,179.0
2020,3,30,Punjab,203.8,785.5,2.47,332.0
2020,3,30,Sindh,175.7,609.9,2.61,174.0
2020,3,31,Punjab,208.0,789.0,2.45,314.0
2020,3,31,Sindh,181.0,624.7,2.55,187.0
2020,4,1,Punjab,190.5,697.8,2.49,300.0
2020,4,1,Sindh,190.4,663.1,2.61,192.0
2020,4,2,Punjab,214.4,824.8,2.48,331.0
2020,4,2,Sindh,179.5,606.8,2.62,176.0
2020,4,3,Punjab,212.6,787.9,2.53,321.0
2020,4,3,Sindh,182.2,652.0,2.59,185.0
2020,4,4,Punjab,192.8,745.7,2.35,317.0
2020,4,4,Sindh,186.8,670.8,2.6,201.0
2020,4,5,Punjab,200.5,738.5,2.44,312.0
2020,4,5,Sindh,188.5,630.4,2.6,192.0
2020,4,6,Punjab,213.6,798.0,2.51,336.0
2020,4,6,Sindh,183.3,656.3,2.58,198.0
2020,4,7,Punjab,209.9,790.2,2.49,320.0
2020,4,7,Sindh,181.6,623.5,2.59,186.0
2020,4,8,Punjab,197.3,763.4,2.52,319.0
2020,4,8,Sindh,191.8,684.0,2.56,200.0
2020,4,9,Punjab,206.6,788.6,2.5,312.0
2020,4,9,Sindh,193.4,675.8,2.59,191.0
2020,4,10,Punjab,224.1,852.0,2.48,335.0
2020,4,10,Sindh,189.6,664.0,2.6,194.0
2020,4,11,Punjab,201.0,801.6,2.47,316.0
2020,4,11,Sindh,185.2,645.3,2.6,187.0
2020,4,12,Punjab,195.2,704.9,2.6,286.0
2020,4,12,Sindh,180.7,650.7,2.61,183.0
2020,4,13,Punjab,201.7,745.6,2.56,285.0
2020,4,13,Sindh,180.6,613.7,2.57,188.0
2020,4,14,Punjab,202.3,747.2,2.51,294.0
2020,4,14,Sindh,187.4,665.2,2.58,192.0
2020,4,15,Punjab,196.2,710.1,2.49,296.0
2020,4,15,Sindh,186.9,670.8,2.62,204.0
2020,4,16,Punjab,204.0,760.7,2.52,287.0
2020,4,16,Sindh,191.9,682.4,2.58,205.0
2020,4,17,Punjab,190.5,737.5,2.53,276.0
2020,4,17,Sindh,188.2,693.5,2.59,207.0
2020,4,18,Punjab,195.2,730.0,2.51,272.0
2020,4,18,Sindh,177.4,613.1,2.59,187.0
2020,4,19,Punjab,206.7,778.7,2.45,326.0
2020,4,19,Sindh,190.2,680.2,2.57,198.0
2020,4,20,Punjab,186.6,674.7,2.58,268.0
2020,4,20,Sindh,180.0,628.5,2.62,198.0
2020,4,21,Punjab,207.9,774.2,2.5,293.0
2020,4,21,Sindh,183.1,659.4,2.58,196.0
2020,4,22,Punjab,184.7,692.4,2.59,268.0
2020,4,22,Sindh,186.3,652.0,2.57,196.0
2020,4,23,Punjab,186.9,723.2,2.5,278.0
2020,4,23,Sindh,195.1,677.0,2.58,198.0
2020,4,24,Punjab,196.9,714.6,2.48,264.0
2020,4,24,Sindh,200.7,722.0,2.55,208.0
2020,4,25,Punjab,203.2,763.0,2.56,282.0
2020,4,25,Sindh,188.2,651.3,2.58,197.0
2020,4,26,Punjab,211.6,825.6,2.51,306.0
2020,4,26,Sindh,184.3,623.8,2.57,189.0
2020,4,27,Punjab,201.5,756.6,2.5,274.0
2020,4,27,Sindh,187.9,649.9,2.6,191.0
2020,4,28,Punjab,199.1,714.2,2.44,261.0
2020,4,28,Sindh,189.7,673.2,2.58,194.0
2020,4,29,Punjab,205.7,807.4,2.53,301.0
2020,4,29,Sindh,183.7,663.8,2.61,193.0
2020,4,30,Punjab,194.2,752.6,2.47,266.0
2020,4,30,Sindh,194.3,681.7,2.62,210.0
2020,5,1,Punjab,202.3,786.2,2.48,312.0
2020,5,1,Sindh,186.5,672.5,2.61,199.0
2020,5,2,Punjab,191.7,693.4,2.47,260.0
2020,5,2,Sindh,187.9,637.2,2.59,191.0
2020,5,3,Punjab,202.0,797.7,2.52,276.0
2020,5,3,Sindh,188.7,654.0,2.59,205.0
2020,5,4,Punjab,200.3,745.7,2.42,243.0
2020,5,4,Sindh,187.6,652.1,2.56,191.0
2020,5,5,Punjab,195.0,730.7,2.49,255.0
2020,5,5,Sindh,189.7,662.1,2.59,196.0
2020,5,6,Punjab,202.8,756.5,2.55,278.0
2020,5,6,Sindh,182.4,639.7,2.57,191.0
2020,5,7,Punjab,202.8,789.5,2.44,284.0
2020,5,7,Sindh,182.7,650.0,2.61,206.0
2020,5,8,Punjab,211.0,798.0,2.51,281.0
2020,5,8,Sindh,180.1,623.6,2.64,202.0
2020,5,9,Punjab,188.8,726.9,2.47,249.0
2020,5,9,Sindh,187.8,659.4,2.6,204.0
2020,5,10,Punjab,201.0,765.5,2.48,259.0
2020,5,10,Sindh,189.5,662.7,2.55,205.0
2020,5,11,Punjab,195.6,741.5,2.59,256.0
2020,5,11,Sindh,188.0,644.0,2.59,194.0
2020,5,12,Punjab,208.7,774.2,2.42,257.0
2020,5,12,Sindh,194.1,677.5,2.6,215.0
2020,5,13,Punjab,207.8,826.0,2.54,282.0
2020,5,13,Sindh,185.7,647.8,2.59,199.0
2020,5,14,Punjab,205.9,753.2,2.48,272.0
2020,5,14,Sindh,189.1,659.4,2.58,205.0
2020,5,15,Punjab,196.3,754.1,2.48,250.0
2020,5,15,Sindh,180.3,631.6,2.6,194.0
2020,5,16,Punjab,209.0,801.9,2.45,279.0
2020,5,16,Sindh,183.9,644.7,2.57,196.0
2020,5,17,Punjab,189.8,744.2,2.54,261.0
2020,5,17,Sindh,189.3,656.2,2.57,209.0
2020,5,18,Punjab,188.2,742.8,2.5,240.0
2020,5,18,Sindh,190.1,684.5,2.61,211.0
2020,5,19,Punjab,191.9,726.5,2.49,235.0
2020,5,19,Sindh,184.4,628.0,2.57,201.0
2020,5,20,Punjab,201.9,777.8,2.51,272.0
2020,5,20,Sindh,185.6,638.7,2.61,199.0
2020,5,21,Punjab,207.6,824.2,2.5,267.0
2020,5,21,Sindh,178.4,666.1,2.57,200.0
2020,5,22,Punjab,178.5,676.8,2.41,221.0
2020,5,22,Sindh,184.2,629.2,2.63,193.0
2020,5,23,Punjab,212.9,787.7,2.49,281.0
2020,5,23,Sindh,190.5,646.4,2.58,200.0
2020,5,24,Punjab,203.4,765.3,2.56,263.0
2020,5,24,Sindh,188.9,672.3,2.59,203.0
2020,5,25,Punjab,189.9,695.4,2.44,227.0
2020,5,25,Sindh,188.6,629.0,2.6,190.0
2020,5,26,Punjab,203.3,779.9,2.46,263.0
2020,5,26,Sindh,186.4,648.8,2.58,206.0
2020,5,27,Punjab,211.3,824.1,2.49,269.0
2020,5,27,Sindh,186.2,683.9,2.6,207.0
2020,5,28,Punjab,207.4,785.6,2.48,265.0
2020,5,28,Sindh,182.9,617.0,2.61,194.0
2020,5,29,Punjab,211.4,770.9,2.51,229.0
2020,5,29,Sindh,189.7,634.3,2.62,199.0
2020,5,30,Punjab,191.7,749.0,2.46,239.0
2020,5,30,Sindh,188.4,636.8,2.61,195.0
2020,5,31,Punjab,199.4,722.2,2.5,209.0
2020,5,31,Sindh,188.7,674.1,2.59,215.0
2020,6,1,Punjab,195.4,711.5,2.51,228.0
2020,6,1,Sindh,183.7,659.8,2.59,199.0
2020,6,2,Punjab,216.6,819.4,2.55,261.0
2020,6,2,Sindh,175.6,606.9,2.64,193.0
2020,6,3,Punjab,208.0,795.4,2.58,268.0
2020,6,3,Sindh,191.9,681.8,2.62,211.0
2020,6,4,Punjab,225.7,866.1,2.5,284.0
2020,6,4,Sindh,184.0,664.9,2.58,205.0
2020,6,5,Punjab,199.2,755.8,2.61,234.0
2020,6,5,Sindh,182.1,664.3,2.6,199.0
2020,6,6,Punjab,197.2,784.7,2.51,243.0
2020,6,6,Sindh,189.9,661.1,2.59,209.0
2020,6,7,Punjab,201.9,768.6,2.56,245.0
2020,6,7,Sindh,184.5,611.4,2.6,196.0
2020,6,8,Punjab,214.1,834.5,2.62,259.0
2020,6,8,Sindh,191.8,659.1,2.57,201.0
2020,6,9,Punjab,200.2,776.7,2.53,242.0
2020,6,9,Sindh,189.7,657.4,2.59,208.0
2020,6,10,Punjab,204.2,750.2,2.45,244.0
2020,6,10,Sindh,190.0,661.2,2.64,208.0
2020,6,11,Punjab,204.0,772.0,2.53,231.0
2020,6,11,Sindh,179.8,626.5,2.61,191.0
2020,6,12,Punjab,203.6,816.3,2.49,249.0
2020,6,12,Sindh,192.7,691.3,2.55,208.0
2020,6,13,Punjab,198.2,742.9,2.51,224.0
2020,6,13,Sindh,188.0,677.1,2.62,216.0
2020,6,14,Punjab,202.3,755.4,2.62,264.0
2020,6,14,Sindh,184.9,644.5,2.62,203.0
2020,6,15,Punjab,202.0,771.1,2.46,241.0
2020,6,15,Sindh,187.5,672.6,2.59,206.0
2020,6,16,Punjab,203.5,763.8,2.54,245.0
2020,6,16,Sindh,177.9,628.0,2.62,193.0
2020,6,17,Punjab,211.1,786.4,2.48,247.0
2020,6,17,Sindh,188.9,662.0,2.58,203.0
2020,6,18,Punjab,217.7,817.6,2.51,259.0
2020,6,18,Sindh,181.7,649.6,2.59,201.0
2020,6,19,Punjab,197.0,777.1,2.56,241.0
2020,6,19,Sindh,180.1,631.5,2.63,195.0
2020,6,20,Punjab,200.6,759.5,2.54,233.0
2020,6,20,Sindh,179.3,658.4,2.6,197.0
2020,6,21,Punjab,197.2,722.7,2.52,201.0
2020,6,21,Sindh,192.5,652.2,2.56,209.0
2020,6,22,Punjab,205.3,750.0,2.5,228.0
2020,6,22,Sindh,183.8,635.7,2.6,205.0
2020,6,23,Punjab,199.6,802.5,2.54,242.0
2020,6,23,Sindh,194.7,679.5,2.6,204.0
2020,6,24,Punjab,205.9,777.8,2.61,241.0
2020,6,24,Sindh,184.4,651.8,2.63,205.0
2020,6,25,Punjab,212.8,817.4,2.48,246.0
2020,6,25,Sindh,178.5,643.9,2.6,197.0
2020,6,26,Punjab,183.8,683.1,2.63,209.0
2020,6,26,Sindh,181.5,634.9,2.59,198.0
2020,6,27,Punjab,208.0,796.9,2.59,250.0
2020,6,27,Sindh,193.3,655.2,2.62,203.0
2020,6,28,Punjab,200.5,790.9,2.6,209.0
2020,6,28,Sindh,186.4,665.0,2.61,205.0
2020,6,29,Punjab,207.9,776.9,2.55,228.0
2020,6,29,Sindh,184.5,656.9,2.59,215.0
2020,6,30,Punjab,197.1,758.0,2.59,207.0
2020,6,30,Sindh,188.0,629.0,2.63,196.0
2020,7,1,Punjab,213.9,784.5,2.48,236.0
2020,7,1,Sindh,189.8,664.1,2.61,203.0
2020,7,2,Punjab,211.6,844.7,2.5,251.0
2020,7,2,Sindh,192.9,651.2,2.6,200.0
2020,7,3,Punjab,208.9,799.3,2.57,253.0
2020,7,3,Sindh,194.6,671.0,2.61,214.0
2020,7,4,Punjab,210.8,792.7,2.55,239.0
2020,7,4,Sindh,185.5,635.9,2.58,192.0
2020,7,5,Punjab,198.5,748.4,2.53,216.0
2020,7,5,Sindh,180.7,644.8,2.59,198.0
2020,7,6,Punjab,199.6,748.2,2.41,228.0
2020,7,6,Sindh,185.3,650.5,2.61,211.0
2020,7,7,Punjab,210.6,791.1,2.51,232.0
2020,7,7,Sindh,188.7,641.3,2.6,202.0
2020,7,8,Punjab,198.5,705.4,2.48,199.0
2020,7,8,Sindh,182.7,652.5,2.63,205.0
2020,7,9,Punjab,216.3,819.8,2.56,249.0
2020,7,9,Sindh,182.7,618.0,2.61,206.0
2020,7,10,Punjab,202.2,765.4,2.53,242.0
2020,7,10,Sindh,189.3,667.3,2.62,209.0
2020,7,11,Punjab,208.8,803.2,2.51,247.0
2020,7,11,Sindh,187.3,643.4,2.61,198.0
2020,7,12,Punjab,221.6,831.8,2.67,257.0
2020,7,12,Sindh,187.8,651.7,2.63,202.0
2020,7,13,Punjab,199.2,741.7,2.59,246.0
2020,7,13,Sindh,183.8,651.0,2.62,198.0
2020,7,14,Punjab,205.5,780.7,2.59,225.0
2020,7,14,Sindh,186.5,660.6,2.61,212.0
2020,7,15,Punjab,213.4,778.8,2.65,225.0
2020,7,15,Sindh,183.1,660.8,2.61,209.0
2020,7,16,Punjab,212.7,811.0,2.58,244.0
2020,7,16,Sindh,192.2,671.4,2.59,214.0
2020,7,17,Punjab,202.5,732.2,2.5,229.0
2020,7,17,Sindh,192.9,679.8,2.62,217.0
2020,7,18,Punjab,201.0,786.3,2.5,224.0
2020,7,18,Sindh,178.6,618.4,2.61,193.0
2020,7,19,Punjab,203.3,786.4,2.59,252.0
2020,7,19,Sindh,183.2,643.8,2.6,196.0
2020,7,20,Punjab,216.8,805.4,2.44,225.0
2020,7,20,Sindh,180.4,637.9,2.63,200.0
2020,7,21,Punjab,203.1,784.9,2.54,233.0
2020,7,21,Sindh,184.6,644.7,2.58,197.0
2020,7,22,Punjab,206.0,784.9,2.44,234.0
2020,7,22,Sindh,187.5,629.2,2.6,198.0
2020,7,23,Punjab,202.0,747.4,2.55,212.0
2020,7,23,Sindh,180.7,637.4,2.63,205.0
2020,7,24,Punjab,211.1,761.7,2.59,221.0
2020,7,24,Sindh,183.4,647.2,2.62,201.0
2020,7,25,Punjab,206.7,792.0,2.56,246.0
2020,7,25,Sindh,183.0,630.2,2.61,198.0
2020,7,26,Punjab,197.5,734.7,2.59,233.0
2020,7,26,Sindh,189.1,642.5,2.62,200.0
2020,7,27,Punjab,197.9,773.7,2.65,212.0
2020,7,27,Sindh,188.4,681.6,2.61,214.0
2020,7,28,Punjab,189.7,721.0,2.54,215.0
2020,7,28,Sindh,184.5,653.1,2.58,199.0
2020,7,29,Punjab,199.1,742.4,2.69,222.0
2020,7,29,Sindh,189.0,658.1,2.6,193.0
2020,7,30,Punjab,212.1,842.0,2.56,258.0
2020,7,30,Sindh,185.4,631.9,2.64,200.0
2020,7,31,Punjab,216.4,833.8,2.6,252.0
2020,7,31,Sindh,186.8,641.6,2.6,204.0
2020,8,1,Punjab,211.3,730.0,2.52,205.0
2020,8,1,Sindh,196.6,707.6,2.61,218.0
2020,8,2,Punjab,210.3,789.6,2.63,256.0
2020,8,2,Sindh,195.0,684.4,2.6,206.0
2020,8,3,Punjab,204.9,751.1,2.6,239.0
2020,8,3,Sindh,181.8,628.0,2.61,190.0
2020,8,4,Punjab,212.2,790.4,2.63,241.0
2020,8,4,Sindh,192.5,681.3,2.6,211.0
2020,8,5,Punjab,208.4,788.8,2.56,236.0
2020,8,5,Sindh,192.4,661.2,2.62,204.0
2020,8,6,Punjab,220.5,845.2,2.49,254.0
2020,8,6,Sindh,182.6,661.7,2.62,203.0
2020,8,7,Punjab,205.4,785.7,2.58,216.0
2020,8,7,Sindh,192.5,694.0,2.63,221.0
2020,8,8,Punjab,217.0,846.0,2.47,265.0
2020,8,8,Sindh,196.1,679.5,2.59,203.0
2020,8,9,Punjab,213.3,823.1,2.54,263.0
2020,8,9,Sindh,182.9,630.6,2.61,204.0
2020,8,10,Punjab,212.2,817.9,2.57,256.0
2020,8,10,Sindh,183.9,604.4,2.61,189.0
2020,8,11,Punjab,190.3,727.1,2.68,224.0
2020,8,11,Sindh,193.6,655.5,2.62,192.0
2020,8,12,Punjab,213.9,838.4,2.57,264.0
2020,8,12,Sindh,189.9,644.6,2.6,197.0
2020,8,13,Punjab,205.4,774.4,2.56,233.0
2020,8,13,Sindh,191.4,671.8,2.63,210.0
2020,8,14,Punjab,203.0,765.5,2.56,234.0
2020,8,14,Sindh,190.3,661.3,2.64,201.0
2020,8,15,Punjab,194.7,701.8,2.49,215.0
2020,8,15,Sindh,190.6,647.0,2.6,191.0
2020,8,16,Punjab,206.6,806.1,2.56,262.0
2020,8,16,Sindh,182.1,633.0,2.61,194.0
2020,8,17,Punjab,206.9,784.8,2.57,262.0
2020,8,17,Sindh,194.0,686.4,2.6,203.0
2020,8,18,Punjab,196.3,804.6,2.51,253.0
2020,8,18,Sindh,194.6,689.0,2.67,211.0
2020,8,19,Punjab,195.0,732.8,2.5,220.0
2020,8,19,Sindh,187.6,628.2,2.61,197.0
2020,8,20,Punjab,210.7,802.5,2.54,257.0
2020,8,20,Sindh,188.6,658.2,2.65,195.0
2020,8,21,Punjab,213.8,823.6,2.57,285.0
2020,8,21,Sindh,181.2,613.4,2.59,185.0
2020,8,22,Punjab,208.4,770.1,2.54,237.0
2020,8,22,Sindh,191.4,683.6,2.6,210.0
2020,8,23,Punjab,216.2,828.7,2.51,276.0
2020,8,23,Sindh,191.8,683.0,2.6,201.0
2020,8,24,Punjab,206.3,784.8,2.58,267.0
2020,8,24,Sindh,188.6,646.7,2.6,191.0
2020,8,25,Punjab,206.6,779.2,2.59,250.0
2020,8,25,Sindh,194.6,669.6,2.61,196.0
2020,8,26,Punjab,199.8,782.7,2.57,248.0
2020,8,26,Sindh,187.3,648.7,2.6,198.0
2020,8,27,Punjab,194.7,721.8,2.54,240.0
2020,8,27,Sindh,191.9,637.7,2.6,195.0
2020,8,28,Punjab,222.1,849.4,2.6,284.0
2020,8,28,Sindh,184.0,648.9,2.64,193.0
2020,8,29,Punjab,216.3,851.1,2.56,289.0
2020,8,29,Sindh,189.0,657.3,2.64,198.0
2020,8,30,Punjab,196.2,731.4,2.51,261.0
2020,8,30,Sindh,188.3,673.4,2.64,210.0
2020,8,31,Punjab,208.6,786.8,2.62,264.0
2020,8,31,Sindh,190.3,649.5,2.63,191.0
2020,9,1,Punjab,206.6,832.1,2.59,267.0
2020,9,1,Sindh,187.3,646.4,2.62,185.0
2020,9,2,Punjab,205.3,789.6,2.56,265.0
2020,9,2,Sindh,188.6,637.4,2.61,194.0
2020,9,3,Punjab,204.3,766.1,2.49,259.0
2020,9,3,Sindh,193.4,661.8,2.6,197.0
2020,9,4,Punjab,210.6,816.5,2.53,288.0
2020,9,4,Sindh,187.1,637.1,2.63,188.0
2020,9,5,Punjab,214.2,802.5,2.67,272.0
2020,9,5,Sindh,181.3,649.4,2.6,198.0
2020,9,6,Punjab,210.9,770.1,2.5,257.0
2020,9,6,Sindh,198.1,682.9,2.6,207.0
2020,9,7,Punjab,206.8,813.2,2.56,265.0
2020,9,7,Sindh,196.3,688.9,2.64,193.0
2020,9,8,Punjab,206.5,762.8,2.57,267.0
2020,9,8,Sindh,182.9,634.6,2.66,187.0
2020,9,9,Punjab,215.3,867.3,2.59,334.0
2020,9,9,Sindh,192.9,656.1,2.63,207.0
2020,9,10,Punjab,211.6,794.3,2.5,272.0
2020,9,10,Sindh,187.0,651.8,2.64,197.0
2020,9,11,Punjab,208.5,835.0,2.58,296.0
2020,9,11,Sindh,190.8,676.9,2.62,203.0
2020,9,12,Punjab,207.7,761.9,2.49,260.0
2020,9,12,Sindh,191.0,650.4,2.59,199.0
2020,9,13,Punjab,210.8,821.6,2.58,276.0
2020,9,13,Sindh,188.4,671.5,2.63,198.0
2020,9,14,Punjab,204.3,786.5,2.54,281.0
2020,9,14,Sindh,185.7,637.1,2.63,193.0
2020,9,15,Punjab,214.7,832.7,2.53,295.0
2020,9,15,Sindh,186.2,644.4,2.62,194.0
2020,9,16,Punjab,199.6,777.8,2.62,254.0
2020,9,16,Sindh,185.1,655.7,2.62,196.0
2020,9,17,Punjab,205.0,768.9,2.57,291.0
2020,9,17,Sindh,185.5,639.4,2.64,188.0
2020,9,18,Punjab,213.2,783.9,2.6,286.0
2020,9,18,Sindh,189.4,663.4,2.6,196.0
2020,9,19,Punjab,199.3,756.3,2.6,274.0
2020,9,19,Sindh,186.2,646.9,2.61,187.0
2020,9,20,Punjab,195.8,748.6,2.64,269.0
2020,9,20,Sindh,193.2,678.1,2.6,198.0
2020,9,21,Punjab,209.0,784.6,2.52,289.0
2020,9,21,Sindh,197.3,654.7,2.63,186.0
2020,9,22,Punjab,194.9,746.3,2.63,279.0
2020,9,22,Sindh,186.9,626.9,2.6,181.0
2020,9,23,Punjab,198.2,759.6,2.58,284.0
2020,9,23,Sindh,191.1,678.0,2.61,196.0
2020,9,24,Punjab,214.7,797.5,2.56,305.0
2020,9,24,Sindh,192.4,689.0,2.61,195.0
2020,9,25,Punjab,207.0,794.6,2.52,307.0
2020,9,25,Sindh,192.3,659.4,2.62,189.0
2020,9,26,Punjab,219.0,826.8,2.61,328.0
2020,9,26,Sindh,190.4,662.6,2.6,191.0
2020,9,27,Punjab,199.1,742.6,2.54,270.0
2020,9,27,Sindh,193.7,682.4,2.63,199.0
2020,9,28,Punjab,208.1,806.3,2.61,297.0
2020,9,28,Sindh,192.4,684.0,2.65,202.0
2020,9,29,Punjab,212.1,790.3,2.68,303.0
2020,9,29,Sindh,183.9,613.2,2.63,177.0
2020,9,30,Punjab,199.5,749.1,2.63,278.0
2020,9,30,Sindh,194.4,667.3,2.66,200.0
2020,10,1,Punjab,217.2,826.8,2.66,309.0
2020,10,1,Sindh,194.6,676.0,2.65,200.0
2020,10,2,Punjab,213.1,837.2,2.55,323.0
2020,10,2,Sindh,186.3,662.7,2.64,194.0
2020,10,3,Punjab,196.2,749.4,2.62,299.0
2020,10,3,Sindh,190.4,703.8,2.63,202.0
2020,10,4,Punjab,208.8,804.0,2.53,322.0
2020,10,4,Sindh,193.6,674.3,2.63,195.0
2020,10,5,Punjab,212.2,800.6,2.58,308.0
2020,10,5,Sindh,189.2,641.1,2.64,191.0
2020,10,6,Punjab,204.5,775.5,2.68,309.0
2020,10,6,Sindh,195.6,690.8,2.62,203.0
2020,10,7,Punjab,197.4,749.2,2.56,297.0
2020,10,7,Sindh,202.1,727.3,2.59,212.0
2020,10,8,Punjab,211.5,809.7,2.65,319.0
2020,10,8,Sindh,186.4,654.1,2.64,188.0
2020,10,9,Punjab,227.1,856.9,2.64,328.0
2020,10,9,Sindh,183.5,628.6,2.61,183.0
2020,10,10,Punjab,206.3,810.8,2.64,312.0
2020,10,10,Sindh,191.9,686.1,2.61,201.0
2020,10,11,Punjab,222.0,836.2,2.53,337.0
2020,10,11,Sindh,194.0,689.1,2.63,192.0
2020,10,12,Punjab,203.5,739.1,2.62,290.0
2020,10,12,Sindh,189.3,647.2,2.63,183.0
2020,10,13,Punjab,211.3,857.8,2.58,323.0
2020,10,13,Sindh,197.8,697.9,2.6,197.0
2020,10,14,Punjab,215.8,813.5,2.65,328.0
2020,10,14,Sindh,183.8,658.4,2.63,192.0
2020,10,15,Punjab,209.6,822.8,2.51,345.0
2020,10,15,Sindh,194.0,696.8,2.65,201.0
2020,10,16,Punjab,207.3,816.0,2.61,303.0
2020,10,16,Sindh,187.6,655.5,2.61,184.0
2020,10,17,Punjab,215.6,838.1,2.61,337.0
2020,10,17,Sindh,199.2,691.9,2.66,187.0
2020,10,18,Punjab,225.0,850.9,2.5,351.0
2020,10,18,Sindh,200.6,720.6,2.6,203.0
2020,10,19,Punjab,212.3,812.4,2.55,315.0
2020,10,19,Sindh,186.9,635.8,2.67,176.0
2020,10,20,Punjab,205.8,756.5,2.51,312.0
2020,10,20,Sindh,188.0,664.5,2.62,180.0
2020,10,21,Punjab,208.5,831.9,2.56,331.0
2020,10,21,Sindh,195.1,662.1,2.63,180.0
2020,10,22,Punjab,230.2,857.7,2.63,344.0
2020,10,22,Sindh,188.8,677.0,2.59,191.0
2020,10,23,Punjab,211.2,797.3,2.61,330.0
2020,10,23,Sindh,190.6,663.2,2.63,193.0
2020,10,24,Punjab,205.4,782.4,2.61,319.0
2020,10,24,Sindh,191.0,687.4,2.64,192.0
2020,10,25,Punjab,201.0,761.7,2.55,311.0
2020,10,25,Sindh,181.3,641.9,2.63,181.0
2020,10,26,Punjab,195.6,730.2,2.66,315.0
2020,10,26,Sindh,190.8,649.6,2.62,188.0
2020,10,27,Punjab,213.2,838.0,2.6,376.0
2020,10,27,Sindh,187.5,677.6,2.61,181.0
2020,10,28,Punjab,215.6,838.2,2.6,362.0
2020,10,28,Sindh,188.5,683.0,2.65,193.0
2020,10,29,Punjab,207.2,793.8,2.65,351.0
2020,10,29,Sindh,198.2,707.0,2.63,196.0
2020,10,30,Punjab,210.3,791.2,2.55,348.0
2020,10,30,Sindh,184.8,635.2,2.66,181.0
2020,10,31,Punjab,201.1,785.5,2.61,334.0
2020,10,31,Sindh,195.1,678.4,2.62,186.0
2020,11,1,Punjab,211.6,794.8,2.62,348.0
2020,11,1,Sindh,189.7,666.1,2.62,181.0
2020,11,2,Punjab,214.4,846.3,2.58,375.0
2020,11,2,Sindh,189.7,653.5,2.65,182.0
2020,11,3,Punjab,206.4,786.4,2.64,353.0
2020,11,3,Sindh,195.1,708.3,2.6,203.0
2020,11,4,Punjab,224.2,876.6,2.63,380.0
2020,11,4,Sindh,192.9,677.3,2.61,191.0
2020,11,5,Punjab,204.0,773.1,2.6,348.0
2020,11,5,Sindh,194.1,638.7,2.66,175.0
2020,11,6,Punjab,213.1,811.0,2.6,382.0
2020,11,6,Sindh,196.1,691.4,2.61,183.0
2020,11,7,Punjab,217.6,851.5,2.63,381.0
2020,11,7,Sindh,189.6,658.5,2.6,173.0
2020,11,8,Punjab,210.3,842.9,2.65,368.0
2020,11,8,Sindh,188.3,657.8,2.67,188.0
2020,11,9,Punjab,209.4,827.1,2.61,366.0
2020,11,9,Sindh,185.9,645.2,2.61,173.0
2020,11,10,Punjab,199.6,775.9,2.66,340.0
2020,11,10,Sindh,187.3,667.5,2.64,182.0
2020,11,11,Punjab,221.9,855.0,2.64,403.0
2020,11,11,Sindh,206.2,738.3,2.64,207.0
2020,11,12,Punjab,209.7,786.9,2.52,371.0
2020,11,12,Sindh,197.7,696.1,2.58,181.0
2020,11,13,Punjab,215.4,824.6,2.54,370.0
2020,11,13,Sindh,184.7,641.4,2.63,184.0
2020,11,14,Punjab,216.6,804.7,2.67,387.0
2020,11,14,Sindh,184.9,646.5,2.65,176.0
2020,11,15,Punjab,206.2,791.2,2.6,367.0
2020,11,15,Sindh,193.9,679.1,2.64,180.0
2020,11,16,Punjab,209.7,805.7,2.62,363.0
2020,11,16,Sindh,194.3,668.0,2.65,181.0
2020,11,17,Punjab,222.0,804.5,2.67,378.0
2020,11,17,Sindh,194.3,688.9,2.63,184.0
2020,11,18,Punjab,202.5,770.1,2.61,361.0
2020,11,18,Sindh,190.4,673.1,2.65,186.0
2020,11,19,Punjab,228.5,876.5,2.62,404.0
2020,11,19,Sindh,191.0,691.7,2.62,184.0
2020,11,20,Punjab,205.5,779.4,2.57,348.0
2020,11,20,Sindh,193.3,695.5,2.61,179.0
2020,11,21,Punjab,202.1,775.2,2.63,354.0
2020,11,21,Sindh,192.2,662.3,2.61,179.0
2020,11,22,Punjab,212.7,781.3,2.64,380.0
2020,11,22,Sindh,180.7,644.6,2.61,168.0
2020,11,23,Punjab,229.3,855.9,2.59,409.0
2020,11,23,Sindh,190.6,653.0,2.66,179.0
2020,11,24,Punjab,196.4,767.1,2.57,376.0
2020,11,24,Sindh,187.6,666.9,2.61,175.0
2020,11,25,Punjab,210.6,800.4,2.75,399.0
2020,11,25,Sindh,192.7,666.8,2.64,178.0
2020,11,26,Punjab,215.6,826.1,2.61,391.0
2020,11,26,Sindh,206.8,708.5,2.63,192.0
2020,11,27,Punjab,212.1,795.2,2.58,380.0
2020,11,27,Sindh,193.8,682.3,2.64,183.0
2020,11,28,Punjab,215.0,817.3,2.65,375.0
2020,11,28,Sindh,190.4,626.2,2.67,172.0
2020,11,29,Punjab,206.2,737.6,2.62,351.0
2020,11,29,Sindh,196.6,661.8,2.63,182.0
2020,11,30,Punjab,207.2,804.3,2.57,360.0
2020,11,30,Sindh,194.4,677.8,2.65,177.0
2020,12,1,Punjab,210.9,837.5,2.64,391.0
2020,12,1,Sindh,194.1,680.7,2.64,183.0
2020,12,2,Punjab,203.1,750.4,2.58,343.0
2020,12,2,Sindh,195.1,677.3,2.64,166.0
2020,12,3,Punjab,211.8,786.1,2.7,389.0
2020,12,3,Sindh,202.4,684.7,2.69,186.0
2020,12,4,Punjab,209.1,803.4,2.65,389.0
2020,12,4,Sindh,186.5,640.4,2.61,171.0
2020,12,5,Punjab,208.5,821.8,2.61,371.0
2020,12,5,Sindh,194.5,686.7,2.67,180.0
2020,12,6,Punjab,214.9,816.5,2.63,389.0
2020,12,6,Sindh,187.6,665.2,2.65,181.0
2020,12,7,Punjab,197.8,727.1,2.67,380.0
2020,12,7,Sindh,195.0,682.3,2.63,189.0
2020,12,8,Punjab,210.6,796.1,2.63,384.0
2020,12,8,Sindh,187.7,674.2,2.67,179.0
2020,12,9,Punjab,231.0,857.2,2.73,399.0
2020,12,9,Sindh,190.2,671.7,2.61,175.0
2020,12,10,Punjab,203.8,761.2,2.68,357.0
2020,12,10,Sindh,190.8,656.7,2.63,177.0
2020,12,11,Punjab,222.9,840.8,2.65,386.0
2020,12,11,Sindh,197.2,686.1,2.62,177.0
2020,12,12,Punjab,213.1,791.0,2.58,391.0
2020,12,12,Sindh,197.0,668.4,2.65,176.0
2020,12,13,Punjab,207.9,774.3,2.62,376.0
2020,12,13,Sindh,186.2,650.0,2.62,180.0
2020,12,14,Punjab,202.2,769.7,2.65,377.0
2020,12,14,Sindh,192.7,691.2,2.65,185.0
2020,12,15,Punjab,213.9,817.1,2.59,392.0
2020,12,15,Sindh,188.9,671.5,2.64,170.0
2020,12,16,Punjab,224.5,824.4,2.69,400.0
2020,12,16,Sindh,186.2,672.8,2.63,171.0
2020,12,17,Punjab,209.8,805.0,2.58,381.0
2020,12,17,Sindh,191.5,665.6,2.65,179.0
2020,12,18,Punjab,212.3,799.0,2.6,395.0
2020,12,18,Sindh,191.0,688.8,2.64,188.0
2020,12,19,Punjab,221.1,854.4,2.6,398.0
2020,12,19,Sindh,204.7,713.7,2.62,182.0
2020,12,20,Punjab,215.8,835.5,2.67,399.0
2020,12,20,Sindh,194.8,703.9,2.7,190.0
2020,12,21,Punjab,200.5,751.0,2.59,387.0
2020,12,21,Sindh,185.8,649.9,2.64,181.0
2020,12,22,Punjab,213.9,825.2,2.54,406.0
2020,12,22,Sindh,189.9,675.2,2.6,189.0
2020,12,23,Punjab,225.3,839.3,2.69,417.0
2020,12,23,Sindh,197.8,714.6,2.63,192.0
2020,12,24,Punjab,212.9,835.6,2.61,429.0
2020,12,24,Sindh,203.2,708.3,2.62,191.0
2020,12,25,Punjab,191.4,711.2,2.58,364.0
2020,12,25,Sindh,184.9,650.3,2.66,164.0
2020,12,26,Punjab,216.4,829.5,2.6,407.0
2020,12,26,Sindh,183.4,661.3,2.65,187.0
2020,12,27,Punjab,211.8,801.1,2.72,396.0
2020,12,27,Sindh,202.2,705.7,2.65,185.0
2020,12,28,Punjab,198.8,735.1,2.6,370.0
2020,12,28,Sindh,194.8,662.1,2.64,172.0
2020,12,29,Punjab,200.1,778.2,2.63,380.0
2020,12,29,Sindh,188.6,692.2,2.64,183.0
2020,12,30,Punjab,221.3,828.8,2.62,409.0
2020,12,30,Sindh,195.6,677.6,2.64,188.0
2020,12,31,Punjab,207.7,755.4,2.58,385.0
2020,12,31,Sindh,179.8,631.7,2.65,180.0
2021,1,1,Punjab,206.4,726.6,2.6,376.0
2021,1,1,Sindh,193.0,692.9,2.66,186.0
2021,1,2,Punjab,213.4,793.5,2.57,396.0
2021,1,2,Sindh,194.7,672.3,2.65,185.0
2021,1,3,Punjab,208.6,820.2,2.69,416.0
2021,1,3,Sindh,197.7,676.8,2.66,181.0
2021,1,4,Punjab,214.6,840.6,2.65,414.0
2021,1,4,Sindh,188.0,661.9,2.66,172.0
2021,1,5,Punjab,212.2,792.1,2.76,394.0
2021,1,5,Sindh,193.6,650.6,2.67,182.0
2021,1,6,Punjab,204.3,768.8,2.61,379.0
2021,1,6,Sindh,188.5,655.6,2.65,172.0
2021,1,7,Punjab,209.9,788.2,2.6,379.0
2021,1,7,Sindh,194.5,684.3,2.66,191.0
2021,1,8,Punjab,217.5,800.0,2.72,415.0
2021,1,8,Sindh,188.8,656.6,2.67,183.0
2021,1,9,Punjab,214.4,795.7,2.7,392.0
2021,1,9,Sindh,191.2,646.1,2.64,176.0
2021,1,10,Punjab,213.4,830.7,2.66,401.0
2021,1,10,Sindh,188.3,683.0,2.63,192.0
2021,1,11,Punjab,229.7,882.8,2.59,424.0
2021,1,11,Sindh,196.6,689.6,2.63,195.0
2021,1,12,Punjab,220.1,841.7,2.73,413.0
2021,1,12,Sindh,197.6,713.2,2.65,189.0
2021,1,13,Punjab,221.1,813.4,2.64,421.0
2021,1,13,Sindh,192.2,668.9,2.61,175.0
2021,1,14,Punjab,213.0,811.3,2.62,400.0
2021,1,14,Sindh,193.6,664.4,2.66,169.0
2021,1,15,Punjab,216.1,775.2,2.7,418.0
2021,1,15,Sindh,186.2,655.8,2.65,187.0
2021,1,16,Punjab,211.0,818.5,2.65,406.0
2021,1,16,Sindh,192.0,668.7,2.67,177.0
2021,1,17,Punjab,220.7,843.8,2.59,434.0
2021,1,17,Sindh,193.3,658.8,2.64,183.0
2021,1,18,Punjab,213.6,784.9,2.65,403.0
2021,1,18,Sindh,206.6,745.3,2.65,195.0
2021,1,19,Punjab,216.3,854.4,2.61,421.0
2021,1,19,Sindh,188.0,648.7,2.67,183.0
2021,1,20,Punjab,215.9,784.5,2.5,407.0
2021,1,20,Sindh,200.9,675.6,2.68,178.0
2021,1,21,Punjab,214.5,825.8,2.61,418.0
2021,1,21,Sindh,198.6,715.1,2.64,185.0
2021,1,22,Punjab,238.2,916.3,2.62,445.0
2021,1,22,Sindh,195.1,675.2,2.66,181.0
2021,1,23,Punjab,209.4,771.1,2.59,410.0
2021,1,23,Sindh,202.5,699.6,2.66,185.0
2021,1,24,Punjab,209.4,795.0,2.68,391.0
2021,1,24,Sindh,195.6,658.1,2.66,181.0
2021,1,25,Punjab,220.4,804.9,2.61,389.0
2021,1,25,Sindh,195.7,711.1,2.65,191.0
2021,1,26,Punjab,210.2,741.7,2.68,370.0
2021,1,26,Sindh,193.5,658.0,2.68,181.0
2021,1,27,Punjab,212.6,786.7,2.59,409.0
2021,1,27,Sindh,199.9,700.7,2.62,187.0
2021,1,28,Punjab,206.3,771.7,2.7,402.0
2021,1,28,Sindh,199.3,711.4,2.65,188.0
2021,1,29,Punjab,219.0,845.1,2.59,405.0
2021,1,29,Sindh,190.8,674.0,2.66,179.0
2021,1,30,Punjab,219.2,834.2,2.54,382.0
2021,1,30,Sindh,187.3,654.7,2.66,188.0
2021,1,31,Punjab,212.7,810.0,2.72,397.0
2021,1,31,Sindh,192.9,649.8,2.68,178.0
2021,2,1,Punjab,220.9,819.3,2.61,391.0
2021,2,1,Sindh,190.0,652.8,2.68,168.0
2021,2,2,Punjab,200.4,751.0,2.74,373.0
2021,2,2,Sindh,193.7,680.8,2.65,182.0
2021,2,3,Punjab,209.7,778.2,2.69,376.0
2021,2,3,Sindh,200.2,689.0,2.68,187.0
2021,2,4,Punjab,214.0,788.8,2.7,374.0
2021,2,4,Sindh,191.8,674.3,2.64,192.0
2021,2,5,Punjab,206.1,771.1,2.71,402.0
2021,2,5,Sindh,193.9,688.9,2.67,192.0
2021,2,6,Punjab,201.5,767.2,2.66,374.0
2021,2,6,Sindh,194.4,695.0,2.69,184.0
2021,2,7,Punjab,213.1,798.2,2.67,405.0
2021,2,7,Sindh,198.4,676.1,2.68,196.0
2021,2,8,Punjab,221.1,833.9,2.72,401.0
2021,2,8,Sindh,183.0,673.4,2.66,183.0
2021,2,9,Punjab,225.9,872.3,2.67,404.0
2021,2,9,Sindh,191.2,680.7,2.65,192.0
2021,2,10,Punjab,211.3,793.0,2.63,391.0
2021,2,10,Sindh,195.3,683.6,2.63,180.0
2021,2,11,Punjab,221.6,815.4,2.69,391.0
2021,2,11,Sindh,200.3,717.4,2.66,183.0
2021,2,12,Punjab,220.9,850.6,2.56,402.0
2021,2,12,Sindh,191.9,707.0,2.64,185.0
2021,2,13,Punjab,225.6,862.6,2.73,412.0
2021,2,13,Sindh,185.0,625.9,2.64,156.0
2021,2,14,Punjab,213.1,816.3,2.73,385.0
2021,2,14,Sindh,197.5,687.8,2.63,198.0
2021,2,15,Punjab,201.6,778.4,2.72,363.0
2021,2,15,Sindh,191.2,633.7,2.65,176.0
2021,2,16,Punjab,216.6,832.0,2.72,396.0
2021,2,16,Sindh,188.5,662.7,2.66,178.0
2021,2,17,Punjab,207.9,790.7,2.66,390.0
2021,2,17,Sindh,191.4,675.3,2.66,188.0
2021,2,18,Punjab,210.3,847.0,2.66,391.0
2021,2,18,Sindh,193.6,677.0,2.65,187.0
2021,2,19,Punjab,213.7,786.5,2.61,378.0
2021,2,19,Sindh,191.5,660.5,2.68,186.0
2021,2,20,Punjab,213.5,799.5,2.75,398.0
2021,2,20,Sindh,183.6,611.7,2.66,176.0
2021,2,21,Punjab,217.4,845.4,2.64,395.0
2021,2,21,Sindh,199.1,702.5,2.64,192.0
2021,2,22,Punjab,221.9,846.2,2.69,397.0
2021,2,22,Sindh,201.0,725.4,2.66,195.0
2021,2,23,Punjab,213.4,826.1,2.68,389.0
2021,2,23,Sindh,197.9,683.9,2.7,194.0
2021,2,24,Punjab,219.6,837.8,2.6,383.0
2021,2,24,Sindh,189.0,668.2,2.67,189.0
2021,2,25,Punjab,216.6,850.5,2.58,383.0
2021,2,25,Sindh,193.7,654.5,2.65,183.0
2021,2,26,Punjab,224.0,831.0,2.67,377.0
2021,2,26,Sindh,194.7,688.4,2.63,201.0
2021,2,27,Punjab,215.0,844.0,2.65,394.0
2021,2,27,Sindh,197.8,686.4,2.66,188.0
2021,2,28,Punjab,216.0,844.1,2.67,397.0
2021,2,28,Sindh,198.2,682.2,2.67,185.0
2021,3,1,Punjab,213.7,787.7,2.73,378.0
2021,3,1,Sindh,191.2,657.8,2.65,186.0
2021,3,2,Punjab,215.4,831.2,2.68,379.0
2021,3,2,Sindh,195.3,677.7,2.63,185.0
2021,3,3,Punjab,210.5,799.0,2.71,382.0
2021,3,3,Sindh,197.2,696.0,2.64,196.0
2021,3,4,Punjab,209.8,784.9,2.7,368.0
2021,3,4,Sindh,202.2,688.2,2.69,188.0
2021,3,5,Punjab,223.1,809.9,2.66,373.0
2021,3,5,Sindh,198.5,688.8,2.69,191.0
2021,3,6,Punjab,208.2,771.1,2.63,324.0
2021,3,6,Sindh,199.0,695.8,2.64,204.0
2021,3,7,Punjab,214.4,828.9,2.69,369.0
2021,3,7,Sindh,195.5,667.7,2.68,186.0
2021,3,8,Punjab,225.1,871.8,2.68,376.0
2021,3,8,Sindh,202.1,734.4,2.64,200.0
2021,3,9,Punjab,214.2,809.9,2.72,375.0
2021,3,9,Sindh,197.2,677.3,2.69,197.0
2021,3,10,Punjab,223.7,866.6,2.67,387.0
2021,3,10,Sindh,190.8,657.9,2.67,181.0
2021,3,11,Punjab,212.4,826.2,2.66,360.0
2021,3,11,Sindh,202.2,693.0,2.68,192.0
2021,3,12,Punjab,208.8,796.6,2.67,363.0
2021,3,12,Sindh,198.7,722.4,2.63,205.0
2021,3,13,Punjab,204.5,762.7,2.63,332.0
2021,3,13,Sindh,193.0,683.9,2.68,198.0
2021,3,14,Punjab,227.8,874.6,2.75,375.0
2021,3,14,Sindh,192.9,661.0,2.66,194.0
2021,3,15,Punjab,208.3,801.2,2.74,352.0
2021,3,15,Sindh,196.8,705.4,2.68,195.0
2021,3,16,Punjab,223.4,862.4,2.62,382.0
2021,3,16,Sindh,197.7,694.8,2.68,200.0
2021,3,17,Punjab,209.5,813.3,2.72,374.0
2021,3,17,Sindh,196.4,691.1,2.67,194.0
2021,3,18,Punjab,228.1,839.4,2.59,360.0
2021,3,18,Sindh,197.0,684.2,2.65,191.0
2021,3,19,Punjab,235.2,883.7,2.73,396.0
2021,3,19,Sindh,203.9,702.5,2.68,206.0
2021,3,20,Punjab,204.1,737.8,2.65,329.0
2021,3,20,Sindh,200.8,707.9,2.66,198.0
2021,3,21,Punjab,209.0,809.2,2.7,356.0
2021,3,21,Sindh,196.5,679.4,2.65,195.0
2021,3,22,Punjab,223.9,846.6,2.59,363.0
2021,3,22,Sindh,200.2,728.1,2.65,207.0
2021,3,23,Punjab,221.9,851.8,2.63,363.0
2021,3,23,Sindh,190.4,647.4,2.64,181.0
2021,3,24,Punjab,224.1,821.9,2.71,358.0
2021,3,24,Sindh,197.6,714.6,2.66,208.0
2021,3,25,Punjab,213.3,838.5,2.65,365.0
2021,3,25,Sindh,204.7,714.7,2.69,207.0
2021,3,26,Punjab,233.8,864.7,2.65,357.0
2021,3,26,Sindh,194.6,685.5,2.67,187.0
2021,3,27,Punjab,218.9,847.4,2.76,358.0
2021,3,27,Sindh,191.4,682.6,2.66,198.0
2021,3,28,Punjab,208.3,793.9,2.8,357.0
2021,3,28,Sindh,192.5,664.1,2.68,188.0
2021,3,29,Punjab,216.1,817.3,2.74,348.0
2021,3,29,Sindh,190.3,679.0,2.65,201.0
2021,3,30,Punjab,208.5,787.0,2.63,336.0
2021,3,30,Sindh,191.9,630.9,2.67,177.0
2021,3,31,Punjab,230.9,864.7,2.78,372.0
2021,3,31,Sindh,194.0,668.1,2.66,192.0
2021,4,1,Punjab,213.0,835.2,2.61,342.0
2021,4,1,Sindh,188.8,647.0,2.68,191.0
2021,4,2,Punjab,222.2,844.8,2.68,349.0
2021,4,2,Sindh,196.0,667.0,2.64,194.0
2021,4,3,Punjab,214.6,790.0,2.69,338.0
2021,4,3,Sindh,200.4,698.2,2.65,206.0
2021,4,4,Punjab,213.5,803.5,2.79,347.0
2021,4,4,Sindh,191.4,675.7,2.64,189.0
2021,4,5,Punjab,203.2,774.6,2.74,298.0
2021,4,5,Sindh,203.6,723.0,2.66,217.0
2021,4,6,Punjab,223.3,866.4,2.67,344.0
2021,4,6,Sindh,198.6,698.6,2.69,206.0
2021,4,7,Punjab,228.9,857.9,2.65,337.0
2021,4,7,Sindh,201.2,694.2,2.66,209.0
2021,4,8,Punjab,211.3,792.1,2.74,323.0
2021,4,8,Sindh,192.8,680.2,2.66,203.0
2021,4,9,Punjab,206.3,784.4,2.67,310.0
2021,4,9,Sindh,200.4,703.2,2.69,205.0
2021,4,10,Punjab,225.1,873.0,2.71,356.0
2021,4,10,Sindh,190.7,681.4,2.69,194.0
2021,4,11,Punjab,205.6,753.9,2.63,306.0
2021,4,11,Sindh,200.6,713.8,2.67,205.0
2021,4,12,Punjab,228.6,878.7,2.73,357.0
2021,4,12,Sindh,197.0,690.1,2.69,211.0
2021,4,13,Punjab,211.6,794.9,2.72,327.0
2021,4,13,Sindh,199.0,683.0,2.65,208.0
2021,4,14,Punjab,210.1,791.8,2.64,321.0
2021,4,14,Sindh,190.4,656.5,2.7,192.0
2021,4,15,Punjab,221.0,879.6,2.75,342.0
2021,4,15,Sindh,191.8,663.1,2.72,183.0
2021,4,16,Punjab,210.7,796.8,2.73,315.0
2021,4,16,Sindh,199.3,692.8,2.68,203.0
2021,4,17,Punjab,213.4,826.0,2.74,319.0
2021,4,17,Sindh,191.6,674.6,2.63,198.0
2021,4,18,Punjab,221.9,857.8,2.68,319.0
2021,4,18,Sindh,198.7,706.2,2.66,207.0
2021,4,19,Punjab,199.7,735.4,2.71,298.0
2021,4,19,Sindh,189.6,662.7,2.69,200.0
2021,4,20,Punjab,232.4,846.1,2.7,325.0
2021,4,20,Sindh,200.7,702.6,2.66,212.0
2021,4,21,Punjab,219.6,851.0,2.69,311.0
2021,4,21,Sindh,190.3,668.2,2.7,204.0
2021,4,22,Punjab,209.0,772.4,2.71,303.0
2021,4,22,Sindh,199.3,689.7,2.69,207.0
2021,4,23,Punjab,211.2,769.4,2.77,294.0
2021,4,23,Sindh,199.7,684.9,2.66,195.0
2021,4,24,Punjab,227.4,884.5,2.76,314.0
2021,4,24,Sindh,193.1,649.5,2.67,194.0
2021,4,25,Punjab,224.3,831.9,2.65,299.0
2021,4,25,Sindh,199.5,687.9,2.66,216.0
2021,4,26,Punjab,230.6,860.9,2.75,317.0
2021,4,26,Sindh,197.9,699.9,2.67,210.0
2021,4,27,Punjab,214.1,853.1,2.77,322.0
2021,4,27,Sindh,194.0,668.3,2.66,202.0
2021,4,28,Punjab,222.0,810.4,2.7,310.0
2021,4,28,Sindh,191.7,667.2,2.7,203.0
2021,4,29,Punjab,223.1,822.6,2.73,313.0
2021,4,29,Sindh,186.9,661.2,2.72,202.0
2021,4,30,Punjab,225.3,846.9,2.73,319.0
2021,4,30,Sindh,198.5,702.6,2.65,198.0
2021,5,1,Punjab,228.8,864.6,2.67,317.0
2021,5,1,Sindh,189.0,645.2,2.64,194.0
2021,5,2,Punjab,214.1,795.7,2.69,309.0
2021,5,2,Sindh,197.3,705.5,2.67,211.0
2021,5,3,Punjab,219.0,808.9,2.75,303.0
2021,5,3,Sindh,195.5,701.3,2.65,216.0
2021,5,4,Punjab,215.1,847.4,2.68,310.0
2021,5,4,Sindh,200.3,684.0,2.68,206.0
2021,5,5,Punjab,219.6,839.6,2.76,310.0
2021,5,5,Sindh,195.4,671.6,2.69,195.0
2021,5,6,Punjab,225.6,869.1,2.78,310.0
2021,5,6,Sindh,195.3,701.4,2.71,213.0
2021,5,7,Punjab,206.9,783.3,2.77,282.0
2021,5,7,Sindh,200.6,700.0,2.68,207.0
2021,5,8,Punjab,229.0,876.1,2.81,293.0
2021,5,8,Sindh,198.7,662.1,2.67,195.0
2021,5,9,Punjab,211.1,820.8,2.71,288.0
2021,5,9,Sindh,198.6,674.2,2.64,200.0
2021,5,10,Punjab,217.8,807.7,2.72,304.0
2021,5,10,Sindh,199.4,694.2,2.68,213.0
2021,5,11,Punjab,230.2,880.2,2.73,312.0
2021,5,11,Sindh,189.4,645.6,2.68,204.0
2021,5,12,Punjab,223.0,861.2,2.71,304.0
2021,5,12,Sindh,200.9,697.0,2.69,214.0
2021,5,13,Punjab,223.1,878.7,2.74,318.0
2021,5,13,Sindh,200.2,701.3,2.66,215.0
2021,5,14,Punjab,211.0,840.8,2.63,296.0
2021,5,14,Sindh,192.1,694.3,2.67,213.0
2021,5,15,Punjab,212.1,807.6,2.73,273.0
2021,5,15,Sindh,196.0,681.7,2.65,208.0
2021,5,16,Punjab,228.1,889.5,2.65,307.0
2021,5,16,Sindh,197.1,705.8,2.63,217.0
2021,5,17,Punjab,215.9,767.0,2.67,252.0
2021,5,17,Sindh,196.6,709.6,2.66,203.0
2021,5,18,Punjab,216.7,854.5,2.75,296.0
2021,5,18,Sindh,199.0,718.0,2.65,218.0
2021,5,19,Punjab,228.4,853.5,2.71,283.0
2021,5,19,Sindh,204.5,720.1,2.69,213.0
2021,5,20,Punjab,212.4,802.1,2.75,283.0
2021,5,20,Sindh,202.8,680.3,2.67,214.0
2021,5,21,Punjab,223.0,856.1,2.71,285.0
2021,5,21,Sindh,190.9,674.9,2.67,206.0
2021,5,22,Punjab,221.2,837.5,2.78,276.0
2021,5,22,Sindh,200.6,717.7,2.66,218.0
2021,5,23,Punjab,220.9,843.3,2.71,283.0
2021,5,23,Sindh,204.1,713.2,2.62,209.0
2021,5,24,Punjab,216.8,855.7,2.62,290.0
2021,5,24,Sindh,199.4,724.2,2.71,225.0
2021,5,25,Punjab,216.4,814.5,2.73,260.0
2021,5,25,Sindh,203.0,723.4,2.66,223.0
2021,5,26,Punjab,212.4,785.5,2.61,254.0
2021,5,26,Sindh,207.6,735.3,2.67,226.0
2021,5,27,Punjab,225.0,891.2,2.65,297.0
2021,5,27,Sindh,202.7,725.8,2.65,216.0
2021,5,28,Punjab,215.8,830.7,2.68,287.0
2021,5,28,Sindh,198.9,701.1,2.7,211.0
2021,5,29,Punjab,229.0,908.5,2.67,275.0
2021,5,29,Sindh,202.9,672.8,2.69,209.0
2021,5,30,Punjab,219.5,851.3,2.7,286.0
2021,5,30,Sindh,198.4,687.0,2.67,208.0
2021,5,31,Punjab,212.9,782.4,2.67,250.0
2021,5,31,Sindh,197.9,710.5,2.68,220.0
2021,6,1,Punjab,219.5,846.9,2.66,271.0
2021,6,1,Sindh,196.0,673.9,2.72,198.0
2021,6,2,Punjab,218.1,809.2,2.8,257.0
2021,6,2,Sindh,205.6,716.3,2.68,217.0
2021,6,3,Punjab,229.5,872.4,2.69,280.0
2021,6,3,Sindh,193.7,662.4,2.68,215.0
2021,6,4,Punjab,218.6,829.1,2.62,272.0
2021,6,4,Sindh,205.5,746.1,2.67,229.0
2021,6,5,Punjab,219.4,801.2,2.71,252.0
2021,6,5,Sindh,200.4,726.6,2.65,223.0
2021,6,6,Punjab,232.9,868.8,2.67,296.0
2021,6,6,Sindh,190.9,655.0,2.68,214.0
2021,6,7,Punjab,225.7,901.9,2.68,297.0
2021,6,7,Sindh,199.8,701.5,2.69,204.0
2021,6,8,Punjab,235.0,897.9,2.77,291.0
2021,6,8,Sindh,187.5,646.0,2.71,198.0
2021,6,9,Punjab,231.9,877.5,2.71,279.0
2021,6,9,Sindh,201.1,713.2,2.64,217.0
2021,6,10,Punjab,214.7,852.3,2.67,282.0
2021,6,10,Sindh,202.5,716.3,2.66,224.0
2021,6,11,Punjab,229.8,865.3,2.75,289.0
2021,6,11,Sindh,195.1,695.1,2.67,219.0
2021,6,12,Punjab,234.1,887.9,2.79,272.0
2021,6,12,Sindh,198.7,700.5,2.69,212.0
2021,6,13,Punjab,234.3,910.0,2.76,283.0
2021,6,13,Sindh,207.9,771.7,2.68,239.0
2021,6,14,Punjab,229.9,865.8,2.61,278.0
2021,6,14,Sindh,195.7,669.4,2.68,207.0
2021,6,15,Punjab,229.8,858.4,2.68,279.0
2021,6,15,Sindh,192.9,649.5,2.69,210.0
2021,6,16,Punjab,219.7,789.9,2.74,243.0
2021,6,16,Sindh,205.7,713.9,2.67,215.0
2021,6,17,Punjab,215.5,800.2,2.72,241.0
2021,6,17,Sindh,208.1,704.8,2.71,217.0
2021,6,18,Punjab,219.4,814.9,2.72,254.0
2021,6,18,Sindh,198.3,671.7,2.7,207.0
2021,6,19,Punjab,209.0,797.3,2.69,261.0
2021,6,19,Sindh,203.4,696.9,2.68,221.0
2021,6,20,Punjab,233.1,873.5,2.67,272.0
2021,6,20,Sindh,205.1,703.9,2.72,215.0
2021,6,21,Punjab,220.1,879.7,2.84,263.0
2021,6,21,Sindh,194.7,667.1,2.72,209.0
2021,6,22,Punjab,232.8,863.4,2.74,269.0
2021,6,22,Sindh,196.0,693.8,2.71,218.0
2021,6,23,Punjab,212.7,836.1,2.77,266.0
2021,6,23,Sindh,204.6,708.6,2.63,221.0
2021,6,24,Punjab,231.2,883.0,2.74,273.0
2021,6,24,Sindh,206.9,721.5,2.72,227.0
2021,6,25,Punjab,218.6,847.0,2.74,274.0
2021,6,25,Sindh,201.3,718.1,2.7,223.0
2021,6,26,Punjab,212.4,822.0,2.74,261.0
2021,6,26,Sindh,194.2,668.1,2.73,207.0
2021,6,27,Punjab,235.7,851.4,2.68,260.0
2021,6,27,Sindh,208.5,725.9,2.71,222.0
2021,6,28,Punjab,231.6,879.9,2.67,271.0
2021,6,28,Sindh,196.0,691.4,2.72,215.0
2021,6,29,Punjab,224.5,847.9,2.76,242.0
2021,6,29,Sindh,197.0,660.3,2.71,208.0
2021,6,30,Punjab,223.1,825.3,2.75,264.0
2021,6,30,Sindh,200.4,665.6,2.72,208.0
2021,7,1,Punjab,226.4,869.6,2.79,264.0
2021,7,1,Sindh,206.5,727.9,2.73,224.0
2021,7,2,Punjab,224.5,887.5,2.78,270.0
2021,7,2,Sindh,203.0,717.9,2.69,214.0
2021,7,3,Punjab,216.7,769.9,2.7,226.0
2021,7,3,Sindh,200.9,734.0,2.66,228.0
2021,7,4,Punjab,219.8,824.4,2.8,256.0
2021,7,4,Sindh,201.1,706.3,2.68,219.0
2021,7,5,Punjab,238.8,882.5,2.78,260.0
2021,7,5,Sindh,199.1,709.0,2.7,224.0
2021,7,6,Punjab,244.5,930.7,2.78,278.0
2021,7,6,Sindh,201.7,702.9,2.69,218.0
2021,7,7,Punjab,235.7,889.2,2.86,274.0
2021,7,7,Sindh,186.3,656.4,2.67,197.0
2021,7,8,Punjab,227.1,850.9,2.85,255.0
2021,7,8,Sindh,197.5,716.1,2.66,219.0
2021,7,9,Punjab,220.6,852.2,2.78,263.0
2021,7,9,Sindh,200.2,668.8,2.68,208.0
2021,7,10,Punjab,217.0,857.3,2.78,256.0
2021,7,10,Sindh,193.2,682.6,2.71,216.0
2021,7,11,Punjab,217.6,880.0,2.8,286.0
2021,7,11,Sindh,201.0,735.4,2.72,215.0
2021,7,12,Punjab,219.1,817.6,2.72,254.0
2021,7,12,Sindh,198.0,697.4,2.71,216.0
2021,7,13,Punjab,240.7,878.4,2.72,275.0
2021,7,13,Sindh,207.9,752.3,2.71,232.0
2021,7,14,Punjab,238.0,915.7,2.78,276.0
2021,7,14,Sindh,207.0,715.0,2.69,217.0
2021,7,15,Punjab,229.6,904.7,2.71,301.0
2021,7,15,Sindh,196.8,688.4,2.66,214.0
2021,7,16,Punjab,216.0,837.1,2.78,250.0
2021,7,16,Sindh,198.4,695.0,2.68,212.0
2021,7,17,Punjab,230.9,909.5,2.76,273.0
2021,7,17,Sindh,198.9,662.7,2.69,203.0
2021,7,18,Punjab,221.9,838.6,2.71,262.0
2021,7,18,Sindh,197.0,672.0,2.68,207.0
2021,7,19,Punjab,206.6,772.9,2.75,234.0
2021,7,19,Sindh,200.3,684.5,2.7,209.0
2021,7,20,Punjab,226.2,861.8,2.82,256.0
2021,7,20,Sindh,195.5,696.7,2.7,219.0
2021,7,21,Punjab,217.2,818.8,2.76,271.0
2021,7,21,Sindh,193.7,691.0,2.71,210.0
2021,7,22,Punjab,217.5,839.9,2.76,266.0
2021,7,22,Sindh,202.5,713.6,2.69,215.0
2021,7,23,Punjab,222.0,863.2,2.77,265.0
2021,7,23,Sindh,202.6,721.3,2.66,230.0
2021,7,24,Punjab,220.1,857.4,2.78,287.0
2021,7,24,Sindh,195.4,681.5,2.69,216.0
2021,7,25,Punjab,223.9,860.9,2.74,272.0
2021,7,25,Sindh,204.0,731.9,2.7,214.0
2021,7,26,Punjab,223.5,854.4,2.78,263.0
2021,7,26,Sindh,196.3,687.4,2.72,209.0
2021,7,27,Punjab,209.2,811.0,2.71,270.0
2021,7,27,Sindh,200.8,703.7,2.69,217.0
2021,7,28,Punjab,236.5,859.3,2.72,271.0
2021,7,28,Sindh,203.7,708.9,2.71,219.0
2021,7,29,Punjab,216.5,826.9,2.73,260.0
2021,7,29,Sindh,199.4,708.3,2.7,210.0
2021,7,30,Punjab,216.8,824.8,2.78,250.0
2021,7,30,Sindh,201.9,700.4,2.7,221.0
2021,7,31,Punjab,221.8,847.2,2.77,263.0
2021,7,31,Sindh,197.1,704.4,2.72,220.0
2021,8,1,Punjab,223.6,848.1,2.75,259.0
2021,8,1,Sindh,198.7,678.5,2.68,212.0
2021,8,2,Punjab,236.2,906.3,2.8,299.0
2021,8,2,Sindh,198.7,679.0,2.69,216.0
2021,8,3,Punjab,226.8,850.2,2.78,249.0
2021,8,3,Sindh,196.0,696.4,2.7,216.0
2021,8,4,Punjab,229.2,893.5,2.75,294.0
2021,8,4,Sindh,198.9,694.9,2.69,215.0
2021,8,5,Punjab,226.9,871.7,2.71,264.0
2021,8,5,Sindh,192.1,665.5,2.71,213.0
2021,8,6,Punjab,226.6,864.2,2.72,270.0
2021,8,6,Sindh,197.4,704.3,2.68,220.0
2021,8,7,Punjab,227.3,849.8,2.69,262.0
2021,8,7,Sindh,198.5,685.5,2.7,206.0
2021,8,8,Punjab,209.4,812.1,2.77,249.0
2021,8,8,Sindh,198.6,692.2,2.7,215.0
2021,8,9,Punjab,222.9,851.2,2.72,275.0
2021,8,9,Sindh,198.7,716.6,2.7,214.0
2021,8,10,Punjab,234.3,875.1,2.74,277.0
2021,8,10,Sindh,199.7,721.9,2.69,221.0
2021,8,11,Punjab,256.6,973.8,2.76,306.0
2021,8,11,Sindh,202.4,732.0,2.69,224.0
2021,8,12,Punjab,215.4,831.3,2.82,266.0
2021,8,12,Sindh,204.4,711.2,2.7,209.0
2021,8,13,Punjab,228.5,879.4,2.81,275.0
2021,8,13,Sindh,196.8,707.4,2.7,214.0
2021,8,14,Punjab,220.6,848.1,2.77,265.0
2021,8,14,Sindh,194.1,665.1,2.7,205.0
2021,8,15,Punjab,241.6,920.0,2.83,283.0
2021,8,15,Sindh,194.9,668.7,2.74,203.0
2021,8,16,Punjab,214.5,835.4,2.67,262.0
2021,8,16,Sindh,197.7,656.8,2.68,203.0
2021,8,17,Punjab,230.3,900.0,2.86,297.0
2021,8,17,Sindh,198.4,719.6,2.7,221.0
2021,8,18,Punjab,214.1,828.4,2.81,268.0
2021,8,18,Sindh,196.4,674.4,2.67,205.0
2021,8,19,Punjab,222.9,835.2,2.78,288.0
2021,8,19,Sindh,193.8,676.4,2.71,207.0
2021,8,20,Punjab,225.2,834.6,2.73,296.0
2021,8,20,Sindh,198.0,679.4,2.68,213.0
2021,8,21,Punjab,234.1,878.7,2.75,282.0
2021,8,21,Sindh,201.2,714.8,2.7,217.0
2021,8,22,Punjab,217.0,863.6,2.8,275.0
2021,8,22,Sindh,203.3,706.0,2.7,214.0
2021,8,23,Punjab,230.9,883.2,2.81,302.0
2021,8,23,Sindh,197.6,672.1,2.71,199.0
2021,8,24,Punjab,225.8,900.7,2.81,301.0
2021,8,24,Sindh,198.4,700.9,2.69,214.0
2021,8,25,Punjab,227.9,863.7,2.74,296.0
2021,8,25,Sindh,195.8,663.9,2.69,203.0
2021,8,26,Punjab,233.5,882.0,2.73,296.0
2021,8,26,Sindh,200.3,688.6,2.73,214.0
2021,8,27,Punjab,215.6,817.7,2.79,269.0
2021,8,27,Sindh,196.3,655.4,2.71,199.0
2021,8,28,Punjab,232.4,881.2,2.82,293.0
2021,8,28,Sindh,203.4,690.6,2.69,198.0
2021,8,29,Punjab,221.4,825.8,2.78,280.0
2021,8,29,Sindh,191.7,673.5,2.7,194.0
2021,8,30,Punjab,234.8,869.1,2.85,291.0
2021,8,30,Sindh,198.8,666.4,2.74,205.0
2021,8,31,Punjab,228.7,879.2,2.78,309.0
2021,8,31,Sindh,202.2,685.3,2.7,203.0
2021,9,1,Punjab,224.4,873.9,2.78,283.0
2021,9,1,Sindh,201.6,705.6,2.69,212.0
2021,9,2,Punjab,221.4,890.4,2.81,315.0
2021,9,2,Sindh,214.2,741.5,2.69,220.0
2021,9,3,Punjab,232.8,875.9,2.84,281.0
2021,9,3,Sindh,202.5,738.6,2.69,217.0
2021,9,4,Punjab,236.3,891.1,2.71,306.0
2021,9,4,Sindh,195.8,712.6,2.69,211.0
2021,9,5,Punjab,222.0,828.4,2.73,280.0
2021,9,5,Sindh,200.3,688.1,2.68,201.0
2021,9,6,Punjab,217.3,848.2,2.77,277.0
2021,9,6,Sindh,192.0,680.2,2.68,203.0
2021,9,7,Punjab,232.0,897.8,2.94,293.0
2021,9,7,Sindh,200.5,712.9,2.69,208.0
2021,9,8,Punjab,214.9,799.0,2.77,266.0
2021,9,8,Sindh,196.7,679.6,2.72,201.0
2021,9,9,Punjab,216.1,803.0,2.78,281.0
2021,9,9,Sindh,205.5,696.9,2.7,205.0
2021,9,10,Punjab,218.1,847.7,2.82,291.0
2021,9,10,Sindh,198.2,693.6,2.7,204.0
2021,9,11,Punjab,223.3,856.2,2.83,291.0
2021,9,11,Sindh,200.4,698.9,2.73,211.0
2021,9,12,Punjab,216.0,835.9,2.79,309.0
2021,9,12,Sindh,197.9,685.9,2.73,203.0
2021,9,13,Punjab,211.2,785.0,2.84,267.0
2021,9,13,Sindh,209.8,740.8,2.7,221.0
2021,9,14,Punjab,217.7,789.7,2.73,287.0
2021,9,14,Sindh,199.5,686.9,2.7,210.0
2021,9,15,Punjab,232.0,864.0,2.75,299.0
2021,9,15,Sindh,210.3,718.7,2.69,214.0
2021,9,16,Punjab,216.7,837.2,2.85,290.0
2021,9,16,Sindh,205.2,719.9,2.72,213.0
2021,9,17,Punjab,224.2,894.2,2.79,316.0
2021,9,17,Sindh,203.6,718.4,2.7,211.0
2021,9,18,Punjab,242.6,913.1,2.73,335.0
2021,9,18,Sindh,203.1,693.1,2.7,207.0
2021,9,19,Punjab,226.6,906.7,2.72,314.0
2021,9,19,Sindh,203.2,725.2,2.69,211.0
2021,9,20,Punjab,229.8,889.9,2.75,326.0
2021,9,20,Sindh,191.6,644.2,2.69,195.0
2021,9,21,Punjab,219.6,806.5,2.79,287.0
2021,9,21,Sindh,199.9,691.0,2.72,205.0
2021,9,22,Punjab,244.5,933.4,2.81,335.0
2021,9,22,Sindh,205.6,715.6,2.68,206.0
2021,9,23,Punjab,222.9,864.3,2.78,323.0
2021,9,23,Sindh,201.1,694.4,2.73,207.0
2021,9,24,Punjab,225.5,808.3,2.81,323.0
2021,9,24,Sindh,194.4,671.9,2.7,197.0
2021,9,25,Punjab,237.9,916.8,2.77,331.0
2021,9,25,Sindh,201.2,732.2,2.71,211.0
2021,9,26,Punjab,225.9,882.0,2.85,337.0
2021,9,26,Sindh,210.0,722.2,2.68,206.0
2021,9,27,Punjab,227.8,873.7,2.92,327.0
2021,9,27,Sindh,207.7,763.7,2.71,219.0
2021,9,28,Punjab,225.2,854.7,2.78,317.0
2021,9,28,Sindh,201.2,710.8,2.7,210.0
2021,9,29,Punjab,225.3,852.9,2.82,334.0
2021,9,29,Sindh,206.3,723.5,2.71,212.0
2021,9,30,Punjab,230.6,871.5,2.82,323.0
2021,9,30,Sindh,199.8,706.3,2.74,206.0
2021,10,1,Punjab,232.1,858.4,2.8,316.0
2021,10,1,Sindh,193.1,713.8,2.72,208.0
2021,10,2,Punjab,222.6,832.0,2.83,325.0
2021,10,2,Sindh,197.0,674.7,2.7,201.0
2021,10,3,Punjab,221.6,833.8,2.82,338.0
2021,10,3,Sindh,209.5,716.5,2.7,204.0
2021,10,4,Punjab,222.9,849.4,2.77,336.0
2021,10,4,Sindh,200.4,689.9,2.72,193.0
2021,10,5,Punjab,216.6,812.1,2.86,304.0
2021,10,5,Sindh,200.5,702.4,2.74,208.0
2021,10,6,Punjab,215.2,800.3,2.81,308.0
2021,10,6,Sindh,200.3,675.1,2.72,192.0
2021,10,7,Punjab,230.3,890.5,2.78,357.0
2021,10,7,Sindh,211.3,740.0,2.73,207.0
2021,10,8,Punjab,235.5,902.4,2.92,370.0
2021,10,8,Sindh,210.0,760.3,2.73,206.0
2021,10,9,Punjab,235.0,882.3,2.8,349.0
2021,10,9,Sindh,213.0,747.7,2.74,215.0
2021,10,10,Punjab,209.1,804.5,2.81,316.0
2021,10,10,Sindh,201.1,699.5,2.68,191.0
2021,10,11,Punjab,226.2,850.5,2.81,355.0
2021,10,11,Sindh,203.4,702.7,2.73,196.0
2021,10,12,Punjab,219.4,835.0,2.8,334.0
2021,10,12,Sindh,194.4,693.9,2.73,200.0
2021,10,13,Punjab,229.4,891.3,2.83,350.0
2021,10,13,Sindh,209.4,720.5,2.69,207.0
2021,10,14,Punjab,225.0,842.8,2.76,332.0
2021,10,14,Sindh,196.2,714.4,2.7,199.0
2021,10,15,Punjab,233.1,862.4,2.83,337.0
2021,10,15,Sindh,203.2,740.1,2.7,207.0
2021,10,16,Punjab,228.3,864.5,2.72,378.0
2021,10,16,Sindh,196.6,692.0,2.7,191.0
2021,10,17,Punjab,213.3,783.3,2.74,337.0
2021,10,17,Sindh,199.2,697.0,2.71,194.0
2021,10,18,Punjab,220.8,833.5,2.9,337.0
2021,10,18,Sindh,198.0,708.4,2.72,201.0
2021,10,19,Punjab,228.6,863.2,2.74,371.0
2021,10,19,Sindh,199.2,713.5,2.73,198.0
2021,10,20,Punjab,229.4,822.3,2.71,345.0
2021,10,20,Sindh,199.5,686.3,2.74,192.0
2021,10,21,Punjab,217.4,836.9,2.75,352.0
2021,10,21,Sindh,199.5,690.4,2.7,187.0
2021,10,22,Punjab,216.4,818.8,2.9,337.0
2021,10,22,Sindh,206.5,702.8,2.7,203.0
2021,10,23,Punjab,229.2,894.7,2.72,364.0
2021,10,23,Sindh,196.8,695.0,2.74,198.0
2021,10,24,Punjab,217.6,831.2,2.76,349.0
2021,10,24,Sindh,203.5,722.1,2.73,206.0
2021,10,25,Punjab,215.5,833.8,2.74,331.0
2021,10,25,Sindh,208.5,709.4,2.72,205.0
2021,10,26,Punjab,225.4,880.2,2.8,365.0
2021,10,26,Sindh,199.9,692.7,2.73,190.0
2021,10,27,Punjab,225.1,852.7,2.79,361.0
2021,10,27,Sindh,198.9,675.8,2.72,187.0
2021,10,28,Punjab,222.0,843.6,2.79,372.0
2021,10,28,Sindh,201.3,691.2,2.73,183.0
2021,10,29,Punjab,223.5,817.7,2.91,347.0
2021,10,29,Sindh,208.4,737.7,2.71,220.0
2021,10,30,Punjab,229.3,896.0,2.75,388.0
2021,10,30,Sindh,203.5,701.3,2.72,194.0
2021,10,31,Punjab,223.4,846.1,2.81,344.0
2021,10,31,Sindh,199.9,695.2,2.69,198.0
2021,11,1,Punjab,229.8,853.2,2.83,380.0
2021,11,1,Sindh,205.0,693.2,2.71,186.0
2021,11,2,Punjab,226.3,874.6,2.77,367.0
2021,11,2,Sindh,197.1,692.8,2.71,197.0
2021,11,3,Punjab,230.7,833.0,2.84,365.0
2021,11,3,Sindh,206.1,720.6,2.71,208.0
2021,11,4,Punjab,236.4,889.8,2.8,389.0
2021,11,4,Sindh,204.8,705.7,2.7,194.0
2021,11,5,Punjab,236.2,915.6,2.84,398.0
2021,11,5,Sindh,201.2,701.4,2.71,188.0
2021,11,6,Punjab,239.8,902.5,2.81,391.0
2021,11,6,Sindh,198.6,697.7,2.69,192.0
2021,11,7,Punjab,236.3,883.4,2.72,373.0
2021,11,7,Sindh,198.4,682.1,2.73,177.0
2021,11,8,Punjab,231.5,871.4,2.88,376.0
2021,11,8,Sindh,205.5,697.1,2.72,192.0
2021,11,9,Punjab,226.2,819.3,2.92,378.0
2021,11,9,Sindh,209.0,758.6,2.69,211.0
2021,11,10,Punjab,226.6,875.4,2.81,381.0
2021,11,10,Sindh,199.7,689.5,2.71,189.0
2021,11,11,Punjab,222.7,844.0,2.78,376.0
2021,11,11,Sindh,205.2,716.8,2.73,195.0
2021,11,12,Punjab,229.9,868.0,2.9,373.0
2021,11,12,Sindh,192.5,689.0,2.71,192.0
2021,11,13,Punjab,235.4,889.3,2.92,406.0
2021,11,13,Sindh,200.1,753.2,2.71,208.0
2021,11,14,Punjab,224.1,851.9,2.81,371.0
2021,11,14,Sindh,202.9,691.4,2.72,181.0
2021,11,15,Punjab,229.7,885.8,2.81,406.0
2021,11,15,Sindh,198.5,701.5,2.73,192.0
2021,11,16,Punjab,224.6,852.5,2.82,376.0
2021,11,16,Sindh,198.4,683.8,2.69,199.0
2021,11,17,Punjab,231.8,853.4,2.74,397.0
2021,11,17,Sindh,199.8,691.2,2.73,182.0
2021,11,18,Punjab,225.7,869.3,2.81,394.0
2021,11,18,Sindh,204.6,705.4,2.71,192.0
2021,11,19,Punjab,224.3,862.2,2.91,389.0
2021,11,19,Sindh,202.3,691.0,2.72,198.0
2021,11,20,Punjab,224.8,858.3,2.82,409.0
2021,11,20,Sindh,192.0,671.5,2.72,189.0
2021,11,21,Punjab,234.3,911.9,2.77,411.0
2021,11,21,Sindh,192.6,652.1,2.71,176.0
2021,11,22,Punjab,229.6,872.9,2.85,397.0
2021,11,22,Sindh,200.2,715.1,2.7,195.0
2021,11,23,Punjab,227.0,884.7,2.79,414.0
2021,11,23,Sindh,205.6,720.4,2.72,195.0
2021,11,24,Punjab,232.5,911.8,2.82,401.0
2021,11,24,Sindh,189.6,670.0,2.76,179.0
2021,11,25,Punjab,227.2,874.9,2.77,378.0
2021,11,25,Sindh,200.9,696.1,2.7,188.0
2021,11,26,Punjab,239.6,895.3,2.78,423.0
2021,11,26,Sindh,200.8,697.2,2.76,188.0
2021,11,27,Punjab,222.8,844.0,2.87,387.0
2021,11,27,Sindh,210.4,740.7,2.72,200.0
2021,11,28,Punjab,229.1,895.5,2.84,423.0
2021,11,28,Sindh,201.5,688.0,2.73,183.0
2021,11,29,Punjab,219.5,804.0,2.79,383.0
2021,11,29,Sindh,205.4,713.6,2.7,186.0
2021,11,30,Punjab,228.0,858.5,2.84,391.0
2021,11,30,Sindh,204.2,702.0,2.71,189.0
2021,12,1,Punjab,217.4,819.1,2.8,396.0
2021,12,1,Sindh,192.9,661.8,2.72,188.0
2021,12,2,Punjab,236.8,882.6,2.79,409.0
2021,12,2,Sindh,207.4,694.4,2.71,188.0
2021,12,3,Punjab,237.0,918.2,2.89,417.0
2021,12,3,Sindh,204.7,736.6,2.72,196.0
2021,12,4,Punjab,237.2,909.0,2.87,414.0
2021,12,4,Sindh,206.2,711.4,2.72,195.0
2021,12,5,Punjab,231.2,864.5,2.83,392.0
2021,12,5,Sindh,223.3,799.1,2.76,213.0
2021,12,6,Punjab,224.0,863.4,2.84,414.0
2021,12,6,Sindh,193.3,692.6,2.7,196.0
2021,12,7,Punjab,224.7,850.7,2.84,397.0
2021,12,7,Sindh,212.4,724.0,2.73,194.0
2021,12,8,Punjab,243.4,907.1,2.86,427.0
2021,12,8,Sindh,202.4,691.9,2.73,190.0
2021,12,9,Punjab,242.7,908.0,2.8,425.0
2021,12,9,Sindh,205.3,756.8,2.71,198.0
2021,12,10,Punjab,232.2,891.2,2.88,414.0
2021,12,10,Sindh,203.6,739.0,2.74,201.0
2021,12,11,Punjab,227.2,882.1,2.86,405.0
2021,12,11,Sindh,201.8,705.7,2.72,191.0
2021,12,12,Punjab,242.3,911.1,2.83,456.0
2021,12,12,Sindh,201.1,707.6,2.68,189.0
2021,12,13,Punjab,225.9,869.2,2.81,416.0
2021,12,13,Sindh,205.6,710.1,2.74,188.0
2021,12,14,Punjab,233.3,918.2,2.88,454.0
2021,12,14,Sindh,196.4,693.9,2.71,183.0
2021,12,15,Punjab,242.3,895.7,2.83,439.0
2021,12,15,Sindh,207.8,716.4,2.71,193.0
2021,12,16,Punjab,224.9,861.7,2.81,413.0
2021,12,16,Sindh,202.0,676.4,2.74,185.0
2021,12,17,Punjab,238.3,922.0,2.82,440.0
2021,12,17,Sindh,198.4,674.7,2.72,181.0
2021,12,18,Punjab,235.8,894.3,2.88,431.0
2021,12,18,Sindh,201.9,706.8,2.75,191.0
2021,12,19,Punjab,231.4,904.1,2.76,450.0
2021,12,19,Sindh,210.4,719.5,2.76,192.0
2021,12,20,Punjab,223.8,894.5,2.83,438.0
2021,12,20,Sindh,201.5,704.2,2.72,189.0
2021,12,21,Punjab,226.0,865.8,2.9,413.0
2021,12,21,Sindh,206.0,704.9,2.75,188.0
2021,12,22,Punjab,234.2,885.3,2.84,431.0
2021,12,22,Sindh,200.6,690.3,2.72,185.0
2021,12,23,Punjab,220.5,857.6,2.86,427.0
2021,12,23,Sindh,208.1,741.0,2.78,212.0
2021,12,24,Punjab,233.0,902.4,2.9,424.0
2021,12,24,Sindh,207.7,730.8,2.72,196.0
2021,12,25,Punjab,236.4,847.8,2.89,422.0
2021,12,25,Sindh,213.6,747.4,2.75,203.0
2021,12,26,Punjab,240.0,911.8,2.82,452.0
2021,12,26,Sindh,203.5,725.4,2.75,196.0
2021,12,27,Punjab,221.0,831.7,2.84,402.0
2021,12,27,Sindh,207.7,734.3,2.74,195.0
2021,12,28,Punjab,242.7,930.3,2.89,439.0
2021,12,28,Sindh,204.9,738.9,2.72,203.0
2021,12,29,Punjab,245.8,930.2,2.9,459.0
2021,12,29,Sindh,210.9,731.4,2.73,194.0
2021,12,30,Punjab,235.6,893.5,2.84,430.0
2021,12,30,Sindh,200.9,696.7,2.69,191.0
2021,12,31,Punjab,224.0,834.1,2.85,403.0
2021,12,31,Sindh,208.2,709.4,2.74,188.0
2022,1,1,Punjab,229.8,887.8,2.86,441.0
2022,1,1,Sindh,203.6,706.1,2.74,184.0
2022,1,2,Punjab,232.1,915.0,2.92,449.0
2022,1,2,Sindh,204.3,729.4,2.74,197.0
2022,1,3,Punjab,234.7,874.8,2.9,430.0
2022,1,3,Sindh,205.1,737.3,2.68,191.0
2022,1,4,Punjab,232.7,856.4,2.89,434.0
2022,1,4,Sindh,205.9,735.1,2.71,199.0
2022,1,5,Punjab,234.9,892.9,2.8,446.0
2022,1,5,Sindh,204.1,687.4,2.72,178.0
2022,1,6,Punjab,231.9,880.8,2.84,430.0
2022,1,6,Sindh,205.8,736.5,2.74,195.0
2022,1,7,Punjab,234.8,915.8,2.84,463.0
2022,1,7,Sindh,212.6,716.6,2.74,185.0
2022,1,8,Punjab,229.1,845.9,2.93,436.0
2022,1,8,Sindh,209.7,747.4,2.73,214.0
2022,1,9,Punjab,230.1,863.7,2.84,405.0
2022,1,9,Sindh,209.2,726.5,2.75,186.0
2022,1,10,Punjab,228.3,824.4,2.92,402.0
2022,1,10,Sindh,202.6,719.5,2.72,192.0
2022,1,11,Punjab,248.3,970.9,2.83,440.0
2022,1,11,Sindh,200.4,681.5,2.75,189.0
2022,1,12,Punjab,244.7,934.8,2.83,446.0
2022,1,12,Sindh,209.7,751.5,2.75,206.0
2022,1,13,Punjab,237.5,893.1,2.88,424.0
2022,1,13,Sindh,209.3,710.6,2.74,195.0
2022,1,14,Punjab,243.7,899.5,2.94,431.0
2022,1,14,Sindh,212.3,733.1,2.73,195.0
2022,1,15,Punjab,239.5,885.5,2.85,443.0
2022,1,15,Sindh,202.0,692.0,2.77,193.0
2022,1,16,Punjab,234.6,899.9,2.73,418.0
2022,1,16,Sindh,203.9,687.3,2.75,190.0
2022,1,17,Punjab,221.2,818.4,2.78,409.0
2022,1,17,Sindh,196.9,690.5,2.72,187.0
2022,1,18,Punjab,231.2,880.6,2.87,432.0
2022,1,18,Sindh,203.1,738.1,2.74,199.0
2022,1,19,Punjab,230.7,917.3,2.79,441.0
2022,1,19,Sindh,210.1,775.4,2.75,206.0
2022,1,20,Punjab,224.3,845.5,2.82,419.0
2022,1,20,Sindh,202.8,711.4,2.73,187.0
2022,1,21,Punjab,221.5,822.6,2.86,387.0
2022,1,21,Sindh,208.4,746.1,2.76,206.0
2022,1,22,Punjab,237.4,909.9,2.74,430.0
2022,1,22,Sindh,204.3,718.4,2.75,200.0
2022,1,23,Punjab,236.1,872.8,2.84,442.0
2022,1,23,Sindh,206.9,731.5,2.69,192.0
2022,1,24,Punjab,224.3,886.6,2.81,418.0
2022,1,24,Sindh,199.5,693.3,2.75,186.0
2022,1,25,Punjab,227.7,893.2,2.79,449.0
2022,1,25,Sindh,205.7,723.0,2.73,194.0
2022,1,26,Punjab,243.0,920.1,2.82,428.0
2022,1,26,Sindh,190.4,674.4,2.75,183.0
2022,1,27,Punjab,226.7,843.6,2.81,399.0
2022,1,27,Sindh,204.4,706.9,2.76,191.0
2022,1,28,Punjab,235.2,885.1,2.89,420.0
2022,1,28,Sindh,197.3,689.3,2.74,191.0
2022,1,29,Punjab,232.3,876.9,2.93,438.0
2022,1,29,Sindh,211.5,739.3,2.77,196.0
2022,1,30,Punjab,238.0,911.9,2.85,432.0
2022,1,30,Sindh,209.4,745.2,2.74,197.0
2022,1,31,Punjab,227.1,883.8,2.84,431.0
2022,1,31,Sindh,207.8,711.5,2.75,199.0
2022,2,1,Punjab,234.7,871.2,2.85,423.0
2022,2,1,Sindh,213.1,745.2,2.76,199.0
2022,2,2,Punjab,235.4,914.8,2.81,436.0
2022,2,2,Sindh,200.8,731.6,2.74,192.0
2022,2,3,Punjab,236.0,909.0,2.8,447.0
2022,2,3,Sindh,214.3,767.7,2.76,205.0
2022,2,4,Punjab,234.8,882.1,2.79,432.0
2022,2,4,Sindh,210.3,756.3,2.73,203.0
2022,2,5,Punjab,237.0,878.8,2.8,411.0
2022,2,5,Sindh,204.5,716.1,2.73,202.0
2022,2,6,Punjab,251.8,959.2,2.95,449.0
2022,2,6,Sindh,211.4,744.6,2.72,206.0
2022,2,7,Punjab,254.8,947.1,2.84,463.0
2022,2,7,Sindh,200.2,715.7,2.75,201.0
2022,2,8,Punjab,229.3,891.6,2.73,427.0
2022,2,8,Sindh,201.6,729.2,2.75,202.0
2022,2,9,Punjab,215.9,797.8,2.84,377.0
2022,2,9,Sindh,202.8,680.4,2.77,191.0
2022,2,10,Punjab,239.2,920.0,2.79,419.0
2022,2,10,Sindh,203.2,691.4,2.76,186.0
2022,2,11,Punjab,236.0,895.2,2.88,434.0
2022,2,11,Sindh,200.6,721.7,2.74,196.0
2022,2,12,Punjab,243.1,912.4,2.87,438.0
2022,2,12,Sindh,212.0,737.9,2.72,196.0
2022,2,13,Punjab,236.9,898.2,2.88,416.0
2022,2,13,Sindh,204.6,706.1,2.75,192.0
2022,2,14,Punjab,235.1,915.2,2.87,438.0
2022,2,14,Sindh,207.7,708.2,2.77,198.0
2022,2,15,Punjab,243.8,902.5,2.86,441.0
2022,2,15,Sindh,203.1,702.7,2.76,194.0
2022,2,16,Punjab,244.9,922.5,2.8,445.0
2022,2,16,Sindh,196.9,668.2,2.77,191.0
2022,2,17,Punjab,223.7,835.2,2.87,416.0
2022,2,17,Sindh,207.4,757.3,2.74,201.0
2022,2,18,Punjab,228.4,867.0,2.93,416.0
2022,2,18,Sindh,196.5,687.5,2.74,192.0
2022,2,19,Punjab,234.1,875.9,2.97,412.0
2022,2,19,Sindh,205.8,719.3,2.73,191.0
2022,2,20,Punjab,235.8,860.6,2.87,402.0
2022,2,20,Sindh,199.3,706.4,2.74,195.0
2022,2,21,Punjab,233.2,865.2,2.87,407.0
2022,2,21,Sindh,216.1,770.8,2.74,215.0
2022,2,22,Punjab,238.6,939.3,2.91,424.0
2022,2,22,Sindh,210.8,751.9,2.75,206.0
2022,2,23,Punjab,243.1,928.8,2.96,425.0
2022,2,23,Sindh,206.8,739.8,2.74,207.0
2022,2,24,Punjab,249.0,950.4,2.86,446.0
2022,2,24,Sindh,212.6,734.6,2.74,198.0
2022,2,25,Punjab,239.9,905.9,2.92,402.0
2022,2,25,Sindh,202.1,702.8,2.73,186.0
2022,2,26,Punjab,228.5,867.2,2.84,387.0
2022,2,26,Sindh,209.1,743.2,2.77,208.0
2022,2,27,Punjab,234.2,881.3,2.9,415.0
2022,2,27,Sindh,207.4,717.9,2.75,208.0
2022,2,28,Punjab,234.8,902.8,2.93,411.0
2022,2,28,Sindh,207.7,727.0,2.74,197.0
2022,3,1,Punjab,239.6,912.4,2.82,396.0
2022,3,1,Sindh,212.8,750.8,2.73,214.0
2022,3,2,Punjab,238.6,883.3,2.86,404.0
2022,3,2,Sindh,210.1,747.2,2.72,207.0
2022,3,3,Punjab,252.0,962.5,2.93,430.0
2022,3,3,Sindh,207.9,701.1,2.77,189.0
2022,3,4,Punjab,231.9,832.1,2.92,381.0
2022,3,4,Sindh,198.3,704.6,2.76,191.0
2022,3,5,Punjab,238.7,915.5,2.94,420.0
2022,3,5,Sindh,201.8,702.7,2.72,196.0
2022,3,6,Punjab,254.6,939.1,2.93,407.0
2022,3,6,Sindh,206.0,731.5,2.76,202.0
2022,3,7,Punjab,231.1,876.2,2.87,397.0
2022,3,7,Sindh,207.1,736.5,2.77,199.0
2022,3,8,Punjab,237.0,876.6,3.0,395.0
2022,3,8,Sindh,201.0,727.6,2.75,195.0
2022,3,9,Punjab,228.3,867.6,2.9,392.0
2022,3,9,Sindh,218.7,785.9,2.78,215.0
2022,3,10,Punjab,236.6,910.6,2.74,386.0
2022,3,10,Sindh,214.3,770.3,2.75,216.0
2022,3,11,Punjab,229.7,903.0,2.88,396.0
2022,3,11,Sindh,209.8,755.8,2.72,211.0
2022,3,12,Punjab,244.4,897.9,2.87,399.0
2022,3,12,Sindh,207.1,729.4,2.76,203.0
2022,3,13,Punjab,237.3,921.1,2.93,412.0
2022,3,13,Sindh,205.8,720.6,2.76,204.0
2022,3,14,Punjab,228.6,871.5,2.87,405.0
2022,3,14,Sindh,202.1,720.4,2.74,208.0
2022,3,15,Punjab,242.9,914.0,2.95,410.0
2022,3,15,Sindh,207.3,736.4,2.76,210.0
2022,3,16,Punjab,237.7,918.3,2.92,406.0
2022,3,16,Sindh,208.2,724.1,2.72,204.0
2022,3,17,Punjab,243.9,922.1,2.84,413.0
2022,3,17,Sindh,200.7,708.6,2.77,206.0
2022,3,18,Punjab,227.2,877.5,2.89,381.0
2022,3,18,Sindh,208.6,729.7,2.73,202.0
2022,3,19,Punjab,239.3,889.6,2.86,402.0
2022,3,19,Sindh,206.2,709.0,2.73,200.0
2022,3,20,Punjab,242.6,909.3,2.9,404.0
2022,3,20,Sindh,197.5,710.6,2.75,201.0
2022,3,21,Punjab,233.1,904.7,2.86,385.0
2022,3,21,Sindh,202.8,710.5,2.76,197.0
2022,3,22,Punjab,226.5,890.3,2.9,403.0
2022,3,22,Sindh,205.0,748.4,2.76,210.0
2022,3,23,Punjab,236.3,897.1,2.88,389.0
2022,3,23,Sindh,216.6,733.6,2.74,198.0
2022,3,24,Punjab,246.5,880.9,2.89,400.0
2022,3,24,Sindh,210.0,726.5,2.74,217.0
2022,3,25,Punjab,245.7,929.7,3.0,398.0
2022,3,25,Sindh,200.5,702.3,2.73,197.0
2022,3,26,Punjab,233.3,887.3,2.88,372.0
2022,3,26,Sindh,209.7,750.9,2.75,222.0
2022,3,27,Punjab,226.5,856.2,2.8,356.0
2022,3,27,Sindh,199.5,704.3,2.78,203.0
2022,3,28,Punjab,233.4,893.7,2.95,374.0
2022,3,28,Sindh,212.7,749.1,2.75,217.0
2022,3,29,Punjab,233.2,876.5,2.95,365.0
2022,3,29,Sindh,205.0,700.5,2.77,200.0
2022,3,30,Punjab,240.5,930.8,2.8,399.0
2022,3,30,Sindh,206.9,706.8,2.78,205.0
2022,3,31,Punjab,236.2,874.1,2.87,365.0
2022,3,31,Sindh,214.0,753.9,2.74,219.0
2022,4,1,Punjab,231.0,902.7,2.92,359.0
2022,4,1,Sindh,201.0,683.0,2.75,202.0
2022,4,2,Punjab,245.9,965.6,2.93,398.0
2022,4,2,Sindh,200.5,693.7,2.8,206.0
2022,4,3,Punjab,238.3,887.2,2.9,368.0
2022,4,3,Sindh,204.6,723.5,2.79,208.0
2022,4,4,Punjab,240.7,896.4,2.91,364.0
2022,4,4,Sindh,212.7,729.8,2.72,208.0
2022,4,5,Punjab,223.5,857.4,2.86,356.0
2022,4,5,Sindh,200.0,723.9,2.76,202.0
2022,4,6,Punjab,217.9,804.4,2.79,332.0
2022,4,6,Sindh,193.4,695.3,2.76,206.0
2022,4,7,Punjab,225.9,848.5,3.01,356.0
2022,4,7,Sindh,205.4,695.2,2.77,209.0
2022,4,8,Punjab,233.6,909.7,2.86,373.0
2022,4,8,Sindh,210.4,722.4,2.74,218.0
2022,4,9,Punjab,242.1,934.7,2.92,379.0
2022,4,9,Sindh,213.7,713.6,2.74,210.0
2022,4,10,Punjab,218.8,871.0,2.9,339.0
2022,4,10,Sindh,205.4,707.1,2.74,203.0
2022,4,11,Punjab,250.3,954.7,2.95,401.0
2022,4,11,Sindh,205.7,731.4,2.75,205.0
2022,4,12,Punjab,239.0,896.0,2.91,342.0
2022,4,12,Sindh,213.5,741.2,2.77,221.0
2022,4,13,Punjab,248.6,945.6,2.92,372.0
2022,4,13,Sindh,198.5,701.5,2.73,197.0
2022,4,14,Punjab,230.7,873.5,2.78,334.0
2022,4,14,Sindh,205.9,697.8,2.75,204.0
2022,4,15,Punjab,241.8,916.2,2.87,364.0
2022,4,15,Sindh,208.8,742.9,2.72,216.0
2022,4,16,Punjab,238.5,905.9,2.95,358.0
2022,4,16,Sindh,210.1,727.2,2.78,213.0
2022,4,17,Punjab,244.4,910.2,2.94,355.0
2022,4,17,Sindh,205.4,719.0,2.78,212.0
2022,4,18,Punjab,236.1,902.7,2.87,366.0
2022,4,18,Sindh,208.1,727.1,2.75,215.0
2022,4,19,Punjab,241.8,890.6,2.83,356.0
2022,4,19,Sindh,195.6,665.4,2.75,187.0
2022,4,20,Punjab,246.9,923.8,2.92,353.0
2022,4,20,Sindh,204.7,699.3,2.77,208.0
2022,4,21,Punjab,232.9,882.6,2.77,347.0
2022,4,21,Sindh,210.3,750.7,2.79,210.0
2022,4,22,Punjab,240.1,867.2,2.86,349.0
2022,4,22,Sindh,203.2,717.1,2.77,216.0
2022,4,23,Punjab,223.1,863.2,3.0,344.0
2022,4,23,Sindh,208.4,745.2,2.75,217.0
2022,4,24,Punjab,243.9,885.7,2.99,337.0
2022,4,24,Sindh,210.4,741.2,2.73,208.0
2022,4,25,Punjab,253.9,978.4,2.94,353.0
2022,4,25,Sindh,206.5,724.8,2.74,211.0
2022,4,26,Punjab,228.4,842.1,2.93,323.0
2022,4,26,Sindh,209.1,705.9,2.76,208.0
2022,4,27,Punjab,237.7,895.1,2.82,342.0
2022,4,27,Sindh,203.4,708.0,2.75,217.0
2022,4,28,Punjab,245.5,943.3,2.88,344.0
2022,4,28,Sindh,207.3,725.0,2.77,217.0
2022,4,29,Punjab,238.8,951.3,2.9,354.0
2022,4,29,Sindh,211.4,769.1,2.75,229.0
2022,4,30,Punjab,239.9,913.9,2.88,338.0
2022,4,30,Sindh,209.1,742.3,2.74,226.0
2022,5,1,Punjab,235.5,855.2,2.9,331.0
2022,5,1,Sindh,205.4,742.1,2.74,220.0
2022,5,2,Punjab,235.2,913.0,2.99,356.0
2022,5,2,Sindh,209.5,742.3,2.79,225.0
2022,5,3,Punjab,238.0,899.9,2.89,342.0
2022,5,3,Sindh,212.0,731.4,2.78,222.0
2022,5,4,Punjab,239.1,910.0,2.91,332.0
2022,5,4,Sindh,198.2,695.6,2.8,204.0
2022,5,5,Punjab,229.4,882.8,2.96,334.0
2022,5,5,Sindh,214.3,753.6,2.77,232.0
2022,5,6,Punjab,238.4,861.2,2.85,319.0
2022,5,6,Sindh,206.9,709.9,2.76,207.0
2022,5,7,Punjab,251.5,955.8,2.88,344.0
2022,5,7,Sindh,210.7,731.7,2.79,224.0
2022,5,8,Punjab,235.6,887.2,2.89,341.0
2022,5,8,Sindh,214.6,748.0,2.76,216.0
2022,5,9,Punjab,229.1,895.2,2.93,314.0
2022,5,9,Sindh,201.8,730.3,2.77,223.0
2022,5,10,Punjab,237.9,918.5,2.91,334.0
2022,5,10,Sindh,205.1,686.7,2.76,218.0
2022,5,11,Punjab,233.4,854.5,2.91,313.0
2022,5,11,Sindh,207.3,743.5,2.71,222.0
2022,5,12,Punjab,228.5,893.5,2.89,314.0
2022,5,12,Sindh,204.8,702.8,2.8,212.0
2022,5,13,Punjab,240.4,922.3,2.87,331.0
2022,5,13,Sindh,217.4,740.5,2.78,226.0
2022,5,14,Punjab,233.6,856.8,2.96,312.0
2022,5,14,Sindh,204.5,733.5,2.77,220.0
2022,5,15,Punjab,234.4,891.6,2.91,316.0
2022,5,15,Sindh,206.1,732.2,2.76,230.0
2022,5,16,Punjab,240.6,935.1,2.96,333.0
2022,5,16,Sindh,209.9,753.4,2.77,228.0
2022,5,17,Punjab,227.2,839.0,2.87,293.0
2022,5,17,Sindh,202.9,722.1,2.75,217.0
2022,5,18,Punjab,225.6,884.7,2.9,315.0
2022,5,18,Sindh,206.9,755.2,2.78,225.0
2022,5,19,Punjab,244.9,900.5,2.92,309.0
2022,5,19,Sindh,210.5,745.3,2.74,220.0
2022,5,20,Punjab,224.2,836.0,2.93,285.0
2022,5,20,Sindh,207.3,723.3,2.77,217.0
2022,5,21,Punjab,231.8,862.2,2.97,297.0
2022,5,21,Sindh,208.6,735.1,2.78,221.0
2022,5,22,Punjab,225.3,883.7,2.91,314.0
2022,5,22,Sindh,206.4,741.1,2.76,222.0
2022,5,23,Punjab,235.9,886.5,2.97,286.0
2022,5,23,Sindh,201.5,693.6,2.78,210.0
2022,5,24,Punjab,243.2,901.1,2.95,298.0
2022,5,24,Sindh,210.7,727.8,2.75,232.0
2022,5,25,Punjab,240.8,923.8,2.93,336.0
2022,5,25,Sindh,217.9,758.1,2.75,224.0
2022,5,26,Punjab,259.1,997.6,2.89,341.0
2022,5,26,Sindh,209.3,700.9,2.77,216.0
2022,5,27,Punjab,248.7,958.3,2.97,320.0
2022,5,27,Sindh,210.3,738.3,2.78,228.0
2022,5,28,Punjab,232.6,878.4,2.89,302.0
2022,5,28,Sindh,212.7,716.2,2.73,222.0
2022,5,29,Punjab,230.5,881.0,2.94,287.0
2022,5,29,Sindh,202.9,711.1,2.78,218.0
2022,5,30,Punjab,261.8,981.8,2.93,308.0
2022,5,30,Sindh,217.8,775.4,2.76,233.0
2022,5,31,Punjab,248.7,978.5,2.93,330.0
2022,5,31,Sindh,210.4,729.1,2.77,225.0
2022,6,1,Punjab,244.9,953.7,2.92,310.0
2022,6,1,Sindh,217.5,786.5,2.74,239.0
2022,6,2,Punjab,240.9,937.0,2.9,311.0
2022,6,2,Sindh,205.7,698.2,2.75,214.0
2022,6,3,Punjab,242.5,937.5,2.86,312.0
2022,6,3,Sindh,218.5,782.7,2.79,229.0
2022,6,4,Punjab,228.5,878.8,3.01,291.0
2022,6,4,Sindh,213.3,756.8,2.77,228.0
2022,6,5,Punjab,241.7,893.6,2.92,276.0
2022,6,5,Sindh,212.3,717.2,2.76,215.0
2022,6,6,Punjab,241.1,928.7,2.94,305.0
2022,6,6,Sindh,210.7,778.1,2.77,233.0
2022,6,7,Punjab,233.3,888.9,2.94,294.0
2022,6,7,Sindh,208.3,728.2,2.78,224.0
2022,6,8,Punjab,236.3,923.2,3.0,288.0
2022,6,8,Sindh,215.6,741.4,2.78,229.0
2022,6,9,Punjab,252.8,976.7,3.04,305.0
2022,6,9,Sindh,210.3,715.1,2.77,229.0
2022,6,10,Punjab,239.7,921.9,2.95,289.0
2022,6,10,Sindh,199.8,696.1,2.79,213.0
2022,6,11,Punjab,257.3,944.1,2.94,314.0
2022,6,11,Sindh,204.1,712.5,2.79,224.0
2022,6,12,Punjab,226.9,860.4,2.89,255.0
2022,6,12,Sindh,208.8,732.3,2.78,227.0
2022,6,13,Punjab,236.7,888.2,2.87,292.0
2022,6,13,Sindh,211.3,735.1,2.77,232.0
2022,6,14,Punjab,228.5,873.5,2.86,282.0
2022,6,14,Sindh,209.5,742.8,2.79,231.0
2022,6,15,Punjab,231.3,870.6,2.91,275.0
2022,6,15,Sindh,215.9,749.9,2.78,225.0
2022,6,16,Punjab,234.4,885.1,2.84,266.0
2022,6,16,Sindh,200.1,671.3,2.8,202.0
2022,6,17,Punjab,243.6,934.8,3.0,292.0
2022,6,17,Sindh,210.6,734.9,2.79,228.0
2022,6,18,Punjab,243.3,915.7,2.97,300.0
2022,6,18,Sindh,200.8,667.4,2.75,206.0
2022,6,19,Punjab,235.7,898.2,2.94,298.0
2022,6,19,Sindh,213.7,753.4,2.75,226.0
2022,6,20,Punjab,223.4,818.5,3.01,247.0
2022,6,20,Sindh,209.5,718.6,2.76,216.0
2022,6,21,Punjab,253.1,945.1,2.9,311.0
2022,6,21,Sindh,212.1,744.8,2.79,230.0
2022,6,22,Punjab,239.0,921.5,2.91,298.0
2022,6,22,Sindh,205.7,739.8,2.74,235.0
2022,6,23,Punjab,232.4,858.7,2.85,268.0
2022,6,23,Sindh,216.5,743.4,2.78,227.0
2022,6,24,Punjab,243.6,950.7,2.99,294.0
2022,6,24,Sindh,215.3,769.5,2.78,238.0
2022,6,25,Punjab,243.1,943.3,2.91,292.0
2022,6,25,Sindh,213.1,739.2,2.8,227.0
2022,6,26,Punjab,239.0,902.6,2.95,302.0
2022,6,26,Sindh,209.5,759.6,2.78,226.0
2022,6,27,Punjab,242.8,982.5,3.0,314.0
2022,6,27,Sindh,213.1,740.4,2.75,231.0
2022,6,28,Punjab,232.4,908.0,3.02,299.0
2022,6,28,Sindh,206.7,710.9,2.76,215.0
2022,6,29,Punjab,247.8,922.5,2.95,292.0
2022,6,29,Sindh,214.5,761.2,2.75,233.0
2022,6,30,Punjab,233.8,903.2,2.97,278.0
2022,6,30,Sindh,218.5,758.4,2.77,231.0
2022,7,1,Punjab,236.9,901.7,2.91,287.0
2022,7,1,Sindh,215.7,742.3,2.77,233.0
2022,7,2,Punjab,247.0,923.2,3.04,312.0
2022,7,2,Sindh,206.7,716.3,2.75,216.0
2022,7,3,Punjab,251.5,934.4,2.95,286.0
2022,7,3,Sindh,212.2,742.0,2.81,231.0
2022,7,4,Punjab,254.6,987.5,2.96,320.0
2022,7,4,Sindh,204.0,734.0,2.75,222.0
2022,7,5,Punjab,250.4,939.7,2.94,296.0
2022,7,5,Sindh,213.3,717.6,2.81,220.0
2022,7,6,Punjab,239.5,907.9,3.02,269.0
2022,7,6,Sindh,212.7,745.0,2.8,211.0
2022,7,7,Punjab,229.8,854.7,2.97,249.0
2022,7,7,Sindh,201.2,713.5,2.8,232.0
2022,7,8,Punjab,253.4,947.9,3.0,292.0
2022,7,8,Sindh,204.7,719.5,2.77,225.0
2022,7,9,Punjab,253.2,959.5,2.98,304.0
2022,7,9,Sindh,209.2,751.8,2.79,227.0
2022,7,10,Punjab,236.9,907.9,2.95,291.0
2022,7,10,Sindh,209.1,730.8,2.75,219.0
2022,7,11,Punjab,249.7,897.0,3.01,263.0
2022,7,11,Sindh,204.6,713.4,2.8,219.0
2022,7,12,Punjab,239.7,911.2,2.98,290.0
2022,7,12,Sindh,212.6,753.1,2.78,234.0
2022,7,13,Punjab,254.4,951.9,2.92,296.0
2022,7,13,Sindh,212.0,743.4,2.77,219.0
2022,7,14,Punjab,238.3,933.8,2.91,291.0
2022,7,14,Sindh,209.8,728.4,2.76,224.0
2022,7,15,Punjab,258.3,1040.6,2.97,335.0
2022,7,15,Sindh,207.0,732.3,2.73,234.0
2022,7,16,Punjab,248.9,938.5,3.01,311.0
2022,7,16,Sindh,216.1,746.4,2.76,223.0
2022,7,17,Punjab,257.0,942.2,3.05,299.0
2022,7,17,Sindh,219.1,757.8,2.8,232.0
2022,7,18,Punjab,239.0,910.4,2.88,269.0
2022,7,18,Sindh,208.5,721.7,2.77,233.0
2022,7,19,Punjab,246.0,930.6,2.97,289.0
2022,7,19,Sindh,207.8,747.8,2.78,232.0
2022,7,20,Punjab,235.0,932.5,2.99,300.0
2022,7,20,Sindh,213.4,698.6,2.8,217.0
2022,7,21,Punjab,249.6,981.8,2.98,318.0
2022,7,21,Sindh,209.2,738.1,2.82,229.0
2022,7,22,Punjab,250.1,967.6,3.02,312.0
2022,7,22,Sindh,210.3,736.6,2.81,224.0
2022,7,23,Punjab,262.1,984.3,3.0,306.0
2022,7,23,Sindh,214.7,726.4,2.76,230.0
2022,7,24,Punjab,246.8,951.6,2.92,285.0
2022,7,24,Sindh,201.5,710.0,2.74,217.0
2022,7,25,Punjab,248.8,950.9,2.92,304.0
2022,7,25,Sindh,217.7,769.1,2.83,224.0
2022,7,26,Punjab,239.3,914.3,2.99,275.0
2022,7,26,Sindh,211.5,749.1,2.83,227.0
2022,7,27,Punjab,247.5,909.2,3.02,293.0
2022,7,27,Sindh,209.1,692.1,2.79,209.0
2022,7,28,Punjab,240.2,933.8,2.98,301.0
2022,7,28,Sindh,210.8,758.1,2.76,229.0
2022,7,29,Punjab,244.2,930.0,2.89,287.0
2022,7,29,Sindh,211.0,727.6,2.8,222.0
2022,7,30,Punjab,244.7,927.8,2.92,291.0
2022,7,30,Sindh,202.6,719.4,2.78,227.0
2022,7,31,Punjab,240.5,902.0,3.01,287.0
2022,7,31,Sindh,218.8,776.8,2.78,238.0
2022,8,1,Punjab,243.9,911.0,2.96,281.0
2022,8,1,Sindh,211.5,727.2,2.8,224.0
2022,8,2,Punjab,240.5,920.1,2.98,278.0
2022,8,2,Sindh,213.6,757.4,2.79,230.0
2022,8,3,Punjab,240.5,878.8,3.03,278.0
2022,8,3,Sindh,216.1,750.7,2.76,223.0
2022,8,4,Punjab,252.2,974.1,2.92,311.0
2022,8,4,Sindh,206.3,691.0,2.78,202.0
2022,8,5,Punjab,245.0,910.0,2.96,303.0
2022,8,5,Sindh,213.8,765.9,2.8,232.0
2022,8,6,Punjab,246.4,895.3,2.95,277.0
2022,8,6,Sindh,210.1,723.9,2.8,225.0
2022,8,7,Punjab,232.1,918.3,3.0,305.0
2022,8,7,Sindh,215.8,742.3,2.79,225.0
2022,8,8,Punjab,247.2,922.0,3.02,285.0
2022,8,8,Sindh,200.9,697.2,2.81,211.0
2022,8,9,Punjab,248.1,928.2,2.91,284.0
2022,8,9,Sindh,211.1,742.9,2.78,227.0
2022,8,10,Punjab,240.7,937.3,2.98,299.0
2022,8,10,Sindh,208.6,729.2,2.79,221.0
2022,8,11,Punjab,260.6,1027.4,3.02,326.0
2022,8,11,Sindh,213.8,756.6,2.72,236.0
2022,8,12,Punjab,225.7,826.9,2.89,250.0
2022,8,12,Sindh,214.0,729.0,2.78,227.0
2022,8,13,Punjab,250.3,932.0,2.98,322.0
2022,8,13,Sindh,208.2,717.5,2.8,223.0
2022,8,14,Punjab,249.8,931.5,2.92,297.0
2022,8,14,Sindh,208.2,726.9,2.78,224.0
2022,8,15,Punjab,248.5,962.9,2.95,337.0
2022,8,15,Sindh,211.2,767.7,2.78,224.0
2022,8,16,Punjab,245.6,966.1,2.86,305.0
2022,8,16,Sindh,207.3,723.9,2.77,222.0
2022,8,17,Punjab,248.6,923.2,3.05,286.0
2022,8,17,Sindh,216.0,772.5,2.81,233.0
2022,8,18,Punjab,251.2,983.0,2.97,337.0
2022,8,18,Sindh,210.0,735.7,2.8,225.0
2022,8,19,Punjab,238.5,892.3,2.94,285.0
2022,8,19,Sindh,197.4,683.5,2.81,211.0
2022,8,20,Punjab,246.8,944.5,3.0,314.0
2022,8,20,Sindh,210.1,731.5,2.75,222.0
2022,8,21,Punjab,243.0,897.9,2.93,282.0
2022,8,21,Sindh,206.8,721.2,2.79,231.0
2022,8,22,Punjab,235.8,893.4,2.93,295.0
2022,8,22,Sindh,203.8,722.5,2.78,217.0
2022,8,23,Punjab,250.3,948.9,3.06,304.0
2022,8,23,Sindh,205.8,741.1,2.78,227.0
2022,8,24,Punjab,240.1,906.0,3.08,303.0
2022,8,24,Sindh,212.6,749.5,2.78,222.0
2022,8,25,Punjab,232.7,891.9,2.96,293.0
2022,8,25,Sindh,218.7,783.4,2.78,236.0
2022,8,26,Punjab,240.4,893.4,3.04,303.0
2022,8,26,Sindh,213.7,733.5,2.81,224.0
2022,8,27,Punjab,238.4,888.1,3.01,305.0
2022,8,27,Sindh,209.1,725.7,2.75,219.0
2022,8,28,Punjab,253.0,970.3,2.92,330.0
2022,8,28,Sindh,214.5,739.8,2.83,229.0
2022,8,29,Punjab,246.1,962.0,2.94,330.0
2022,8,29,Sindh,209.9,739.5,2.8,216.0
2022,8,30,Punjab,256.0,972.3,3.07,331.0
2022,8,30,Sindh,208.8,725.4,2.79,214.0
2022,8,31,Punjab,239.6,920.7,2.92,309.0
2022,8,31,Sindh,206.5,733.8,2.81,220.0
2022,9,1,Punjab,252.0,972.8,3.11,340.0
2022,9,1,Sindh,203.6,698.5,2.76,214.0
2022,9,2,Punjab,267.8,1034.2,2.96,355.0
2022,9,2,Sindh,210.4,737.1,2.78,220.0
2022,9,3,Punjab,248.0,923.2,3.07,319.0
2022,9,3,Sindh,213.2,756.4,2.79,230.0
2022,9,4,Punjab,252.1,942.3,2.98,330.0
2022,9,4,Sindh,211.9,710.8,2.82,209.0
2022,9,5,Punjab,250.8,939.2,3.03,316.0
2022,9,5,Sindh,210.4,768.1,2.79,220.0
2022,9,6,Punjab,233.9,927.4,3.07,339.0
2022,9,6,Sindh,207.8,722.9,2.8,216.0
2022,9,7,Punjab,250.0,960.2,3.07,334.0
2022,9,7,Sindh,215.6,724.1,2.78,214.0
2022,9,8,Punjab,247.8,951.1,2.97,335.0
2022,9,8,Sindh,206.0,723.2,2.8,217.0
2022,9,9,Punjab,243.4,932.1,2.95,327.0
2022,9,9,Sindh,216.5,758.1,2.83,223.0
2022,9,10,Punjab,238.4,879.6,2.99,318.0
2022,9,10,Sindh,207.6,725.4,2.81,213.0
2022,9,11,Punjab,251.1,992.9,2.93,354.0
2022,9,11,Sindh,208.9,745.9,2.79,219.0
2022,9,12,Punjab,237.8,913.3,3.01,325.0
2022,9,12,Sindh,205.3,729.9,2.81,215.0
2022,9,13,Punjab,262.7,1012.8,2.96,375.0
2022,9,13,Sindh,210.2,740.2,2.81,216.0
2022,9,14,Punjab,246.6,901.8,3.05,292.0
2022,9,14,Sindh,217.6,768.4,2.81,223.0
2022,9,15,Punjab,236.0,912.3,2.97,341.0
2022,9,15,Sindh,215.3,752.2,2.82,218.0
2022,9,16,Punjab,241.7,911.3,2.91,337.0
2022,9,16,Sindh,217.7,788.6,2.82,233.0
2022,9,17,Punjab,243.6,899.3,3.07,309.0
2022,9,17,Sindh,215.4,731.9,2.79,215.0
2022,9,18,Punjab,265.2,988.7,3.01,368.0
2022,9,18,Sindh,207.3,727.8,2.81,224.0
2022,9,19,Punjab,238.9,882.5,3.0,334.0
2022,9,19,Sindh,211.2,740.3,2.79,216.0
2022,9,20,Punjab,245.1,905.7,3.06,339.0
2022,9,20,Sindh,209.0,743.8,2.78,213.0
2022,9,21,Punjab,241.8,919.9,3.05,324.0
2022,9,21,Sindh,219.6,756.0,2.79,232.0
2022,9,22,Punjab,250.1,942.7,2.97,354.0
2022,9,22,Sindh,207.0,698.4,2.8,207.0
2022,9,23,Punjab,242.0,926.3,2.98,353.0
2022,9,23,Sindh,217.5,763.6,2.76,225.0
2022,9,24,Punjab,237.1,934.5,2.95,341.0
2022,9,24,Sindh,217.5,765.6,2.82,224.0
2022,9,25,Punjab,244.7,927.3,2.93,350.0
2022,9,25,Sindh,222.2,800.2,2.74,232.0
2022,9,26,Punjab,243.9,882.0,3.04,329.0
2022,9,26,Sindh,211.1,719.7,2.85,212.0
2022,9,27,Punjab,241.6,913.4,3.03,354.0
2022,9,27,Sindh,216.7,775.8,2.83,217.0
2022,9,28,Punjab,242.1,943.9,3.05,354.0
2022,9,28,Sindh,224.6,821.6,2.79,236.0
2022,9,29,Punjab,256.0,970.9,3.07,362.0
2022,9,29,Sindh,210.1,729.8,2.8,204.0
2022,9,30,Punjab,244.0,957.7,3.05,364.0
2022,9,30,Sindh,205.6,700.2,2.81,202.0
2022,10,1,Punjab,237.5,911.6,3.05,336.0
2022,10,1,Sindh,203.9,707.5,2.79,201.0
2022,10,2,Punjab,242.9,886.4,2.91,339.0
2022,10,2,Sindh,216.9,759.3,2.8,219.0
2022,10,3,Punjab,247.1,941.3,3.0,366.0
2022,10,3,Sindh,203.9,722.2,2.8,209.0
2022,10,4,Punjab,236.1,902.9,3.06,360.0
2022,10,4,Sindh,211.5,731.4,2.8,212.0
2022,10,5,Punjab,259.8,1008.9,2.95,390.0
2022,10,5,Sindh,215.6,777.9,2.8,222.0
2022,10,6,Punjab,253.8,1000.8,3.02,373.0
2022,10,6,Sindh,214.4,733.6,2.77,206.0
2022,10,7,Punjab,258.3,999.9,3.04,402.0
2022,10,7,Sindh,215.6,728.5,2.8,207.0
2022,10,8,Punjab,250.1,959.1,3.04,390.0
2022,10,8,Sindh,214.6,767.8,2.8,222.0
2022,10,9,Punjab,230.3,888.5,3.03,354.0
2022,10,9,Sindh,219.9,735.7,2.8,215.0
2022,10,10,Punjab,259.3,982.1,3.05,379.0
2022,10,10,Sindh,208.8,727.8,2.8,201.0
2022,10,11,Punjab,240.2,883.5,3.03,348.0
2022,10,11,Sindh,210.2,782.5,2.82,213.0
2022,10,12,Punjab,240.9,916.3,2.94,363.0
2022,10,12,Sindh,209.8,734.0,2.8,205.0
2022,10,13,Punjab,248.5,951.5,3.04,383.0
2022,10,13,Sindh,217.8,745.6,2.81,216.0
2022,10,14,Punjab,258.3,957.4,3.03,380.0
2022,10,14,Sindh,218.2,762.9,2.83,221.0
2022,10,15,Punjab,255.7,998.4,2.95,389.0
2022,10,15,Sindh,216.0,755.2,2.8,208.0
2022,10,16,Punjab,254.6,987.7,3.09,408.0
2022,10,16,Sindh,219.7,771.3,2.81,218.0
2022,10,17,Punjab,244.9,903.3,3.05,371.0
2022,10,17,Sindh,207.9,737.6,2.8,217.0
2022,10,18,Punjab,244.9,957.8,2.95,377.0
2022,10,18,Sindh,222.2,762.0,2.83,216.0
2022,10,19,Punjab,250.3,944.9,2.98,388.0
2022,10,19,Sindh,221.5,800.5,2.8,230.0
2022,10,20,Punjab,246.5,921.3,2.99,380.0
2022,10,20,Sindh,217.6,765.2,2.83,219.0
2022,10,21,Punjab,254.7,989.6,2.99,397.0
2022,10,21,Sindh,222.8,790.8,2.8,216.0
2022,10,22,Punjab,254.3,965.4,3.04,409.0
2022,10,22,Sindh,205.7,710.4,2.79,199.0
2022,10,23,Punjab,252.5,997.4,2.97,410.0
2022,10,23,Sindh,211.4,759.1,2.82,212.0
2022,10,24,Punjab,227.6,847.7,3.08,357.0
2022,10,24,Sindh,210.3,732.4,2.8,205.0
2022,10,25,Punjab,248.9,911.0,3.08,382.0
2022,10,25,Sindh,217.7,766.0,2.82,218.0
2022,10,26,Punjab,247.0,933.1,3.06,396.0
2022,10,26,Sindh,208.8,716.9,2.75,202.0
2022,10,27,Punjab,249.3,963.1,3.03,402.0
2022,10,27,Sindh,217.9,747.7,2.81,193.0
2022,10,28,Punjab,242.0,900.9,3.07,382.0
2022,10,28,Sindh,221.0,783.8,2.8,210.0
2022,10,29,Punjab,237.5,875.7,3.01,385.0
2022,10,29,Sindh,217.7,755.2,2.79,198.0
2022,10,30,Punjab,251.8,961.4,2.99,392.0
2022,10,30,Sindh,215.6,741.9,2.8,207.0
2022,10,31,Punjab,245.3,902.9,3.09,376.0
2022,10,31,Sindh,209.3,722.9,2.8,202.0
2022,11,1,Punjab,252.8,966.8,3.04,419.0
2022,11,1,Sindh,210.0,745.6,2.81,208.0
2022,11,2,Punjab,242.9,916.2,2.99,418.0
2022,11,2,Sindh,220.6,762.5,2.78,205.0
2022,11,3,Punjab,259.6,996.5,3.01,432.0
2022,11,3,Sindh,218.2,762.1,2.81,214.0
2022,11,4,Punjab,256.4,946.5,2.99,426.0
2022,11,4,Sindh,214.2,749.9,2.84,211.0
2022,11,5,Punjab,250.8,979.0,3.13,417.0
2022,11,5,Sindh,212.3,714.4,2.81,192.0
2022,11,6,Punjab,246.8,934.0,3.03,399.0
2022,11,6,Sindh,204.3,693.0,2.82,185.0
2022,11,7,Punjab,255.3,985.6,3.04,430.0
2022,11,7,Sindh,209.1,737.0,2.83,203.0
2022,11,8,Punjab,251.7,975.7,3.07,433.0
2022,11,8,Sindh,224.1,773.2,2.83,221.0
2022,11,9,Punjab,250.5,928.9,2.97,394.0
2022,11,9,Sindh,208.1,744.3,2.85,213.0
2022,11,10,Punjab,257.0,994.3,3.09,431.0
2022,11,10,Sindh,215.5,768.8,2.8,213.0
2022,11,11,Punjab,260.1,960.0,3.0,420.0
2022,11,11,Sindh,219.6,779.5,2.8,209.0
2022,11,12,Punjab,238.8,879.9,3.13,389.0
2022,11,12,Sindh,208.4,756.6,2.83,212.0
2022,11,13,Punjab,240.4,952.9,3.02,415.0
2022,11,13,Sindh,215.6,753.3,2.82,204.0
2022,11,14,Punjab,242.6,944.3,3.09,428.0
2022,11,14,Sindh,219.4,777.6,2.83,208.0
2022,11,15,Punjab,236.9,941.8,2.91,422.0
2022,11,15,Sindh,214.8,743.0,2.85,193.0
2022,11,16,Punjab,248.5,936.8,2.98,426.0
2022,11,16,Sindh,229.1,838.7,2.81,227.0
2022,11,17,Punjab,253.8,966.6,3.02,434.0
2022,11,17,Sindh,206.5,752.3,2.82,202.0
2022,11,18,Punjab,248.9,956.5,2.94,418.0
2022,11,18,Sindh,220.1,770.6,2.79,210.0
2022,11,19,Punjab,244.9,930.3,3.07,425.0
2022,11,19,Sindh,214.0,754.8,2.85,194.0
2022,11,20,Punjab,258.2,966.3,3.06,424.0
2022,11,20,Sindh,218.8,786.0,2.8,214.0
2022,11,21,Punjab,250.4,933.5,2.99,419.0
2022,11,21,Sindh,217.1,757.7,2.81,194.0
2022,11,22,Punjab,252.0,962.1,3.04,424.0
2022,11,22,Sindh,211.3,729.7,2.81,204.0
2022,11,23,Punjab,258.6,961.3,3.08,430.0
2022,11,23,Sindh,216.1,769.6,2.8,211.0
2022,11,24,Punjab,248.4,922.1,2.94,422.0
2022,11,24,Sindh,205.7,721.2,2.8,195.0
2022,11,25,Punjab,265.9,1018.4,2.98,452.0
2022,11,25,Sindh,218.1,766.0,2.8,210.0
2022,11,26,Punjab,245.9,932.6,3.03,419.0
2022,11,26,Sindh,216.6,745.5,2.79,197.0
2022,11,27,Punjab,265.5,1027.8,3.04,474.0
2022,11,27,Sindh,218.3,738.3,2.8,200.0
2022,11,28,Punjab,241.8,910.4,3.04,421.0
2022,11,28,Sindh,220.4,775.1,2.85,213.0
2022,11,29,Punjab,253.8,952.8,3.09,433.0
2022,11,29,Sindh,217.0,773.1,2.83,193.0
2022,11,30,Punjab,244.6,937.9,3.07,423.0
2022,11,30,Sindh,216.0,752.4,2.83,201.0
2022,12,1,Punjab,258.7,966.9,3.08,427.0
2022,12,1,Sindh,210.8,759.5,2.84,205.0
2022,12,2,Punjab,246.0,921.6,2.98,427.0
2022,12,2,Sindh,211.7,730.4,2.85,197.0
2022,12,3,Punjab,252.2,946.0,3.05,426.0
2022,12,3,Sindh,221.2,758.5,2.78,211.0
2022,12,4,Punjab,244.7,925.8,3.03,440.0
2022,12,4,Sindh,222.5,777.8,2.79,203.0
2022,12,5,Punjab,257.5,1013.9,3.12,466.0
2022,12,5,Sindh,214.2,748.4,2.8,198.0
2022,12,6,Punjab,244.8,902.7,3.06,442.0
2022,12,6,Sindh,215.6,766.3,2.81,196.0
2022,12,7,Punjab,263.6,1027.4,3.02,473.0
2022,12,7,Sindh,210.9,726.6,2.81,203.0
2022,12,8,Punjab,242.2,935.0,3.09,433.0
2022,12,8,Sindh,221.3,795.2,2.81,212.0
2022,12,9,Punjab,239.4,941.2,3.08,424.0
2022,12,9,Sindh,218.8,795.4,2.82,211.0
2022,12,10,Punjab,257.9,1042.6,3.01,486.0
2022,12,10,Sindh,225.2,787.8,2.82,211.0
2022,12,11,Punjab,245.6,961.8,3.03,438.0
2022,12,11,Sindh,211.2,757.9,2.8,206.0
2022,12,12,Punjab,250.3,969.6,3.04,450.0
2022,12,12,Sindh,213.7,732.1,2.77,198.0
2022,12,13,Punjab,247.8,915.5,3.11,454.0
2022,12,13,Sindh,216.8,774.9,2.8,221.0
2022,12,14,Punjab,240.0,888.1,3.06,434.0
2022,12,14,Sindh,218.9,781.8,2.81,211.0
2022,12,15,Punjab,249.9,956.8,3.09,457.0
2022,12,15,Sindh,214.6,764.1,2.81,202.0
2022,12,16,Punjab,260.7,956.6,3.03,462.0
2022,12,16,Sindh,211.4,739.5,2.8,195.0
2022,12,17,Punjab,258.6,995.1,3.07,476.0
2022,12,17,Sindh,220.2,726.3,2.81,193.0
2022,12,18,Punjab,252.5,916.9,3.12,457.0
2022,12,18,Sindh,219.4,758.3,2.8,195.0
2022,12,19,Punjab,259.6,1009.6,3.04,467.0
2022,12,19,Sindh,211.2,730.0,2.82,196.0
2022,12,20,Punjab,242.3,914.3,3.06,436.0
2022,12,20,Sindh,222.6,764.5,2.8,208.0
2022,12,21,Punjab,248.2,945.8,2.99,441.0
2022,12,21,Sindh,221.7,777.9,2.8,205.0
2022,12,22,Punjab,254.0,950.4,3.02,453.0
2022,12,22,Sindh,216.6,751.8,2.79,197.0
2022,12,23,Punjab,249.9,911.6,3.04,439.0
2022,12,23,Sindh,216.4,744.9,2.82,207.0
2022,12,24,Punjab,249.0,970.9,3.01,443.0
2022,12,24,Sindh,218.8,749.8,2.8,193.0
2022,12,25,Punjab,241.4,944.1,3.13,447.0
2022,12,25,Sindh,211.7,730.2,2.84,186.0
2022,12,26,Punjab,234.4,883.8,3.02,446.0
2022,12,26,Sindh,216.2,773.5,2.83,201.0
2022,12,27,Punjab,257.7,992.4,3.1,474.0
2022,12,27,Sindh,205.3,708.7,2.82,183.0
2022,12,28,Punjab,253.1,954.1,3.07,465.0
2022,12,28,Sindh,220.5,764.0,2.8,206.0
2022,12,29,Punjab,258.5,987.9,3.06,468.0
2022,12,29,Sindh,208.3,722.3,2.83,192.0
2022,12,30,Punjab,247.8,956.8,3.14,441.0
2022,12,30,Sindh,223.7,788.0,2.84,209.0
2022,12,31,Punjab,245.6,944.5,2.95,452.0
2022,12,31,Sindh,214.6,757.8,2.82,208.0
2023,1,1,Punjab,251.4,982.3,3.05,479.0
2023,1,1,Sindh,215.2,707.5,2.85,187.0
2023,1,2,Punjab,258.3,991.8,3.01,459.0
2023,1,2,Sindh,213.1,761.3,2.83,208.0
2023,1,3,Punjab,249.6,949.2,2.97,463.0
2023,1,3,Sindh,214.9,773.6,2.84,214.0
2023,1,4,Punjab,258.0,965.0,3.01,445.0
2023,1,4,Sindh,223.4,766.3,2.83,203.0
2023,1,5,Punjab,243.6,915.9,3.07,446.0
2023,1,5,Sindh,203.9,699.2,2.84,192.0
2023,1,6,Punjab,250.4,967.6,3.03,469.0
2023,1,6,Sindh,222.8,773.0,2.81,205.0
2023,1,7,Punjab,251.1,924.3,3.11,447.0
2023,1,7,Sindh,218.1,752.1,2.81,206.0
2023,1,8,Punjab,261.6,1016.1,3.06,506.0
2023,1,8,Sindh,210.4,739.9,2.83,191.0
2023,1,9,Punjab,253.5,957.6,3.05,456.0
2023,1,9,Sindh,211.1,709.7,2.83,183.0
2023,1,10,Punjab,265.8,993.8,3.05,468.0
2023,1,10,Sindh,224.9,770.4,2.83,204.0
2023,1,11,Punjab,241.1,894.3,3.07,441.0
2023,1,11,Sindh,211.8,764.5,2.85,200.0
2023,1,12,Punjab,253.0,974.9,3.05,459.0
2023,1,12,Sindh,210.8,724.0,2.8,192.0
2023,1,13,Punjab,253.5,962.8,3.03,448.0
2023,1,13,Sindh,222.3,796.8,2.81,212.0
2023,1,14,Punjab,257.0,1008.5,3.12,469.0
2023,1,14,Sindh,218.4,769.6,2.83,210.0
2023,1,15,Punjab,245.6,908.1,3.04,451.0
2023,1,15,Sindh,212.0,714.9,2.81,190.0
2023,1,16,Punjab,265.7,997.9,3.05,472.0
2023,1,16,Sindh,217.8,771.9,2.89,203.0
2023,1,17,Punjab,252.3,957.0,3.1,478.0
2023,1,17,Sindh,211.6,738.9,2.84,197.0
2023,1,18,Punjab,243.6,910.6,3.09,440.0
2023,1,18,Sindh,222.3,771.2,2.82,203.0
2023,1,19,Punjab,252.2,958.5,3.03,467.0
2023,1,19,Sindh,222.1,781.1,2.82,205.0
2023,1,20,Punjab,249.9,955.9,3.11,465.0
2023,1,20,Sindh,219.5,775.4,2.82,200.0
2023,1,21,Punjab,274.7,1053.6,3.1,490.0
2023,1,21,Sindh,218.7,776.0,2.83,209.0
2023,1,22,Punjab,260.9,1021.5,3.09,474.0
2023,1,22,Sindh,225.7,807.7,2.83,214.0
2023,1,23,Punjab,252.9,935.1,3.06,434.0
2023,1,23,Sindh,217.0,765.4,2.82,211.0
2023,1,24,Punjab,251.7,963.2,3.06,467.0
2023,1,24,Sindh,211.1,718.1,2.82,187.0
2023,1,25,Punjab,260.3,976.0,3.07,477.0
2023,1,25,Sindh,219.3,760.3,2.85,202.0
2023,1,26,Punjab,260.7,999.2,3.02,457.0
2023,1,26,Sindh,227.5,840.3,2.86,234.0
2023,1,27,Punjab,229.5,880.6,3.08,428.0
2023,1,27,Sindh,212.0,752.9,2.83,199.0
2023,1,28,Punjab,258.0,960.5,3.13,453.0
2023,1,28,Sindh,215.3,789.1,2.8,211.0
2023,1,29,Punjab,253.1,943.7,3.12,459.0
2023,1,29,Sindh,219.2,788.2,2.84,206.0
2023,1,30,Punjab,242.4,931.4,3.06,445.0
2023,1,30,Sindh,216.9,762.8,2.86,200.0
2023,1,31,Punjab,260.0,988.5,3.14,482.0
2023,1,31,Sindh,212.3,747.6,2.86,210.0
2023,2,1,Punjab,271.0,1025.4,3.18,478.0
2023,2,1,Sindh,222.9,779.4,2.84,212.0
2023,2,2,Punjab,257.5,991.8,3.07,455.0
2023,2,2,Sindh,228.9,775.0,2.86,211.0
2023,2,3,Punjab,261.9,1010.0,3.12,470.0
2023,2,3,Sindh,218.3,764.3,2.83,199.0
2023,2,4,Punjab,267.6,1006.3,2.97,467.0
2023,2,4,Sindh,212.8,763.0,2.84,209.0
2023,2,5,Punjab,246.6,920.0,3.02,445.0
2023,2,5,Sindh,209.6,724.7,2.82,203.0
2023,2,6,Punjab,238.4,880.8,3.09,423.0
2023,2,6,Sindh,218.7,771.6,2.84,215.0
2023,2,7,Punjab,258.6,983.3,3.04,466.0
2023,2,7,Sindh,223.0,793.1,2.86,219.0
2023,2,8,Punjab,251.4,926.9,3.19,435.0
2023,2,8,Sindh,219.8,755.8,2.82,200.0
2023,2,9,Punjab,242.4,923.3,3.12,437.0
2023,2,9,Sindh,217.5,754.4,2.81,207.0
2023,2,10,Punjab,252.9,985.2,3.14,454.0
2023,2,10,Sindh,214.6,735.8,2.83,204.0
2023,2,11,Punjab,259.4,978.5,3.09,449.0
2023,2,11,Sindh,212.1,730.0,2.83,191.0
2023,2,12,Punjab,252.4,948.4,3.04,459.0
2023,2,12,Sindh,221.8,756.9,2.84,201.0
2023,2,13,Punjab,247.4,979.9,3.06,449.0
2023,2,13,Sindh,222.2,764.2,2.82,213.0
2023,2,14,Punjab,251.9,987.5,3.1,456.0
2023,2,14,Sindh,209.9,756.1,2.87,212.0
2023,2,15,Punjab,253.6,948.4,3.06,454.0
2023,2,15,Sindh,225.6,776.0,2.81,204.0
2023,2,16,Punjab,238.4,908.6,3.13,438.0
2023,2,16,Sindh,220.6,774.0,2.86,216.0
2023,2,17,Punjab,252.7,966.9,3.13,466.0
2023,2,17,Sindh,224.8,779.1,2.82,214.0
2023,2,18,Punjab,243.2,928.1,3.09,440.0
2023,2,18,Sindh,211.1,756.5,2.8,211.0
2023,2,19,Punjab,259.2,1021.4,3.0,459.0
2023,2,19,Sindh,211.0,758.1,2.84,205.0
2023,2,20,Punjab,241.5,919.5,3.18,452.0
2023,2,20,Sindh,217.1,772.8,2.83,215.0
2023,2,21,Punjab,262.2,1001.0,3.08,464.0
2023,2,21,Sindh,220.4,776.0,2.81,217.0
2023,2,22,Punjab,250.8,967.0,3.23,446.0
2023,2,22,Sindh,226.9,790.7,2.8,215.0
2023,2,23,Punjab,249.8,973.1,3.13,447.0
2023,2,23,Sindh,221.5,757.3,2.83,209.0
2023,2,24,Punjab,256.6,993.7,3.09,454.0
2023,2,24,Sindh,216.8,787.8,2.85,214.0
2023,2,25,Punjab,247.3,950.7,3.12,435.0
2023,2,25,Sindh,212.9,733.7,2.85,212.0
2023,2,26,Punjab,256.6,943.7,3.0,418.0
2023,2,26,Sindh,224.2,794.6,2.84,218.0
2023,2,27,Punjab,248.5,934.6,3.15,446.0
2023,2,27,Sindh,213.3,762.3,2.85,207.0
2023,2,28,Punjab,250.0,966.3,3.23,441.0
2023,2,28,Sindh,226.3,783.6,2.84,213.0
2023,3,1,Punjab,257.7,984.4,2.99,445.0
2023,3,1,Sindh,216.7,774.1,2.81,215.0
2023,3,2,Punjab,245.4,949.2,3.09,452.0
2023,3,2,Sindh,226.1,802.9,2.81,225.0
2023,3,3,Punjab,244.5,966.8,3.1,429.0
2023,3,3,Sindh,221.6,801.5,2.83,215.0
2023,3,4,Punjab,256.6,951.6,3.14,437.0
2023,3,4,Sindh,217.6,754.4,2.83,219.0
2023,3,5,Punjab,254.5,989.8,3.21,436.0
2023,3,5,Sindh,215.7,735.6,2.85,208.0
2023,3,6,Punjab,256.1,966.6,3.12,436.0
2023,3,6,Sindh,216.6,750.5,2.85,212.0
2023,3,7,Punjab,257.4,996.9,3.21,446.0
2023,3,7,Sindh,220.5,774.8,2.85,216.0
2023,3,8,Punjab,255.3,969.4,3.11,440.0
2023,3,8,Sindh,218.8,766.5,2.83,214.0
2023,3,9,Punjab,259.8,1029.7,3.13,464.0
2023,3,9,Sindh,215.4,748.1,2.81,209.0
2023,3,10,Punjab,255.7,974.4,3.12,426.0
2023,3,10,Sindh,217.6,733.0,2.85,212.0
2023,3,11,Punjab,239.0,895.2,3.17,417.0
2023,3,11,Sindh,218.9,773.1,2.85,217.0
2023,3,12,Punjab,241.1,924.5,3.08,426.0
2023,3,12,Sindh,207.9,757.1,2.79,216.0
2023,3,13,Punjab,270.5,1034.5,3.15,447.0
2023,3,13,Sindh,220.8,779.8,2.82,216.0
2023,3,14,Punjab,255.2,992.4,3.05,432.0
2023,3,14,Sindh,213.7,757.0,2.83,214.0
2023,3,15,Punjab,262.8,1007.7,3.09,432.0
2023,3,15,Sindh,212.8,753.5,2.84,209.0
2023,3,16,Punjab,252.5,1009.0,3.08,433.0
2023,3,16,Sindh,210.2,741.6,2.82,216.0
2023,3,17,Punjab,254.9,966.2,3.11,408.0
2023,3,17,Sindh,209.7,747.9,2.84,208.0
2023,3,18,Punjab,251.8,954.7,3.09,422.0
2023,3,18,Sindh,211.9,747.6,2.84,210.0
2023,3,19,Punjab,275.2,1033.5,3.17,422.0
2023,3,19,Sindh,215.2,748.4,2.84,211.0
2023,3,20,Punjab,257.5,980.2,3.07,414.0
2023,3,20,Sindh,228.5,787.9,2.83,221.0
2023,3,21,Punjab,251.3,959.4,3.02,411.0
2023,3,21,Sindh,216.2,752.8,2.83,218.0
2023,3,22,Punjab,242.4,926.6,3.04,412.0
2023,3,22,Sindh,219.7,773.7,2.82,218.0
2023,3,23,Punjab,271.4,1032.8,3.16,431.0
2023,3,23,Sindh,220.9,768.3,2.85,225.0
2023,3,24,Punjab,254.4,954.5,3.06,411.0
2023,3,24,Sindh,219.5,773.1,2.85,216.0
2023,3,25,Punjab,261.7,976.8,3.13,413.0
2023,3,25,Sindh,218.5,771.5,2.83,220.0
2023,3,26,Punjab,262.6,990.5,3.1,426.0
2023,3,26,Sindh,213.0,757.9,2.87,213.0
2023,3,27,Punjab,252.1,981.0,3.16,417.0
2023,3,27,Sindh,226.2,811.1,2.84,232.0
2023,3,28,Punjab,261.3,1020.0,3.1,433.0
2023,3,28,Sindh,228.1,799.4,2.87,228.0
2023,3,29,Punjab,251.1,952.7,3.25,397.0
2023,3,29,Sindh,210.6,717.6,2.83,206.0
2023,3,30,Punjab,248.1,923.9,3.21,380.0
2023,3,30,Sindh,214.0,743.7,2.8,220.0
2023,3,31,Punjab,265.4,1006.8,3.1,420.0
2023,3,31,Sindh,217.7,762.7,2.85,216.0
2023,4,1,Punjab,254.8,1010.2,3.1,411.0
2023,4,1,Sindh,214.3,722.6,2.85,212.0
2023,4,2,Punjab,260.3,1009.2,3.27,417.0
2023,4,2,Sindh,221.7,796.8,2.84,224.0
2023,4,3,Punjab,259.5,997.1,3.06,411.0
2023,4,3,Sindh,215.6,756.6,2.83,219.0
2023,4,4,Punjab,261.4,1012.5,3.12,425.0
2023,4,4,Sindh,230.1,811.0,2.84,226.0
2023,4,5,Punjab,243.9,957.5,3.12,400.0
2023,4,5,Sindh,225.2,808.8,2.83,229.0
2023,4,6,Punjab,251.7,933.4,3.12,376.0
2023,4,6,Sindh,220.4,761.8,2.84,220.0
2023,4,7,Punjab,253.8,956.7,3.03,377.0
2023,4,7,Sindh,224.5,794.3,2.86,238.0
2023,4,8,Punjab,249.8,938.8,3.15,399.0
2023,4,8,Sindh,224.9,785.5,2.85,227.0
2023,4,9,Punjab,260.0,999.6,3.07,385.0
2023,4,9,Sindh,216.6,755.3,2.86,228.0
2023,4,10,Punjab,266.1,1014.3,3.19,402.0
2023,4,10,Sindh,215.4,742.2,2.84,218.0
2023,4,11,Punjab,267.4,1031.2,3.05,415.0
2023,4,11,Sindh,219.9,794.5,2.84,228.0
2023,4,12,Punjab,254.0,955.0,3.13,398.0
2023,4,12,Sindh,223.8,777.7,2.82,233.0
2023,4,13,Punjab,259.1,1011.9,3.01,397.0
2023,4,13,Sindh,220.2,781.3,2.84,229.0
2023,4,14,Punjab,260.4,988.0,3.02,389.0
2023,4,14,Sindh,211.7,712.8,2.78,206.0
2023,4,15,Punjab,261.8,1008.8,3.08,387.0
2023,4,15,Sindh,215.6,772.2,2.84,228.0
2023,4,16,Punjab,249.9,973.4,3.09,384.0
2023,4,16,Sindh,219.3,783.2,2.85,227.0
2023,4,17,Punjab,271.5,1054.1,3.2,399.0
2023,4,17,Sindh,219.3,769.0,2.86,215.0
2023,4,18,Punjab,264.4,1012.0,3.13,386.0
2023,4,18,Sindh,229.6,800.0,2.84,238.0
2023,4,19,Punjab,264.7,1022.2,3.19,404.0
2023,4,19,Sindh,212.8,750.8,2.85,227.0
2023,4,20,Punjab,266.7,1048.4,3.11,399.0
2023,4,20,Sindh,222.3,812.3,2.8,245.0
2023,4,21,Punjab,261.4,1003.7,3.16,396.0
2023,4,21,Sindh,227.2,768.9,2.85,228.0
2023,4,22,Punjab,249.0,931.6,3.09,358.0
2023,4,22,Sindh,231.2,820.9,2.82,238.0
2023,4,23,Punjab,256.2,985.0,3.09,363.0
2023,4,23,Sindh,217.8,748.7,2.82,225.0
2023,4,24,Punjab,244.1,926.9,3.04,366.0
2023,4,24,Sindh,222.3,777.9,2.85,233.0
2023,4,25,Punjab,260.7,943.7,3.15,347.0
2023,4,25,Sindh,222.8,776.0,2.87,237.0
2023,4,26,Punjab,256.1,982.3,3.15,367.0
2023,4,26,Sindh,220.9,766.8,2.86,227.0
2023,4,27,Punjab,257.2,979.5,3.17,369.0
2023,4,27,Sindh,219.5,768.1,2.85,226.0
2023,4,28,Punjab,267.2,1038.3,3.14,400.0
2023,4,28,Sindh,222.2,760.7,2.85,222.0
2023,4,29,Punjab,253.9,949.9,3.24,353.0
2023,4,29,Sindh,207.4,741.3,2.84,224.0
2023,4,30,Punjab,255.6,941.2,3.14,344.0
2023,4,30,Sindh,223.5,755.3,2.84,217.0
2023,5,1,Punjab,257.9,983.3,3.19,369.0
2023,5,1,Sindh,220.7,780.7,2.86,235.0
2023,5,2,Punjab,243.0,931.1,3.12,344.0
2023,5,2,Sindh,219.0,761.7,2.82,229.0
2023,5,3,Punjab,255.7,973.4,3.09,355.0
2023,5,3,Sindh,230.4,788.9,2.86,237.0
2023,5,4,Punjab,238.0,904.7,3.17,338.0
2023,5,4,Sindh,216.8,762.0,2.84,228.0
2023,5,5,Punjab,253.2,940.8,3.13,334.0
2023,5,5,Sindh,218.2,740.4,2.87,230.0
2023,5,6,Punjab,264.8,1003.4,3.18,350.0
2023,5,6,Sindh,230.2,806.4,2.87,243.0
2023,5,7,Punjab,261.6,987.0,3.16,382.0
2023,5,7,Sindh,216.1,735.2,2.82,218.0
2023,5,8,Punjab,253.3,984.0,3.1,358.0
2023,5,8,Sindh,217.6,768.5,2.84,227.0
2023,5,9,Punjab,258.4,989.6,3.19,361.0
2023,5,9,Sindh,219.6,754.9,2.84,222.0
2023,5,10,Punjab,249.6,942.8,3.1,332.0
2023,5,10,Sindh,224.6,779.4,2.82,235.0
2023,5,11,Punjab,258.2,1015.6,3.17,374.0
2023,5,11,Sindh,221.5,779.6,2.83,228.0
2023,5,12,Punjab,281.7,1065.1,3.21,377.0
2023,5,12,Sindh,214.0,737.4,2.9,229.0
2023,5,13,Punjab,273.1,1048.9,3.12,346.0
2023,5,13,Sindh,217.8,761.6,2.87,236.0
2023,5,14,Punjab,258.8,980.1,3.2,344.0
2023,5,14,Sindh,217.5,738.5,2.89,219.0
2023,5,15,Punjab,259.7,1019.5,3.16,359.0
2023,5,15,Sindh,220.2,780.1,2.87,233.0
2023,5,16,Punjab,250.6,954.2,3.19,337.0
2023,5,16,Sindh,222.7,806.0,2.84,241.0
2023,5,17,Punjab,252.1,960.4,3.1,336.0
2023,5,17,Sindh,222.7,821.4,2.85,249.0
2023,5,18,Punjab,261.5,990.8,3.16,342.0
2023,5,18,Sindh,211.8,742.6,2.87,233.0
2023,5,19,Punjab,254.4,970.8,3.08,332.0
2023,5,19,Sindh,226.0,802.9,2.86,232.0
2023,5,20,Punjab,265.9,1034.5,3.23,360.0
2023,5,20,Sindh,222.0,750.3,2.84,226.0
2023,5,21,Punjab,271.3,1047.8,3.05,347.0
2023,5,21,Sindh,227.7,819.4,2.83,243.0
2023,5,22,Punjab,261.5,994.1,3.13,325.0
2023,5,22,Sindh,223.0,792.2,2.92,232.0
2023,5,23,Punjab,259.7,1020.7,3.1,353.0
2023,5,23,Sindh,226.3,784.9,2.85,234.0
2023,5,24,Punjab,245.4,950.2,3.18,329.0
2023,5,24,Sindh,223.2,799.7,2.85,243.0
2023,5,25,Punjab,264.9,998.0,3.25,353.0
2023,5,25,Sindh,227.6,792.9,2.86,238.0
2023,5,26,Punjab,249.9,921.8,3.18,313.0
2023,5,26,Sindh,223.5,775.5,2.85,227.0
2023,5,27,Punjab,255.7,963.4,3.3,319.0
2023,5,27,Sindh,220.5,778.8,2.86,250.0
2023,5,28,Punjab,266.8,1022.0,3.08,328.0
2023,5,28,Sindh,232.4,797.3,2.88,242.0
2023,5,29,Punjab,267.4,1028.0,3.09,340.0
2023,5,29,Sindh,225.5,804.5,2.86,243.0
2023,5,30,Punjab,255.5,998.0,3.11,342.0
2023,5,30,Sindh,223.9,767.9,2.83,228.0
2023,5,31,Punjab,256.0,950.9,3.16,335.0
2023,5,31,Sindh,214.7,735.7,2.85,227.0
2023,6,1,Punjab,253.7,955.4,3.1,321.0
2023,6,1,Sindh,214.7,737.7,2.85,225.0
2023,6,2,Punjab,249.8,925.6,3.12,298.0
2023,6,2,Sindh,222.6,790.5,2.89,230.0
2023,6,3,Punjab,254.3,939.7,3.19,306.0
2023,6,3,Sindh,221.9,767.4,2.88,229.0
2023,6,4,Punjab,246.6,924.4,3.09,299.0
2023,6,4,Sindh,218.1,743.3,2.86,232.0
2023,6,5,Punjab,265.0,1014.3,3.1,334.0
2023,6,5,Sindh,222.0,767.7,2.83,244.0
2023,6,6,Punjab,262.7,1013.8,3.14,349.0
2023,6,6,Sindh,229.2,801.8,2.84,244.0
2023,6,7,Punjab,264.1,984.7,3.14,339.0
2023,6,7,Sindh,224.8,769.0,2.86,240.0
2023,6,8,Punjab,252.0,941.6,3.21,310.0
2023,6,8,Sindh,215.6,737.5,2.87,226.0
2023,6,9,Punjab,250.2,915.1,3.11,302.0
2023,6,9,Sindh,220.8,804.5,2.85,243.0
2023,6,10,Punjab,260.2,993.1,3.12,319.0
2023,6,10,Sindh,217.4,747.9,2.85,235.0
2023,6,11,Punjab,260.4,974.7,3.19,304.0
2023,6,11,Sindh,219.5,763.4,2.85,242.0
2023,6,12,Punjab,258.7,1016.4,3.2,353.0
2023,6,12,Sindh,219.4,762.4,2.86,240.0
2023,6,13,Punjab,257.6,987.2,3.23,301.0
2023,6,13,Sindh,219.1,760.6,2.81,227.0
2023,6,14,Punjab,273.7,1036.6,3.18,322.0
2023,6,14,Sindh,215.3,762.7,2.84,233.0
2023,6,15,Punjab,263.5,988.3,3.17,340.0
2023,6,15,Sindh,220.9,787.5,2.85,241.0
2023,6,16,Punjab,275.9,1018.4,3.19,333.0
2023,6,16,Sindh,218.8,761.2,2.89,232.0
2023,6,17,Punjab,270.3,999.8,3.15,314.0
2023,6,17,Sindh,207.0,705.9,2.85,221.0
2023,6,18,Punjab,273.8,1028.1,3.15,341.0
2023,6,18,Sindh,231.9,830.9,2.87,255.0
2023,6,19,Punjab,251.7,942.4,3.08,310.0
2023,6,19,Sindh,227.1,793.6,2.87,247.0
2023,6,20,Punjab,265.1,987.2,3.21,306.0
2023,6,20,Sindh,219.9,795.4,2.89,251.0
2023,6,21,Punjab,256.9,983.8,3.18,312.0
2023,6,21,Sindh,221.9,742.8,2.89,228.0
2023,6,22,Punjab,247.1,949.3,3.21,314.0
2023,6,22,Sindh,215.9,758.7,2.86,226.0
2023,6,23,Punjab,272.4,1026.1,3.03,321.0
2023,6,23,Sindh,230.3,834.9,2.85,254.0
2023,6,24,Punjab,258.2,1019.8,3.17,331.0
2023,6,24,Sindh,231.3,804.4,2.85,254.0
2023,6,25,Punjab,252.1,923.2,3.13,308.0
2023,6,25,Sindh,222.7,776.0,2.86,235.0
2023,6,26,Punjab,257.3,979.0,3.24,291.0
2023,6,26,Sindh,227.0,799.1,2.86,247.0
2023,6,27,Punjab,254.3,962.0,3.2,304.0
2023,6,27,Sindh,222.8,771.5,2.88,240.0
2023,6,28,Punjab,255.2,958.7,3.18,308.0
2023,6,28,Sindh,215.3,748.9,2.87,232.0
2023,6,29,Punjab,259.0,970.3,3.15,291.0
2023,6,29,Sindh,220.0,764.8,2.88,235.0
2023,6,30,Punjab,274.7,1043.7,3.19,330.0
2023,6,30,Sindh,222.7,770.1,2.89,232.0
2023,7,1,Punjab,255.6,966.6,3.13,317.0
2023,7,1,Sindh,219.8,787.8,2.9,230.0
2023,7,2,Punjab,274.2,1034.2,3.17,324.0
2023,7,2,Sindh,221.0,780.5,2.87,233.0
2023,7,3,Punjab,267.8,991.6,3.14,301.0
2023,7,3,Sindh,221.7,779.7,2.89,237.0
2023,7,4,Punjab,264.2,971.7,3.29,322.0
2023,7,4,Sindh,221.8,788.4,2.86,246.0
2023,7,5,Punjab,267.1,1009.2,3.25,327.0
2023,7,5,Sindh,222.5,774.7,2.89,237.0
2023,7,6,Punjab,261.3,984.8,3.23,313.0
2023,7,6,Sindh,216.9,747.7,2.89,228.0
2023,7,7,Punjab,271.5,1027.8,3.1,326.0
2023,7,7,Sindh,218.7,756.4,2.89,228.0
2023,7,8,Punjab,265.8,1007.9,3.22,332.0
2023,7,8,Sindh,215.9,755.6,2.87,236.0
2023,7,9,Punjab,248.0,931.9,3.19,297.0
2023,7,9,Sindh,227.2,779.4,2.85,245.0
2023,7,10,Punjab,263.7,998.0,3.24,324.0
2023,7,10,Sindh,211.9,734.0,2.84,232.0
2023,7,11,Punjab,267.7,1000.2,3.19,311.0
2023,7,11,Sindh,228.2,790.9,2.87,244.0
2023,7,12,Punjab,259.2,1015.3,3.18,304.0
2023,7,12,Sindh,229.4,834.7,2.9,245.0
2023,7,13,Punjab,262.5,981.6,3.19,318.0
2023,7,13,Sindh,221.0,731.8,2.86,224.0
2023,7,14,Punjab,256.7,967.9,3.09,316.0
2023,7,14,Sindh,209.5,730.5,2.88,236.0
2023,7,15,Punjab,250.6,937.8,3.14,293.0
2023,7,15,Sindh,220.7,798.5,2.89,249.0
2023,7,16,Punjab,249.3,932.5,3.2,303.0
2023,7,16,Sindh,222.3,779.7,2.86,230.0
2023,7,17,Punjab,249.4,948.4,3.24,297.0
2023,7,17,Sindh,217.6,772.7,2.9,236.0
2023,7,18,Punjab,267.1,1013.1,3.15,321.0
2023,7,18,Sindh,220.1,771.7,2.81,237.0
2023,7,19,Punjab,241.9,910.1,3.18,304.0
2023,7,19,Sindh,230.3,796.1,2.85,238.0
2023,7,20,Punjab,256.6,969.3,3.1,303.0
2023,7,20,Sindh,226.0,757.5,2.85,220.0
2023,7,21,Punjab,255.8,957.7,3.26,301.0
2023,7,21,Sindh,218.1,766.5,2.85,235.0
2023,7,22,Punjab,259.7,995.1,3.24,299.0
2023,7,22,Sindh,214.8,740.1,2.88,224.0
2023,7,23,Punjab,247.2,980.5,3.22,320.0
2023,7,23,Sindh,221.2,762.1,2.88,229.0
2023,7,24,Punjab,265.3,990.8,3.21,309.0
2023,7,24,Sindh,221.8,768.7,2.88,233.0
2023,7,25,Punjab,252.0,965.4,3.26,310.0
2023,7,25,Sindh,225.3,814.9,2.88,246.0
2023,7,26,Punjab,271.3,1031.7,3.15,327.0
2023,7,26,Sindh,220.2,806.8,2.85,244.0
2023,7,27,Punjab,257.3,991.1,3.14,312.0
2023,7,27,Sindh,225.5,792.5,2.85,236.0
2023,7,28,Punjab,261.5,1007.8,3.24,323.0
2023,7,28,Sindh,232.6,807.3,2.88,243.0
2023,7,29,Punjab,262.4,1001.2,3.24,322.0
2023,7,29,Sindh,227.1,777.1,2.86,227.0
2023,7,30,Punjab,264.4,1003.8,3.13,333.0
2023,7,30,Sindh,222.8,786.8,2.84,240.0
2023,7,31,Punjab,262.8,989.8,3.16,333.0
2023,7,31,Sindh,222.1,804.2,2.89,229.0
2023,8,1,Punjab,259.1,969.3,3.27,319.0
2023,8,1,Sindh,221.3,770.9,2.9,233.0
2023,8,2,Punjab,265.3,1006.3,3.21,338.0
2023,8,2,Sindh,229.0,765.9,2.9,238.0
2023,8,3,Punjab,266.4,986.5,3.23,327.0
2023,8,3,Sindh,220.0,780.1,2.88,231.0
2023,8,4,Punjab,256.6,963.1,3.13,315.0
2023,8,4,Sindh,223.4,796.7,2.89,244.0
2023,8,5,Punjab,266.1,1033.5,3.23,351.0
2023,8,5,Sindh,223.5,758.4,2.9,237.0
2023,8,6,Punjab,272.3,1036.8,3.12,323.0
2023,8,6,Sindh,220.7,775.3,2.86,218.0
2023,8,7,Punjab,268.5,1038.1,3.09,330.0
2023,8,7,Sindh,216.4,764.3,2.9,231.0
2023,8,8,Punjab,270.4,1056.7,3.23,338.0
2023,8,8,Sindh,224.9,786.2,2.88,223.0
2023,8,9,Punjab,264.3,1000.9,3.27,325.0
2023,8,9,Sindh,223.0,768.8,2.89,232.0
2023,8,10,Punjab,255.5,975.1,3.18,325.0
2023,8,10,Sindh,225.9,805.8,2.88,242.0
2023,8,11,Punjab,256.6,968.9,3.17,305.0
2023,8,11,Sindh,220.7,766.6,2.9,220.0
2023,8,12,Punjab,265.7,993.3,3.28,332.0
2023,8,12,Sindh,229.6,781.2,2.88,245.0
2023,8,13,Punjab,270.7,1009.6,3.19,326.0
2023,8,13,Sindh,219.1,736.1,2.85,225.0
2023,8,14,Punjab,285.5,1101.8,3.19,362.0
2023,8,14,Sindh,232.1,831.2,2.91,243.0
2023,8,15,Punjab,271.1,1034.4,3.28,346.0
2023,8,15,Sindh,214.8,761.1,2.86,237.0
2023,8,16,Punjab,254.0,1002.0,3.18,349.0
2023,8,16,Sindh,225.8,791.5,2.9,228.0
2023,8,17,Punjab,257.2,996.9,3.17,323.0
2023,8,17,Sindh,226.0,784.4,2.88,229.0
2023,8,18,Punjab,281.6,1055.6,3.24,352.0
2023,8,18,Sindh,219.7,760.9,2.9,218.0
2023,8,19,Punjab,261.8,1011.5,3.17,326.0
2023,8,19,Sindh,225.8,774.2,2.9,241.0
2023,8,20,Punjab,263.9,996.7,3.19,326.0
2023,8,20,Sindh,230.1,798.9,2.89,240.0
2023,8,21,Punjab,255.9,996.7,3.14,322.0
2023,8,21,Sindh,212.7,712.5,2.89,220.0
2023,8,22,Punjab,276.2,1039.7,3.21,353.0
2023,8,22,Sindh,226.3,781.0,2.89,235.0
2023,8,23,Punjab,267.7,996.2,3.21,340.0
2023,8,23,Sindh,211.3,735.0,2.84,224.0
2023,8,24,Punjab,257.5,962.7,3.25,333.0
2023,8,24,Sindh,219.0,775.7,2.88,232.0
2023,8,25,Punjab,255.8,957.3,3.25,317.0
2023,8,25,Sindh,232.0,811.5,2.86,241.0
2023,8,26,Punjab,266.3,995.1,3.23,344.0
2023,8,26,Sindh,221.0,785.4,2.88,234.0
2023,8,27,Punjab,264.2,992.7,3.23,340.0
2023,8,27,Sindh,218.1,783.5,2.86,230.0
2023,8,28,Punjab,270.6,1045.4,3.2,357.0
2023,8,28,Sindh,223.0,796.3,2.86,235.0
2023,8,29,Punjab,268.4,1055.8,3.24,351.0
2023,8,29,Sindh,234.3,827.2,2.91,245.0
2023,8,30,Punjab,261.9,968.8,3.15,334.0
2023,8,30,Sindh,214.9,752.2,2.9,225.0
2023,8,31,Punjab,259.8,1012.3,3.09,349.0
2023,8,31,Sindh,218.8,751.1,2.88,216.0
2023,9,1,Punjab,262.9,989.4,3.27,344.0
2023,9,1,Sindh,231.6,821.6,2.88,235.0
2023,9,2,Punjab,259.8,994.2,3.24,350.0
2023,9,2,Sindh,233.4,842.2,2.88,252.0
2023,9,3,Punjab,263.2,967.2,3.2,344.0
2023,9,3,Sindh,223.6,787.9,2.89,231.0
2023,9,4,Punjab,264.4,1015.4,3.26,345.0
2023,9,4,Sindh,218.0,791.8,2.87,236.0
2023,9,5,Punjab,257.2,937.2,3.17,326.0
2023,9,5,Sindh,234.7,798.6,2.9,229.0
2023,9,6,Punjab,269.5,1030.3,3.18,367.0
2023,9,6,Sindh,232.2,795.5,2.88,226.0
2023,9,7,Punjab,261.5,998.9,3.17,349.0
2023,9,7,Sindh,227.7,809.7,2.87,233.0
2023,9,8,Punjab,257.8,983.4,3.24,358.0
2023,9,8,Sindh,220.3,774.9,2.88,227.0
2023,9,9,Punjab,261.8,980.0,3.13,348.0
2023,9,9,Sindh,224.1,804.1,2.87,232.0
2023,9,10,Punjab,266.6,1024.0,3.18,344.0
2023,9,10,Sindh,223.6,782.3,2.89,236.0
2023,9,11,Punjab,265.4,1016.2,3.23,372.0
2023,9,11,Sindh,226.1,778.2,2.87,229.0
2023,9,12,Punjab,268.1,1014.6,3.15,362.0
2023,9,12,Sindh,231.7,807.8,2.89,245.0
2023,9,13,Punjab,272.0,1047.0,3.18,358.0
2023,9,13,Sindh,228.9,778.1,2.91,230.0
2023,9,14,Punjab,275.3,1044.2,3.11,372.0
2023,9,14,Sindh,219.1,750.0,2.87,208.0
2023,9,15,Punjab,267.2,1025.9,3.25,359.0
2023,9,15,Sindh,231.4,824.6,2.88,244.0
2023,9,16,Punjab,256.4,971.8,3.18,361.0
2023,9,16,Sindh,226.2,804.6,2.89,226.0
2023,9,17,Punjab,262.8,1003.2,3.16,365.0
2023,9,17,Sindh,228.1,803.6,2.88,234.0
2023,9,18,Punjab,257.0,988.2,3.15,352.0
2023,9,18,Sindh,232.0,786.1,2.89,225.0
2023,9,19,Punjab,278.7,1051.0,3.2,393.0
2023,9,19,Sindh,219.1,761.6,2.9,233.0
2023,9,20,Punjab,281.1,1043.4,3.14,387.0
2023,9,20,Sindh,224.5,767.5,2.91,231.0
2023,9,21,Punjab,270.4,1033.1,3.32,380.0
2023,9,21,Sindh,222.1,795.0,2.87,226.0
2023,9,22,Punjab,272.1,1057.9,3.1,377.0
2023,9,22,Sindh,216.9,750.5,2.87,218.0
2023,9,23,Punjab,267.3,1021.8,3.2,371.0
2023,9,23,Sindh,226.5,776.6,2.88,226.0
2023,9,24,Punjab,268.3,1025.9,3.23,374.0
2023,9,24,Sindh,237.4,831.4,2.87,242.0
2023,9,25,Punjab,252.6,959.2,3.18,368.0
2023,9,25,Sindh,215.7,745.3,2.9,217.0
2023,9,26,Punjab,264.9,1021.3,3.23,367.0
2023,9,26,Sindh,224.7,808.9,2.86,227.0
2023,9,27,Punjab,258.5,978.5,3.18,369.0
2023,9,27,Sindh,228.1,787.5,2.93,223.0
2023,9,28,Punjab,267.8,1008.7,3.3,381.0
2023,9,28,Sindh,225.6,768.6,2.91,222.0
2023,9,29,Punjab,265.2,1029.7,3.17,400.0
2023,9,29,Sindh,224.4,753.2,2.89,224.0
2023,9,30,Punjab,281.3,1058.2,3.11,403.0
2023,9,30,Sindh,218.5,764.4,2.91,222.0
2023,10,1,Punjab,273.1,1055.5,3.16,407.0
2023,10,1,Sindh,226.2,783.4,2.86,220.0
2023,10,2,Punjab,268.1,1040.8,3.25,394.0
2023,10,2,Sindh,221.3,753.2,2.94,220.0
2023,10,3,Punjab,263.7,1013.4,3.22,378.0
2023,10,3,Sindh,214.2,767.5,2.88,218.0
2023,10,4,Punjab,279.3,1036.4,3.27,397.0
2023,10,4,Sindh,231.1,819.0,2.89,237.0
2023,10,5,Punjab,265.7,1010.2,3.25,400.0
2023,10,5,Sindh,230.0,804.6,2.85,241.0
2023,10,6,Punjab,268.7,1016.9,3.2,403.0
2023,10,6,Sindh,225.5,809.7,2.9,228.0
2023,10,7,Punjab,266.4,1002.4,3.21,387.0
2023,10,7,Sindh,226.4,802.4,2.87,231.0
2023,10,8,Punjab,262.9,1001.8,3.21,384.0
2023,10,8,Sindh,230.7,795.0,2.89,222.0
2023,10,9,Punjab,266.5,1027.9,3.33,395.0
2023,10,9,Sindh,226.5,777.0,2.88,220.0
2023,10,10,Punjab,250.5,942.8,3.27,375.0
2023,10,10,Sindh,229.9,816.9,2.87,230.0
2023,10,11,Punjab,253.9,961.3,3.33,386.0
2023,10,11,Sindh,223.9,789.6,2.87,222.0
2023,10,12,Punjab,269.1,1017.8,3.27,420.0
2023,10,12,Sindh,232.0,814.5,2.9,242.0
2023,10,13,Punjab,278.9,1083.2,3.23,430.0
2023,10,13,Sindh,227.1,782.0,2.87,219.0
2023,10,14,Punjab,269.2,1017.9,3.18,413.0
2023,10,14,Sindh,226.5,801.7,2.88,228.0
2023,10,15,Punjab,260.7,966.0,3.24,383.0
2023,10,15,Sindh,219.2,755.8,2.9,204.0
2023,10,16,Punjab,255.0,937.5,3.23,382.0
2023,10,16,Sindh,227.0,792.9,2.94,226.0
2023,10,17,Punjab,272.9,1044.1,3.23,422.0
2023,10,17,Sindh,221.4,796.7,2.9,229.0
2023,10,18,Punjab,262.1,980.8,3.23,398.0
2023,10,18,Sindh,222.4,768.6,2.87,214.0
2023,10,19,Punjab,271.8,1046.4,3.13,422.0
2023,10,19,Sindh,221.6,751.9,2.89,199.0
2023,10,20,Punjab,269.9,998.9,3.3,411.0
2023,10,20,Sindh,220.4,755.5,2.89,212.0
2023,10,21,Punjab,270.6,1017.6,3.24,422.0
2023,10,21,Sindh,236.3,842.1,2.89,234.0
2023,10,22,Punjab,267.1,988.4,3.17,419.0
2023,10,22,Sindh,232.4,817.3,2.91,231.0
2023,10,23,Punjab,270.0,1034.6,3.26,403.0
2023,10,23,Sindh,235.4,821.9,2.9,239.0
2023,10,24,Punjab,266.0,1023.8,3.2,434.0
2023,10,24,Sindh,219.7,761.3,2.91,211.0
2023,10,25,Punjab,261.9,1002.1,3.27,400.0
2023,10,25,Sindh,226.2,799.0,2.89,218.0
2023,10,26,Punjab,259.4,963.8,3.29,409.0
2023,10,26,Sindh,219.4,755.2,2.92,206.0
2023,10,27,Punjab,248.0,927.6,3.29,418.0
2023,10,27,Sindh,222.4,783.1,2.89,219.0
2023,10,28,Punjab,265.7,1014.4,3.23,425.0
2023,10,28,Sindh,221.4,763.8,2.88,215.0
2023,10,29,Punjab,279.4,1027.9,3.22,433.0
2023,10,29,Sindh,232.2,799.2,2.94,219.0
2023,10,30,Punjab,273.1,1033.0,3.21,431.0
2023,10,30,Sindh,224.0,774.5,2.86,219.0
2023,10,31,Punjab,269.1,1053.1,3.21,449.0
2023,10,31,Sindh,231.4,804.2,2.88,224.0
2023,11,1,Punjab,261.5,990.1,3.24,426.0
2023,11,1,Sindh,229.1,801.1,2.88,221.0
2023,11,2,Punjab,275.4,1016.8,3.23,426.0
2023,11,2,Sindh,237.6,835.2,2.95,226.0
2023,11,3,Punjab,266.5,1000.7,3.2,426.0
2023,11,3,Sindh,218.7,710.3,2.93,196.0
2023,11,4,Punjab,280.1,1051.9,3.19,435.0
2023,11,4,Sindh,232.5,801.5,2.93,209.0
2023,11,5,Punjab,259.7,1029.8,3.24,440.0
2023,11,5,Sindh,231.9,805.9,2.89,223.0
2023,11,6,Punjab,261.6,1027.6,3.23,437.0
2023,11,6,Sindh,221.4,797.4,2.95,220.0
2023,11,7,Punjab,260.9,1006.1,3.19,436.0
2023,11,7,Sindh,231.3,793.4,2.9,219.0
2023,11,8,Punjab,255.9,965.5,3.29,416.0
2023,11,8,Sindh,228.0,800.4,2.92,222.0
2023,11,9,Punjab,260.3,1013.2,3.34,439.0
2023,11,9,Sindh,225.2,810.6,2.9,224.0
2023,11,10,Punjab,268.7,998.3,3.3,437.0
2023,11,10,Sindh,222.3,758.2,2.9,208.0
2023,11,11,Punjab,262.2,1017.9,3.21,445.0
2023,11,11,Sindh,222.8,785.7,2.89,216.0
2023,11,12,Punjab,237.1,919.6,3.25,414.0
2023,11,12,Sindh,236.7,816.4,2.89,216.0
2023,11,13,Punjab,276.6,1048.1,3.33,457.0
2023,11,13,Sindh,226.5,785.1,2.91,212.0
2023,11,14,Punjab,254.6,990.2,3.19,429.0
2023,11,14,Sindh,230.4,794.4,2.91,217.0
2023,11,15,Punjab,272.8,1027.8,3.29,454.0
2023,11,15,Sindh,222.6,768.0,2.9,207.0
2023,11,16,Punjab,268.4,994.7,3.18,439.0
2023,11,16,Sindh,222.7,820.2,2.93,228.0
2023,11,17,Punjab,285.2,1103.2,3.34,493.0
2023,11,17,Sindh,232.0,824.7,2.84,220.0
2023,11,18,Punjab,276.3,1048.0,3.23,474.0
2023,11,18,Sindh,219.9,786.1,2.91,215.0
2023,11,19,Punjab,264.3,1016.3,3.37,441.0
2023,11,19,Sindh,224.6,793.4,2.91,217.0
2023,11,20,Punjab,262.8,1034.9,3.34,468.0
2023,11,20,Sindh,226.9,769.9,2.92,214.0
2023,11,21,Punjab,280.5,1051.3,3.25,476.0
2023,11,21,Sindh,227.3,801.4,2.9,222.0
2023,11,22,Punjab,256.7,972.5,3.22,427.0
2023,11,22,Sindh,225.9,806.6,2.9,222.0
2023,11,23,Punjab,270.1,1057.6,3.27,478.0
2023,11,23,Sindh,228.8,787.9,2.92,204.0
2023,11,24,Punjab,267.5,1030.0,3.25,472.0
2023,11,24,Sindh,230.3,820.5,2.93,228.0
2023,11,25,Punjab,265.9,996.4,3.24,443.0
2023,11,25,Sindh,230.5,817.4,2.9,229.0
2023,11,26,Punjab,271.5,1012.7,3.18,455.0
2023,11,26,Sindh,222.0,804.6,2.91,215.0
2023,11,27,Punjab,270.3,1016.5,3.23,463.0
2023,11,27,Sindh,225.5,783.0,2.94,214.0
2023,11,28,Punjab,272.5,1020.6,3.21,469.0
2023,11,28,Sindh,232.9,798.8,2.86,211.0
2023,11,29,Punjab,270.0,1030.6,3.29,459.0
2023,11,29,Sindh,231.5,804.7,2.89,207.0
2023,11,30,Punjab,272.3,1036.1,3.31,483.0
2023,11,30,Sindh,220.2,792.1,2.93,211.0
2023,12,1,Punjab,269.7,1030.5,3.3,450.0
2023,12,1,Sindh,228.8,773.4,2.92,207.0
2023,12,2,Punjab,263.7,985.4,3.28,469.0
2023,12,2,Sindh,217.2,729.2,2.91,196.0
2023,12,3,Punjab,269.1,1021.2,3.22,473.0
2023,12,3,Sindh,227.4,797.1,2.89,210.0
2023,12,4,Punjab,263.4,959.8,3.27,442.0
2023,12,4,Sindh,236.6,821.6,2.89,217.0
2023,12,5,Punjab,262.9,1002.0,3.3,473.0
2023,12,5,Sindh,222.4,778.7,2.89,210.0
2023,12,6,Punjab,266.5,1036.3,3.24,466.0
2023,12,6,Sindh,223.0,794.8,2.94,210.0
2023,12,7,Punjab,268.3,991.1,3.27,463.0
2023,12,7,Sindh,231.1,800.5,2.89,218.0
2023,12,8,Punjab,269.6,1034.2,3.26,480.0
2023,12,8,Sindh,219.6,740.4,2.91,204.0
2023,12,9,Punjab,276.7,1039.3,3.35,483.0
2023,12,9,Sindh,224.1,815.2,2.89,231.0
2023,12,10,Punjab,265.4,1024.8,3.31,468.0
2023,12,10,Sindh,230.3,791.2,2.92,219.0
2023,12,11,Punjab,271.1,1033.2,3.3,475.0
2023,12,11,Sindh,224.2,768.8,2.89,208.0
2023,12,12,Punjab,270.5,1035.9,3.18,481.0
2023,12,12,Sindh,226.2,808.4,2.9,214.0
2023,12,13,Punjab,264.7,1007.3,3.28,464.0
2023,12,13,Sindh,231.2,803.3,2.87,217.0
2023,12,14,Punjab,270.2,1053.5,3.26,491.0
2023,12,14,Sindh,229.6,802.6,2.87,217.0
2023,12,15,Punjab,277.7,1062.3,3.26,486.0
2023,12,15,Sindh,228.8,808.2,2.91,214.0
2023,12,16,Punjab,271.2,1016.6,3.19,486.0
2023,12,16,Sindh,225.8,806.7,2.88,220.0
2023,12,17,Punjab,271.6,1034.1,3.22,498.0
2023,12,17,Sindh,229.4,798.0,2.95,207.0
2023,12,18,Punjab,264.2,996.7,3.27,468.0
2023,12,18,Sindh,227.0,817.3,2.87,217.0
2023,12,19,Punjab,285.7,1088.8,3.33,514.0
2023,12,19,Sindh,229.9,772.7,2.89,210.0
2023,12,20,Punjab,264.8,997.8,3.24,470.0
2023,12,20,Sindh,225.2,799.6,2.91,213.0
2023,12,21,Punjab,256.7,961.8,3.25,451.0
2023,12,21,Sindh,226.8,781.2,2.9,208.0
2023,12,22,Punjab,277.0,1056.4,3.36,491.0
2023,12,22,Sindh,222.8,800.3,2.89,213.0
2023,12,23,Punjab,269.2,1024.1,3.26,484.0
2023,12,23,Sindh,227.6,798.7,2.89,209.0
2023,12,24,Punjab,267.8,1038.7,3.27,471.0
2023,12,24,Sindh,223.7,773.0,2.89,213.0
2023,12,25,Punjab,265.9,1002.0,3.27,482.0
2023,12,25,Sindh,222.3,787.9,2.9,206.0
2023,12,26,Punjab,285.3,1044.4,3.21,491.0
2023,12,26,Sindh,229.2,815.5,2.95,220.0
2023,12,27,Punjab,273.2,1030.8,3.31,498.0
2023,12,27,Sindh,229.0,811.0,2.91,219.0
2023,12,28,Punjab,274.8,1011.7,3.25,486.0
2023,12,28,Sindh,231.8,796.0,2.93,209.0
2023,12,29,Punjab,271.7,1040.9,3.28,493.0
2023,12,29,Sindh,225.8,783.1,2.92,210.0
2023,12,30,Punjab,272.7,1002.6,3.3,475.0
2023,12,30,Sindh,230.0,805.1,2.93,211.0
2023,12,31,Punjab,281.7,1050.8,3.38,512.0
2023,12,31,Sindh,230.8,807.1,2.85,222.0
2024,1,1,Punjab,268.6,1013.4,3.22,503.0
2024,1,1,Sindh,230.3,817.2,2.9,213.0
2024,1,2,Punjab,259.0,1015.1,3.32,481.0
2024,1,2,Sindh,224.0,753.7,2.94,200.0
2024,1,3,Punjab,277.7,1033.6,3.33,501.0
2024,1,3,Sindh,228.9,806.1,2.9,209.0
2024,1,4,Punjab,274.7,1044.2,3.25,487.0
2024,1,4,Sindh,230.0,800.6,2.95,208.0
2024,1,5,Punjab,271.7,1044.0,3.31,489.0
2024,1,5,Sindh,228.2,786.2,2.94,219.0
2024,1,6,Punjab,274.6,1073.3,3.37,502.0
2024,1,6,Sindh,217.8,751.1,2.9,205.0
2024,1,7,Punjab,268.0,1033.8,3.25,497.0
2024,1,7,Sindh,229.1,798.5,2.9,214.0
2024,1,8,Punjab,271.1,1052.2,3.3,487.0
2024,1,8,Sindh,239.4,783.7,2.89,207.0
2024,1,9,Punjab,270.0,1043.2,3.31,510.0
2024,1,9,Sindh,226.5,782.3,2.9,214.0
2024,1,10,Punjab,266.3,987.9,3.31,485.0
2024,1,10,Sindh,224.7,773.4,2.89,203.0
2024,1,11,Punjab,280.6,1073.6,3.33,512.0
2024,1,11,Sindh,230.3,813.9,2.92,222.0
2024,1,12,Punjab,259.9,1004.5,3.3,478.0
2024,1,12,Sindh,230.0,792.9,2.88,208.0
2024,1,13,Punjab,290.1,1083.3,3.31,517.0
2024,1,13,Sindh,234.4,817.2,2.93,216.0
2024,1,14,Punjab,278.3,1046.0,3.24,465.0
2024,1,14,Sindh,222.2,800.8,2.93,219.0
2024,1,15,Punjab,257.1,961.0,3.3,470.0
2024,1,15,Sindh,232.2,827.5,2.88,226.0
2024,1,16,Punjab,269.6,1039.9,3.27,494.0
2024,1,16,Sindh,231.5,823.8,2.95,224.0
2024,1,17,Punjab,270.1,1025.0,3.23,468.0
2024,1,17,Sindh,227.9,790.1,2.92,207.0
2024,1,18,Punjab,274.6,1037.2,3.27,496.0
2024,1,18,Sindh,230.3,814.2,2.93,216.0
2024,1,19,Punjab,263.6,976.2,3.31,476.0
2024,1,19,Sindh,233.8,814.8,2.9,219.0
2024,1,20,Punjab,271.9,1031.7,3.31,471.0
2024,1,20,Sindh,233.0,812.7,2.93,214.0
2024,1,21,Punjab,270.7,1017.3,3.23,472.0
2024,1,21,Sindh,223.0,786.6,2.94,219.0
2024,1,22,Punjab,265.8,1014.9,3.25,503.0
2024,1,22,Sindh,232.8,806.0,2.91,205.0
2024,1,23,Punjab,264.8,983.2,3.33,471.0
2024,1,23,Sindh,228.5,822.0,2.96,217.0
2024,1,24,Punjab,279.2,1064.4,3.32,510.0
2024,1,24,Sindh,229.2,799.7,2.92,213.0
2024,1,25,Punjab,258.3,972.8,3.34,480.0
2024,1,25,Sindh,229.2,811.5,2.94,205.0
2024,1,26,Punjab,275.7,1022.9,3.36,490.0
2024,1,26,Sindh,228.1,820.3,2.92,214.0
2024,1,27,Punjab,278.4,1031.2,3.32,498.0
2024,1,27,Sindh,234.9,837.5,2.93,229.0
2024,1,28,Punjab,270.3,1003.5,3.28,456.0
2024,1,28,Sindh,228.5,778.7,2.88,211.0
2024,1,29,Punjab,272.5,1031.4,3.3,485.0
2024,1,29,Sindh,223.4,788.5,2.92,221.0
2024,1,30,Punjab,281.4,1071.9,3.38,471.0
2024,1,30,Sindh,227.0,807.4,2.9,226.0
2024,1,31,Punjab,266.5,1018.3,3.44,466.0
2024,1,31,Sindh,229.9,818.1,2.9,223.0
2024,2,1,Punjab,267.4,1022.4,3.32,477.0
2024,2,1,Sindh,235.2,806.6,2.95,220.0
2024,2,2,Punjab,268.3,1004.5,3.33,469.0
2024,2,2,Sindh,232.1,802.6,2.91,218.0
2024,2,3,Punjab,281.7,1091.5,3.34,507.0
2024,2,3,Sindh,224.9,802.0,2.9,204.0
2024,2,4,Punjab,282.7,1065.6,3.3,496.0
2024,2,4,Sindh,241.6,834.2,2.91,218.0
2024,2,5,Punjab,261.3,1001.9,3.36,475.0
2024,2,5,Sindh,230.5,802.3,2.89,218.0
2024,2,6,Punjab,280.6,1062.8,3.35,496.0
2024,2,6,Sindh,235.6,848.3,2.95,233.0
2024,2,7,Punjab,279.1,1068.1,3.32,499.0
2024,2,7,Sindh,228.5,799.1,2.91,219.0
2024,2,8,Punjab,285.0,1078.9,3.29,489.0
2024,2,8,Sindh,232.0,801.0,2.93,214.0
2024,2,9,Punjab,275.7,1055.7,3.23,481.0
2024,2,9,Sindh,233.5,804.2,2.95,224.0
2024,2,10,Punjab,272.4,1034.8,3.34,482.0
2024,2,10,Sindh,235.5,829.1,2.91,233.0
2024,2,11,Punjab,281.9,1087.6,3.32,499.0
2024,2,11,Sindh,234.7,801.4,2.93,223.0
2024,2,12,Punjab,278.4,1041.6,3.27,471.0
2024,2,12,Sindh,233.8,814.6,2.9,227.0
2024,2,13,Punjab,290.8,1069.8,3.25,502.0
2024,2,13,Sindh,227.9,802.6,2.97,217.0
2024,2,14,Punjab,280.6,1046.8,3.34,491.0
2024,2,14,Sindh,226.6,812.7,2.94,227.0
2024,2,15,Punjab,274.2,1063.4,3.23,478.0
2024,2,15,Sindh,231.2,819.2,2.92,224.0
2024,2,16,Punjab,263.6,998.8,3.32,463.0
2024,2,16,Sindh,234.2,809.1,2.91,224.0
2024,2,17,Punjab,268.4,1021.9,3.35,493.0
2024,2,17,Sindh,228.5,817.4,2.92,225.0
2024,2,18,Punjab,261.7,973.2,3.34,456.0
2024,2,18,Sindh,235.0,817.8,2.92,223.0
2024,2,19,Punjab,271.5,1032.9,3.29,478.0
2024,2,19,Sindh,236.9,810.7,2.96,218.0
2024,2,20,Punjab,280.7,1046.0,3.25,471.0
2024,2,20,Sindh,225.1,785.3,2.9,216.0
2024,2,21,Punjab,273.3,1020.9,3.34,466.0
2024,2,21,Sindh,225.5,811.0,2.93,228.0
2024,2,22,Punjab,281.5,1061.8,3.37,498.0
2024,2,22,Sindh,229.1,804.2,2.92,219.0
2024,2,23,Punjab,276.1,1058.1,3.28,480.0
2024,2,23,Sindh,231.3,809.8,2.92,227.0
2024,2,24,Punjab,270.2,1037.9,3.34,471.0
2024,2,24,Sindh,227.2,819.8,2.92,229.0
2024,2,25,Punjab,274.2,1053.6,3.39,477.0
2024,2,25,Sindh,236.6,806.7,2.92,221.0
2024,2,26,Punjab,277.3,1022.1,3.33,490.0
2024,2,26,Sindh,232.0,792.7,2.94,226.0
2024,2,27,Punjab,274.7,1043.8,3.3,471.0
2024,2,27,Sindh,230.1,781.2,2.94,215.0
2024,2,28,Punjab,274.9,1040.6,3.37,461.0
2024,2,28,Sindh,222.8,785.3,2.93,226.0
2024,2,29,Punjab,267.6,986.1,3.28,442.0
2024,2,29,Sindh,223.4,784.4,2.86,219.0
2024,3,1,Punjab,270.3,1027.5,3.25,469.0
2024,3,1,Sindh,231.4,833.1,2.93,230.0
2024,3,2,Punjab,291.9,1104.2,3.36,474.0
2024,3,2,Sindh,219.4,771.5,2.89,210.0
2024,3,3,Punjab,283.7,1088.3,3.3,485.0
2024,3,3,Sindh,235.1,816.9,2.94,226.0
2024,3,4,Punjab,262.1,997.8,3.3,441.0
2024,3,4,Sindh,229.3,802.7,2.96,223.0
2024,3,5,Punjab,255.1,958.2,3.29,415.0
2024,3,5,Sindh,246.4,864.0,2.91,232.0
2024,3,6,Punjab,274.7,1062.2,3.3,459.0
2024,3,6,Sindh,241.7,820.9,2.92,227.0
2024,3,7,Punjab,281.2,1024.3,3.39,456.0
2024,3,7,Sindh,229.3,843.2,2.91,230.0
2024,3,8,Punjab,270.0,1024.7,3.4,469.0
2024,3,8,Sindh,229.7,811.8,2.95,230.0
2024,3,9,Punjab,282.4,1037.8,3.41,467.0
2024,3,9,Sindh,235.3,826.5,2.93,237.0
2024,3,10,Punjab,274.7,1025.7,3.38,450.0
2024,3,10,Sindh,238.8,845.1,2.96,230.0
2024,3,11,Punjab,273.0,1047.9,3.35,468.0
2024,3,11,Sindh,222.2,788.2,2.94,230.0
2024,3,12,Punjab,280.4,1040.1,3.25,450.0
2024,3,12,Sindh,221.4,772.9,2.93,217.0
2024,3,13,Punjab,270.2,998.1,3.31,424.0
2024,3,13,Sindh,227.3,786.1,2.93,217.0
2024,3,14,Punjab,272.2,1081.9,3.43,468.0
2024,3,14,Sindh,233.4,825.7,2.94,236.0
2024,3,15,Punjab,279.9,1036.4,3.3,434.0
2024,3,15,Sindh,233.0,821.1,2.89,228.0
2024,3,16,Punjab,274.3,1075.4,3.4,471.0
2024,3,16,Sindh,235.9,813.3,2.93,229.0
2024,3,17,Punjab,289.9,1098.2,3.33,477.0
2024,3,17,Sindh,224.5,807.2,2.93,226.0
2024,3,18,Punjab,280.2,1054.4,3.19,441.0
2024,3,18,Sindh,219.0,770.9,2.94,215.0
2024,3,19,Punjab,279.8,1074.4,3.36,460.0
2024,3,19,Sindh,234.9,833.1,2.93,238.0
2024,3,20,Punjab,274.4,1069.4,3.39,457.0
2024,3,20,Sindh,226.5,813.6,2.91,228.0
2024,3,21,Punjab,281.8,1048.1,3.33,455.0
2024,3,21,Sindh,220.6,772.3,2.93,213.0
2024,3,22,Punjab,272.3,1024.6,3.39,425.0
2024,3,22,Sindh,231.4,814.7,2.91,233.0
2024,3,23,Punjab,277.2,1070.3,3.25,456.0
2024,3,23,Sindh,234.7,833.6,2.89,229.0
2024,3,24,Punjab,267.7,1022.9,3.26,419.0
2024,3,24,Sindh,230.2,794.7,2.95,221.0
2024,3,25,Punjab,283.4,1098.8,3.34,467.0
2024,3,25,Sindh,228.5,800.6,2.94,234.0
2024,3,26,Punjab,277.4,1064.5,3.36,456.0
2024,3,26,Sindh,230.0,807.0,2.94,224.0
2024,3,27,Punjab,291.0,1142.0,3.4,466.0
2024,3,27,Sindh,229.0,787.2,2.96,214.0
2024,3,28,Punjab,294.3,1122.1,3.37,476.0
2024,3,28,Sindh,224.2,819.3,2.92,237.0
2024,3,29,Punjab,281.4,1073.6,3.27,428.0
2024,3,29,Sindh,227.4,774.6,2.9,221.0
2024,3,30,Punjab,275.9,1054.7,3.34,448.0
2024,3,30,Sindh,233.6,798.0,2.93,228.0
2024,3,31,Punjab,267.8,1014.8,3.36,436.0
2024,3,31,Sindh,232.6,833.8,2.93,236.0
2024,4,1,Punjab,282.7,1091.1,3.24,449.0
2024,4,1,Sindh,231.9,822.2,2.92,236.0
2024,4,2,Punjab,277.2,1057.9,3.33,432.0
2024,4,2,Sindh,226.1,775.9,2.93,220.0
2024,4,3,Punjab,279.8,1079.1,3.32,443.0
2024,4,3,Sindh,230.2,814.8,2.92,241.0
2024,4,4,Punjab,289.4,1118.7,3.3,446.0
2024,4,4,Sindh,220.2,792.9,2.9,221.0
2024,4,5,Punjab,269.0,1030.9,3.36,447.0
2024,4,5,Sindh,232.1,811.7,2.92,236.0
2024,4,6,Punjab,268.3,1029.5,3.28,412.0
2024,4,6,Sindh,238.3,873.2,2.91,252.0
2024,4,7,Punjab,273.8,1020.4,3.36,427.0
2024,4,7,Sindh,223.9,757.6,2.94,217.0
2024,4,8,Punjab,282.4,1062.0,3.37,420.0
2024,4,8,Sindh,228.3,809.5,2.92,229.0
2024,4,9,Punjab,280.3,1081.9,3.39,449.0
2024,4,9,Sindh,232.9,832.8,2.96,245.0
2024,4,10,Punjab,268.7,1049.7,3.28,439.0
2024,4,10,Sindh,237.6,844.9,2.97,239.0
2024,4,11,Punjab,282.0,1032.8,3.27,415.0
2024,4,11,Sindh,229.1,798.8,2.95,229.0
2024,4,12,Punjab,266.4,1000.9,3.36,403.0
2024,4,12,Sindh,227.9,793.4,2.9,235.0
2024,4,13,Punjab,269.4,1024.0,3.33,397.0
2024,4,13,Sindh,221.6,782.2,2.97,229.0
2024,4,14,Punjab,275.2,1028.1,3.49,398.0
2024,4,14,Sindh,232.0,824.1,2.97,231.0
2024,4,15,Punjab,271.7,1016.1,3.37,405.0
2024,4,15,Sindh,241.7,855.0,2.94,256.0
2024,4,16,Punjab,283.3,1086.2,3.35,439.0
2024,4,16,Sindh,232.9,830.8,2.96,239.0
2024,4,17,Punjab,278.6,1090.2,3.34,419.0
2024,4,17,Sindh,231.4,794.8,2.93,230.0
2024,4,18,Punjab,290.4,1063.1,3.28,435.0
2024,4,18,Sindh,233.2,812.8,2.9,238.0
2024,4,19,Punjab,274.4,1039.3,3.37,398.0
2024,4,19,Sindh,231.6,796.4,2.92,236.0
2024,4,20,Punjab,275.4,1056.0,3.34,411.0
2024,4,20,Sindh,227.6,790.7,2.97,242.0
2024,4,21,Punjab,286.2,1103.0,3.34,426.0
2024,4,21,Sindh,235.8,840.5,2.91,236.0
2024,4,22,Punjab,275.8,1054.4,3.35,404.0
2024,4,22,Sindh,232.8,816.6,2.94,243.0
2024,4,23,Punjab,288.5,1131.7,3.36,411.0
2024,4,23,Sindh,231.8,850.5,2.94,252.0
2024,4,24,Punjab,281.0,1068.3,3.26,400.0
2024,4,24,Sindh,226.9,797.1,2.93,234.0
2024,4,25,Punjab,257.9,1006.1,3.39,387.0
2024,4,25,Sindh,238.3,835.0,2.93,248.0
2024,4,26,Punjab,286.2,1074.5,3.31,405.0
2024,4,26,Sindh,235.2,824.7,2.94,247.0
2024,4,27,Punjab,284.1,1080.7,3.34,414.0
2024,4,27,Sindh,229.1,792.3,2.93,227.0
2024,4,28,Punjab,284.5,1056.7,3.42,407.0
2024,4,28,Sindh,236.9,828.3,2.91,252.0
2024,4,29,Punjab,261.6,1012.2,3.44,380.0
2024,4,29,Sindh,229.5,820.0,2.94,234.0
2024,4,30,Punjab,271.7,1029.9,3.27,375.0
2024,4,30,Sindh,228.1,799.9,2.96,232.0
2024,5,1,Punjab,272.3,1041.9,3.35,405.0
2024,5,1,Sindh,228.2,786.8,2.96,233.0
2024,5,2,Punjab,270.3,1021.0,3.37,367.0
2024,5,2,Sindh,223.2,767.3,2.92,239.0
2024,5,3,Punjab,291.1,1117.7,3.28,406.0
2024,5,3,Sindh,234.4,813.8,2.92,239.0
2024,5,4,Punjab,277.1,1060.8,3.4,384.0
2024,5,4,Sindh,222.9,781.4,2.94,233.0
2024,5,5,Punjab,276.9,1032.4,3.36,388.0
2024,5,5,Sindh,226.0,808.9,2.97,248.0
2024,5,6,Punjab,281.7,1051.7,3.37,399.0
2024,5,6,Sindh,221.8,756.2,2.95,226.0
2024,5,7,Punjab,281.9,1070.6,3.31,389.0
2024,5,7,Sindh,231.8,806.4,2.96,234.0
2024,5,8,Punjab,250.7,965.9,3.38,356.0
2024,5,8,Sindh,231.5,812.4,2.96,240.0
2024,5,9,Punjab,272.3,1071.9,3.4,394.0
2024,5,9,Sindh,230.6,779.7,2.95,241.0
2024,5,10,Punjab,266.2,1017.6,3.37,387.0
2024,5,10,Sindh,227.1,782.3,2.94,235.0
2024,5,11,Punjab,280.7,1087.0,3.33,374.0
2024,5,11,Sindh,226.5,782.5,2.96,245.0
2024,5,12,Punjab,275.3,1013.8,3.34,373.0
2024,5,12,Sindh,234.7,809.5,2.93,245.0
2024,5,13,Punjab,277.8,1095.8,3.37,397.0
2024,5,13,Sindh,229.6,806.6,2.91,238.0
2024,5,14,Punjab,261.1,1004.2,3.36,356.0
2024,5,14,Sindh,234.0,816.6,2.96,244.0
2024,5,15,Punjab,275.3,1045.1,3.41,377.0
2024,5,15,Sindh,228.0,789.8,2.97,234.0
2024,5,16,Punjab,286.7,1086.3,3.34,393.0
2024,5,16,Sindh,233.4,823.3,2.92,243.0
2024,5,17,Punjab,289.1,1076.6,3.3,387.0
2024,5,17,Sindh,239.0,862.5,2.96,279.0
2024,5,18,Punjab,283.7,1061.5,3.38,397.0
2024,5,18,Sindh,235.5,848.8,2.98,258.0
2024,5,19,Punjab,267.3,1053.9,3.34,372.0
2024,5,19,Sindh,230.5,778.0,2.94,240.0
2024,5,20,Punjab,288.1,1075.0,3.4,379.0
2024,5,20,Sindh,233.9,827.4,2.93,245.0
2024,5,21,Punjab,283.9,1058.5,3.37,369.0
2024,5,21,Sindh,231.5,807.4,2.95,251.0
2024,5,22,Punjab,277.2,1039.3,3.4,369.0
2024,5,22,Sindh,232.7,816.9,2.93,251.0
2024,5,23,Punjab,262.0,971.6,3.32,337.0
2024,5,23,Sindh,231.1,802.9,2.93,251.0
2024,5,24,Punjab,285.9,1086.6,3.37,378.0
2024,5,24,Sindh,231.9,813.5,2.95,254.0
2024,5,25,Punjab,273.5,1061.3,3.33,367.0
2024,5,25,Sindh,233.9,820.8,2.91,239.0
2024,5,26,Punjab,281.1,1056.0,3.31,363.0
2024,5,26,Sindh,227.9,788.8,2.92,233.0
2024,5,27,Punjab,278.9,1032.5,3.33,349.0
2024,5,27,Sindh,227.8,783.8,2.95,233.0
2024,5,28,Punjab,290.8,1110.7,3.34,386.0
2024,5,28,Sindh,225.9,784.1,2.95,233.0
2024,5,29,Punjab,277.5,1053.4,3.43,359.0
2024,5,29,Sindh,224.9,790.7,2.95,242.0
2024,5,30,Punjab,278.4,1078.1,3.34,375.0
2024,5,30,Sindh,226.9,803.0,2.98,241.0
2024,5,31,Punjab,291.2,1097.6,3.31,375.0
2024,5,31,Sindh,233.8,831.0,2.95,261.0
2024,6,1,Punjab,273.4,1033.7,3.38,348.0
2024,6,1,Sindh,228.6,792.5,2.96,250.0
2024,6,2,Punjab,285.2,1080.9,3.37,383.0
2024,6,2,Sindh,235.6,828.9,2.93,250.0
2024,6,3,Punjab,277.2,1055.0,3.35,356.0
2024,6,3,Sindh,233.3,830.8,2.96,261.0
2024,6,4,Punjab,270.8,1021.2,3.37,351.0
2024,6,4,Sindh,223.3,798.9,2.94,250.0
2024,6,5,Punjab,278.9,1048.6,3.42,347.0
2024,6,5,Sindh,236.4,826.6,2.95,248.0
2024,6,6,Punjab,284.5,1043.9,3.41,331.0
2024,6,6,Sindh,237.2,827.0,2.95,240.0
2024,6,7,Punjab,289.8,1090.0,3.4,361.0
2024,6,7,Sindh,228.2,801.7,2.97,243.0
2024,6,8,Punjab,290.8,1119.4,3.32,354.0
2024,6,8,Sindh,235.3,806.5,2.92,242.0
2024,6,9,Punjab,276.7,1068.6,3.52,357.0
2024,6,9,Sindh,229.0,798.6,2.9,244.0
2024,6,10,Punjab,271.2,1021.3,3.43,355.0
2024,6,10,Sindh,233.8,829.5,2.95,251.0
2024,6,11,Punjab,276.6,1077.2,3.4,350.0
2024,6,11,Sindh,227.0,804.2,2.96,245.0
2024,6,12,Punjab,269.8,1024.6,3.32,318.0
2024,6,12,Sindh,224.4,781.4,2.95,242.0
2024,6,13,Punjab,277.6,1028.0,3.43,356.0
2024,6,13,Sindh,231.5,813.5,2.98,241.0
2024,6,14,Punjab,276.6,1018.1,3.35,331.0
2024,6,14,Sindh,232.8,802.5,2.96,247.0
2024,6,15,Punjab,285.2,1108.2,3.37,367.0
2024,6,15,Sindh,231.5,820.8,2.94,247.0
2024,6,16,Punjab,261.8,987.4,3.3,331.0
2024,6,16,Sindh,227.6,795.4,2.9,243.0
2024,6,17,Punjab,273.6,1015.5,3.32,338.0
2024,6,17,Sindh,231.5,806.3,2.95,250.0
2024,6,18,Punjab,273.8,995.1,3.4,334.0
2024,6,18,Sindh,234.9,816.8,2.97,243.0
2024,6,19,Punjab,289.1,1090.7,3.43,368.0
2024,6,19,Sindh,233.4,815.9,2.94,247.0
2024,6,20,Punjab,270.8,1037.0,3.42,322.0
2024,6,20,Sindh,234.6,814.2,2.95,247.0
2024,6,21,Punjab,281.5,1055.9,3.42,332.0
2024,6,21,Sindh,230.3,816.0,2.96,246.0
2024,6,22,Punjab,278.7,1038.2,3.38,351.0
2024,6,22,Sindh,239.6,832.5,2.93,257.0
2024,6,23,Punjab,288.2,1084.1,3.36,346.0
2024,6,23,Sindh,227.9,821.4,2.97,246.0
2024,6,24,Punjab,284.6,1106.5,3.4,355.0
2024,6,24,Sindh,236.2,848.7,2.99,254.0
2024,6,25,Punjab,280.9,1039.6,3.43,326.0
2024,6,25,Sindh,239.7,825.6,2.95,247.0
2024,6,26,Punjab,275.5,1034.2,3.39,332.0
2024,6,26,Sindh,236.2,827.9,2.93,257.0
2024,6,27,Punjab,265.2,1032.0,3.45,332.0
2024,6,27,Sindh,232.9,805.2,2.95,243.0
2024,6,28,Punjab,282.1,1081.7,3.38,342.0
2024,6,28,Sindh,231.3,804.5,2.91,248.0
2024,6,29,Punjab,284.4,1084.3,3.34,341.0
2024,6,29,Sindh,239.1,866.9,2.96,271.0
2024,6,30,Punjab,267.6,1003.9,3.39,327.0
2024,6,30,Sindh,226.9,789.4,2.96,242.0
2024,7,1,Punjab,270.4,1028.1,3.4,324.0
2024,7,1,Sindh,229.1,807.4,2.99,252.0
2024,7,2,Punjab,282.3,1062.1,3.39,338.0
2024,7,2,Sindh,232.0,820.3,2.95,258.0
2024,7,3,Punjab,283.1,1058.5,3.46,321.0
2024,7,3,Sindh,240.3,825.9,2.96,256.0
2024,7,4,Punjab,272.5,1013.8,3.43,346.0
2024,7,4,Sindh,236.0,813.2,2.94,248.0
2024,7,5,Punjab,275.9,1064.0,3.32,352.0
2024,7,5,Sindh,229.3,784.4,2.95,244.0
2024,7,6,Punjab,265.8,1008.9,3.47,321.0
2024,7,6,Sindh,232.6,800.9,2.93,238.0
2024,7,7,Punjab,291.6,1114.3,3.26,350.0
2024,7,7,Sindh,231.1,766.2,2.95,232.0
2024,7,8,Punjab,270.2,1029.9,3.5,333.0
2024,7,8,Sindh,230.7,815.6,2.95,245.0
2024,7,9,Punjab,285.0,1091.9,3.38,353.0
2024,7,9,Sindh,239.2,867.9,2.96,273.0
2024,7,10,Punjab,280.4,1060.6,3.39,329.0
2024,7,10,Sindh,227.4,798.2,2.94,240.0
2024,7,11,Punjab,291.1,1096.5,3.39,329.0
2024,7,11,Sindh,242.4,827.1,2.96,247.0
2024,7,12,Punjab,274.5,1026.8,3.42,325.0
2024,7,12,Sindh,238.5,825.1,2.95,245.0
2024,7,13,Punjab,281.4,1041.0,3.4,320.0
2024,7,13,Sindh,239.8,832.6,2.95,255.0
2024,7,14,Punjab,267.4,993.5,3.39,320.0
2024,7,14,Sindh,232.1,797.1,2.96,244.0
2024,7,15,Punjab,265.5,1001.5,3.46,324.0
2024,7,15,Sindh,233.7,830.9,2.96,257.0
2024,7,16,Punjab,285.8,1054.1,3.43,331.0
2024,7,16,Sindh,227.3,807.8,2.97,249.0
2024,7,17,Punjab,266.8,986.3,3.35,310.0
2024,7,17,Sindh,231.9,794.3,2.96,236.0
2024,7,18,Punjab,279.3,1082.3,3.44,368.0
2024,7,18,Sindh,237.0,840.5,2.95,250.0
2024,7,19,Punjab,289.3,1103.8,3.43,366.0
2024,7,19,Sindh,241.1,866.6,2.96,267.0
2024,7,20,Punjab,287.2,1082.5,3.37,346.0
2024,7,20,Sindh,229.1,830.3,2.95,250.0
2024,7,21,Punjab,276.0,1094.2,3.44,378.0
2024,7,21,Sindh,232.8,857.9,2.95,264.0
2024,7,22,Punjab,268.7,987.9,3.39,306.0
2024,7,22,Sindh,233.9,805.2,3.0,244.0
2024,7,23,Punjab,285.5,1104.4,3.39,351.0
2024,7,23,Sindh,227.7,839.5,2.94,248.0
2024,7,24,Punjab,292.2,1108.2,3.39,359.0
2024,7,24,Sindh,237.7,826.7,2.96,248.0
2024,7,25,Punjab,276.2,1065.4,3.28,329.0
2024,7,25,Sindh,231.2,800.2,2.95,238.0
2024,7,26,Punjab,275.2,1047.8,3.38,358.0
2024,7,26,Sindh,233.8,823.4,2.96,246.0
2024,7,27,Punjab,277.4,1016.8,3.44,332.0
2024,7,27,Sindh,232.6,805.3,2.95,245.0
2024,7,28,Punjab,286.3,1089.7,3.41,348.0
2024,7,28,Sindh,230.9,814.3,2.97,249.0
2024,7,29,Punjab,291.6,1114.7,3.34,368.0
2024,7,29,Sindh,234.9,802.3,2.93,235.0
2024,7,30,Punjab,271.9,989.3,3.46,323.0
2024,7,30,Sindh,233.9,815.0,2.98,246.0
2024,7,31,Punjab,269.9,1064.3,3.39,345.0
2024,7,31,Sindh,233.1,835.2,2.98,248.0
2024,8,1,Punjab,300.6,1148.6,3.35,365.0
2024,8,1,Sindh,231.4,808.9,2.94,241.0
2024,8,2,Punjab,280.5,1079.5,3.52,341.0
2024,8,2,Sindh,236.6,830.4,2.92,250.0
2024,8,3,Punjab,284.0,1056.0,3.36,367.0
2024,8,3,Sindh,243.3,858.8,2.94,254.0
2024,8,4,Punjab,276.5,1064.6,3.45,337.0
2024,8,4,Sindh,235.8,842.9,2.96,260.0
2024,8,5,Punjab,286.0,1108.7,3.37,382.0
2024,8,5,Sindh,240.1,815.6,3.02,252.0
2024,8,6,Punjab,289.8,1106.5,3.42,357.0
2024,8,6,Sindh,228.2,807.6,2.97,250.0
2024,8,7,Punjab,284.6,1081.4,3.37,365.0
2024,8,7,Sindh,236.0,822.0,2.93,244.0
2024,8,8,Punjab,296.2,1107.7,3.35,371.0
2024,8,8,Sindh,229.8,806.6,2.95,238.0
2024,8,9,Punjab,279.7,1058.6,3.44,358.0
2024,8,9,Sindh,227.9,813.5,2.96,245.0
2024,8,10,Punjab,280.3,1054.8,3.43,358.0
2024,8,10,Sindh,231.6,792.7,2.97,238.0
2024,8,11,Punjab,284.3,1091.7,3.47,348.0
2024,8,11,Sindh,241.3,829.4,2.94,245.0
2024,8,12,Punjab,286.2,1070.6,3.41,350.0
2024,8,12,Sindh,240.1,811.4,2.96,238.0
2024,8,13,Punjab,284.4,1091.9,3.53,353.0
2024,8,13,Sindh,236.6,819.9,2.95,245.0
2024,8,14,Punjab,272.3,1018.0,3.43,342.0
2024,8,14,Sindh,227.8,817.2,2.94,242.0
2024,8,15,Punjab,285.1,1078.3,3.45,349.0
2024,8,15,Sindh,234.5,818.9,2.97,248.0
2024,8,16,Punjab,279.7,1075.2,3.35,341.0
2024,8,16,Sindh,237.0,809.4,2.98,246.0
2024,8,17,Punjab,278.1,1042.7,3.39,348.0
2024,8,17,Sindh,236.4,820.2,2.98,250.0
2024,8,18,Punjab,283.1,1088.7,3.44,346.0
2024,8,18,Sindh,226.4,769.9,2.98,226.0
2024,8,19,Punjab,275.2,1056.7,3.42,360.0
2024,8,19,Sindh,231.2,792.2,2.96,239.0
2024,8,20,Punjab,273.8,1035.1,3.43,338.0
2024,8,20,Sindh,235.3,829.4,2.98,243.0
2024,8,21,Punjab,262.0,1019.0,3.38,337.0
2024,8,21,Sindh,238.4,816.6,2.97,237.0
2024,8,22,Punjab,297.0,1130.1,3.43,363.0
2024,8,22,Sindh,224.7,803.2,2.97,237.0
2024,8,23,Punjab,287.5,1114.6,3.43,398.0
2024,8,23,Sindh,234.9,821.2,2.96,249.0
2024,8,24,Punjab,282.2,1108.2,3.36,364.0
2024,8,24,Sindh,236.5,829.0,2.96,244.0
2024,8,25,Punjab,277.8,1051.0,3.46,358.0
2024,8,25,Sindh,240.0,836.0,2.97,255.0
2024,8,26,Punjab,260.2,1001.7,3.34,325.0
2024,8,26,Sindh,239.3,849.1,3.02,253.0
2024,8,27,Punjab,277.5,1041.6,3.43,351.0
2024,8,27,Sindh,238.8,847.5,2.98,248.0
2024,8,28,Punjab,289.1,1077.8,3.51,392.0
2024,8,28,Sindh,231.9,816.7,2.96,247.0
2024,8,29,Punjab,290.9,1101.6,3.46,386.0
2024,8,29,Sindh,226.4,800.8,2.95,240.0
2024,8,30,Punjab,288.6,1069.4,3.46,366.0
2024,8,30,Sindh,234.0,815.8,2.96,236.0
2024,8,31,Punjab,284.8,1063.3,3.38,370.0
2024,8,31,Sindh,241.0,851.7,3.01,259.0
2024,9,1,Punjab,294.0,1129.0,3.52,391.0
2024,9,1,Sindh,243.0,845.4,2.96,249.0
2024,9,2,Punjab,281.0,1057.4,3.5,371.0
2024,9,2,Sindh,239.6,838.7,2.99,246.0
2024,9,3,Punjab,292.3,1125.1,3.39,403.0
2024,9,3,Sindh,238.2,829.7,2.96,239.0
2024,9,4,Punjab,280.6,1072.4,3.41,375.0
2024,9,4,Sindh,238.0,826.2,2.98,248.0
2024,9,5,Punjab,276.7,1088.5,3.49,389.0
2024,9,5,Sindh,233.4,806.5,2.99,240.0
2024,9,6,Punjab,275.8,1058.4,3.52,380.0
2024,9,6,Sindh,235.5,831.4,2.96,246.0
2024,9,7,Punjab,275.4,1068.6,3.37,377.0
2024,9,7,Sindh,244.6,875.7,2.96,251.0
2024,9,8,Punjab,289.2,1107.0,3.38,387.0
2024,9,8,Sindh,231.5,828.0,3.01,246.0
2024,9,9,Punjab,278.0,1062.8,3.42,376.0
2024,9,9,Sindh,244.4,836.4,2.99,249.0
2024,9,10,Punjab,275.8,1071.2,3.32,391.0
2024,9,10,Sindh,234.7,840.8,2.99,242.0
2024,9,11,Punjab,289.8,1114.6,3.43,409.0
2024,9,11,Sindh,243.0,845.7,2.99,239.0
2024,9,12,Punjab,286.8,1093.9,3.49,385.0
2024,9,12,Sindh,229.4,811.8,2.98,240.0
2024,9,13,Punjab,291.9,1113.3,3.36,400.0
2024,9,13,Sindh,239.4,824.1,3.01,232.0
2024,9,14,Punjab,288.3,1106.5,3.44,395.0
2024,9,14,Sindh,232.8,816.8,2.97,238.0
2024,9,15,Punjab,278.3,1044.0,3.41,389.0
2024,9,15,Sindh,229.4,807.6,2.99,233.0
2024,9,16,Punjab,285.0,1068.6,3.52,388.0
2024,9,16,Sindh,237.6,809.4,2.94,241.0
2024,9,17,Punjab,285.4,1113.0,3.41,430.0
2024,9,17,Sindh,241.6,854.7,2.96,244.0
2024,9,18,Punjab,277.1,1090.3,3.51,405.0
2024,9,18,Sindh,232.4,833.5,2.95,246.0
2024,9,19,Punjab,275.7,1029.0,3.41,393.0
2024,9,19,Sindh,229.1,799.3,3.0,230.0
2024,9,20,Punjab,279.1,1047.3,3.48,380.0
2024,9,20,Sindh,236.2,847.1,2.92,248.0
2024,9,21,Punjab,300.9,1166.3,3.45,433.0
2024,9,21,Sindh,236.2,824.0,2.97,248.0
2024,9,22,Punjab,281.4,1079.9,3.43,409.0
2024,9,22,Sindh,239.5,850.9,2.92,238.0
2024,9,23,Punjab,294.6,1132.9,3.4,412.0
2024,9,23,Sindh,241.5,812.0,2.96,236.0
2024,9,24,Punjab,281.0,1085.8,3.46,408.0
2024,9,24,Sindh,236.5,864.0,2.97,261.0
2024,9,25,Punjab,291.9,1104.5,3.42,426.0
2024,9,25,Sindh,246.1,883.8,3.0,252.0
2024,9,26,Punjab,292.1,1116.6,3.41,418.0
2024,9,26,Sindh,238.0,828.6,2.98,238.0
2024,9,27,Punjab,292.6,1116.7,3.52,415.0
2024,9,27,Sindh,235.1,793.4,2.96,232.0
2024,9,28,Punjab,288.1,1077.6,3.47,429.0
2024,9,28,Sindh,228.9,805.3,3.0,232.0
2024,9,29,Punjab,296.1,1131.3,3.48,419.0
2024,9,29,Sindh,235.6,803.1,2.98,222.0
2024,9,30,Punjab,288.1,1119.6,3.43,429.0
2024,9,30,Sindh,235.3,830.2,2.98,243.0
2024,10,1,Punjab,298.9,1129.0,3.44,425.0
2024,10,1,Sindh,241.8,852.5,2.95,232.0
2024,10,2,Punjab,272.2,1037.6,3.43,392.0
2024,10,2,Sindh,239.4,823.6,2.96,233.0
2024,10,3,Punjab,288.0,1098.7,3.46,432.0
2024,10,3,Sindh,231.2,826.0,2.96,241.0
2024,10,4,Punjab,287.6,1087.1,3.48,420.0
2024,10,4,Sindh,238.0,845.0,2.98,238.0
2024,10,5,Punjab,277.9,1069.4,3.45,421.0
2024,10,5,Sindh,240.5,856.4,2.98,239.0
2024,10,6,Punjab,290.0,1088.6,3.41,402.0
2024,10,6,Sindh,244.8,857.0,3.01,247.0
2024,10,7,Punjab,273.5,1066.1,3.49,424.0
2024,10,7,Sindh,241.6,824.5,2.99,230.0
2024,10,8,Punjab,280.3,1077.6,3.45,417.0
2024,10,8,Sindh,241.0,858.3,2.93,235.0
2024,10,9,Punjab,269.6,1005.7,3.38,381.0
2024,10,9,Sindh,237.6,827.5,2.98,235.0
2024,10,10,Punjab,298.1,1166.7,3.34,475.0
2024,10,10,Sindh,239.2,816.5,2.95,230.0
2024,10,11,Punjab,283.8,1081.9,3.47,436.0
2024,10,11,Sindh,243.6,872.8,2.96,238.0
2024,10,12,Punjab,303.1,1137.2,3.41,452.0
2024,10,12,Sindh,230.7,839.0,2.96,239.0
2024,10,13,Punjab,292.2,1132.5,3.47,463.0
2024,10,13,Sindh,235.7,824.2,2.97,234.0
2024,10,14,Punjab,289.4,1109.7,3.41,446.0
2024,10,14,Sindh,233.6,849.9,2.95,236.0
2024,10,15,Punjab,281.2,1033.1,3.46,410.0
2024,10,15,Sindh,239.4,839.2,2.99,234.0
2024,10,16,Punjab,277.6,1044.3,3.44,422.0
2024,10,16,Sindh,243.7,847.1,2.95,239.0
2024,10,17,Punjab,290.2,1108.3,3.54,442.0
2024,10,17,Sindh,234.6,811.5,2.99,234.0
2024,10,18,Punjab,285.5,1041.6,3.5,421.0
2024,10,18,Sindh,225.6,814.2,3.03,228.0
2024,10,19,Punjab,275.4,1048.2,3.52,418.0
2024,10,19,Sindh,235.5,812.7,2.96,231.0
2024,10,20,Punjab,274.0,1044.5,3.46,419.0
2024,10,20,Sindh,242.2,858.7,2.98,242.0
2024,10,21,Punjab,278.5,1034.8,3.5,437.0
2024,10,21,Sindh,240.4,832.9,2.93,236.0
2024,10,22,Punjab,300.8,1148.6,3.46,472.0
2024,10,22,Sindh,239.8,832.5,2.98,232.0
2024,10,23,Punjab,304.0,1155.4,3.53,468.0
2024,10,23,Sindh,236.3,842.6,3.0,230.0
2024,10,24,Punjab,288.0,1070.6,3.46,433.0
2024,10,24,Sindh,231.4,804.1,3.0,222.0
2024,10,25,Punjab,287.6,1111.3,3.39,454.0
2024,10,25,Sindh,240.4,835.2,2.99,234.0
2024,10,26,Punjab,283.8,1095.2,3.36,437.0
2024,10,26,Sindh,233.7,834.8,3.0,241.0
2024,10,27,Punjab,279.1,1054.6,3.54,445.0
2024,10,27,Sindh,248.8,894.7,3.03,245.0
2024,10,28,Punjab,297.6,1126.9,3.49,479.0
2024,10,28,Sindh,240.8,852.3,3.02,240.0
2024,10,29,Punjab,301.6,1160.7,3.49,506.0
2024,10,29,Sindh,235.0,812.8,2.97,224.0
2024,10,30,Punjab,279.5,1058.3,3.54,438.0
2024,10,30,Sindh,234.9,814.5,2.96,226.0
2024,10,31,Punjab,286.1,1048.5,3.38,453.0
2024,10,31,Sindh,237.5,832.6,2.98,238.0
2024,11,1,Punjab,283.2,1085.9,3.45,452.0
2024,11,1,Sindh,236.8,833.7,2.97,234.0
2024,11,2,Punjab,283.5,1061.0,3.45,441.0
2024,11,2,Sindh,243.6,837.9,2.99,225.0
2024,11,3,Punjab,296.4,1118.5,3.5,463.0
2024,11,3,Sindh,239.0,847.4,2.96,230.0
2024,11,4,Punjab,276.5,1079.7,3.43,462.0
2024,11,4,Sindh,234.5,821.9,2.98,233.0
2024,11,5,Punjab,290.7,1102.1,3.41,460.0
2024,11,5,Sindh,247.6,840.9,3.0,232.0
2024,11,6,Punjab,292.9,1113.0,3.41,469.0
2024,11,6,Sindh,238.4,820.6,2.98,220.0
2024,11,7,Punjab,286.0,1096.9,3.52,468.0
2024,11,7,Sindh,242.1,839.7,2.97,226.0
2024,11,8,Punjab,294.3,1128.5,3.43,476.0
2024,11,8,Sindh,235.2,822.2,3.01,230.0
2024,11,9,Punjab,288.4,1077.6,3.44,458.0
2024,11,9,Sindh,240.1,868.7,2.95,242.0
2024,11,10,Punjab,297.0,1127.5,3.5,462.0
2024,11,10,Sindh,239.9,843.2,2.98,231.0
2024,11,11,Punjab,275.2,1046.3,3.43,459.0
2024,11,11,Sindh,228.9,788.6,2.99,229.0
2024,11,12,Punjab,284.6,1086.9,3.39,473.0
2024,11,12,Sindh,248.5,872.9,2.99,242.0
2024,11,13,Punjab,286.9,1095.9,3.39,469.0
2024,11,13,Sindh,244.9,851.8,2.99,231.0
2024,11,14,Punjab,266.1,1063.0,3.47,471.0
2024,11,14,Sindh,236.5,832.5,3.0,223.0
2024,11,15,Punjab,278.9,1036.1,3.5,474.0
2024,11,15,Sindh,233.0,824.1,2.99,220.0
2024,11,16,Punjab,281.1,1087.7,3.46,479.0
2024,11,16,Sindh,240.3,859.0,2.98,235.0
2024,11,17,Punjab,295.2,1145.6,3.5,514.0
2024,11,17,Sindh,239.0,836.1,2.98,225.0
2024,11,18,Punjab,282.1,1081.6,3.39,500.0
2024,11,18,Sindh,240.4,865.9,2.98,243.0
2024,11,19,Punjab,281.2,1055.6,3.4,495.0
2024,11,19,Sindh,239.6,852.1,3.01,239.0
2024,11,20,Punjab,294.4,1151.8,3.59,495.0
2024,11,20,Sindh,241.2,833.5,2.98,230.0
2024,11,21,Punjab,274.9,1000.9,3.54,443.0
2024,11,21,Sindh,245.9,893.9,3.01,236.0
2024,11,22,Punjab,271.3,1017.5,3.51,457.0
2024,11,22,Sindh,241.6,850.4,2.99,227.0
2024,11,23,Punjab,285.1,1106.7,3.44,494.0
2024,11,23,Sindh,233.5,804.7,2.98,225.0
2024,11,24,Punjab,276.4,1043.1,3.47,487.0
2024,11,24,Sindh,245.6,884.4,3.0,236.0
2024,11,25,Punjab,276.8,1083.8,3.48,493.0
2024,11,25,Sindh,247.0,895.7,2.98,247.0
2024,11,26,Punjab,292.7,1082.1,3.54,476.0
2024,11,26,Sindh,254.6,890.6,3.0,242.0
2024,11,27,Punjab,295.2,1099.5,3.5,489.0
2024,11,27,Sindh,233.3,808.9,3.0,220.0
2024,11,28,Punjab,294.5,1108.7,3.51,499.0
2024,11,28,Sindh,240.1,837.9,2.98,223.0
2024,11,29,Punjab,297.2,1137.6,3.47,495.0
2024,11,29,Sindh,228.5,810.6,3.0,219.0
2024,11,30,Punjab,298.3,1129.0,3.52,508.0
2024,11,30,Sindh,241.7,865.3,3.0,234.0
2024,12,1,Punjab,271.4,1021.4,3.5,459.0
2024,12,1,Sindh,236.3,835.5,3.02,231.0
2024,12,2,Punjab,292.1,1138.2,3.48,496.0
2024,12,2,Sindh,248.7,871.9,3.01,230.0
2024,12,3,Punjab,284.3,1110.5,3.45,494.0
2024,12,3,Sindh,235.2,845.7,3.0,227.0
2024,12,4,Punjab,282.6,1065.5,3.48,493.0
2024,12,4,Sindh,230.7,802.6,2.97,217.0
2024,12,5,Punjab,293.1,1079.6,3.43,498.0
2024,12,5,Sindh,236.8,844.2,3.04,231.0
2024,12,6,Punjab,274.8,1001.2,3.48,469.0
2024,12,6,Sindh,229.3,798.2,2.97,211.0
2024,12,7,Punjab,274.7,1048.7,3.49,495.0
2024,12,7,Sindh,243.0,856.9,3.01,224.0
2024,12,8,Punjab,293.8,1129.7,3.37,522.0
2024,12,8,Sindh,228.9,799.5,3.0,219.0
2024,12,9,Punjab,292.7,1113.6,3.48,512.0
2024,12,9,Sindh,239.4,837.1,2.97,217.0
2024,12,10,Punjab,290.0,1100.5,3.43,506.0
2024,12,10,Sindh,228.9,795.6,2.99,221.0
2024,12,11,Punjab,281.9,1055.1,3.51,492.0
2024,12,11,Sindh,237.7,852.3,2.99,228.0
2024,12,12,Punjab,294.9,1133.9,3.52,518.0
2024,12,12,Sindh,247.6,855.6,3.02,222.0
2024,12,13,Punjab,294.5,1152.6,3.47,504.0
2024,12,13,Sindh,241.2,833.1,2.98,221.0
2024,12,14,Punjab,289.8,1056.8,3.52,505.0
2024,12,14,Sindh,235.1,854.7,2.99,231.0
2024,12,15,Punjab,279.7,1061.4,3.52,500.0
2024,12,15,Sindh,239.3,852.3,2.95,225.0
2024,12,16,Punjab,285.8,1066.6,3.48,486.0
2024,12,16,Sindh,239.6,802.8,3.03,216.0
2024,12,17,Punjab,296.0,1094.8,3.57,524.0
2024,12,17,Sindh,241.9,838.2,2.98,228.0
2024,12,18,Punjab,299.9,1117.1,3.46,510.0
2024,12,18,Sindh,232.7,787.4,3.0,211.0
2024,12,19,Punjab,286.7,1097.2,3.57,510.0
2024,12,19,Sindh,242.6,834.7,3.0,219.0
2024,12,20,Punjab,287.4,1100.3,3.48,522.0
2024,12,20,Sindh,226.1,744.3,3.0,200.0
2024,12,21,Punjab,288.2,1124.3,3.45,522.0
2024,12,21,Sindh,236.5,825.8,3.01,229.0
2024,12,22,Punjab,291.7,1108.7,3.48,529.0
2024,12,22,Sindh,237.3,813.3,3.03,227.0
2024,12,23,Punjab,284.9,1047.5,3.44,491.0
2024,12,23,Sindh,242.9,851.1,3.0,218.0
2024,12,24,Punjab,266.5,1007.8,3.54,499.0
2024,12,24,Sindh,239.9,815.2,3.01,224.0
2024,12,25,Punjab,299.2,1109.3,3.42,508.0
2024,12,25,Sindh,232.8,816.0,3.01,220.0
2024,12,26,Punjab,304.1,1131.4,3.57,540.0
2024,12,26,Sindh,234.9,816.0,3.02,224.0
2024,12,27,Punjab,284.9,1094.2,3.45,490.0
2024,12,27,Sindh,240.9,865.5,2.99,229.0
2024,12,28,Punjab,281.3,1072.8,3.54,495.0
2024,12,28,Sindh,239.5,859.4,3.02,221.0
2024,12,29,Punjab,288.8,1109.2,3.5,522.0
2024,12,29,Sindh,237.0,841.4,3.02,228.0
2024,12,30,Punjab,288.4,1088.9,3.51,508.0
2024,12,30,Sindh,237.6,826.6,3.02,217.0
2024,12,31,Punjab,298.0,1148.1,3.47,532.0
2024,12,31,Sindh,243.5,882.0,2.99,228.0
